Mono path[0] = 'E:/Games/AdventureGames/Hollow Knight/hollow_knight_Data/Managed'
Mono config path = 'E:/Games/AdventureGames/Hollow Knight/MonoBleedingEdge/etc'
Initialize engine version: 2020.2.2f1 (068178b99f32)
[Subsystems] Discovering subsystems at path E:/Games/AdventureGames/Hollow Knight/hollow_knight_Data/UnitySubsystems
GfxDevice: creating device client; threaded=1
Direct3D:
    Version:  Direct3D 11.0 [level 11.0]
    Renderer: NVIDIA GeForce GTX 750 Ti (ID=0x1380)
    Vendor:   
    VRAM:     1999 MB
    Driver:   32.0.15.7680
Begin MonoManager ReloadAssembly
- Completed reload, in  1.729 seconds
OnLevelWasLoaded was found on GameMap
This message has been deprecated and will be removed in a later version of Unity.
Add a delegate to SceneManager.sceneLoaded instead to get notifications after scene loading has completed

OnLevelWasLoaded was found on PlayMakerUnity2d
This message has been deprecated and will be removed in a later version of Unity.
Add a delegate to SceneManager.sceneLoaded instead to get notifications after scene loading has completed

D3D11 device created for Microsoft Media Foundation video decoding.
<RI> Initializing input.
<RI> Input initialized.
<RI> Initialized touch support.
The class named 'ConfigManager' is abstract. The script class can't be abstract!

UnloadTime: 113.695300 ms
Graphics tier changed to High

Steam initializing

Steam logged in as Player

Selected online subsystem SteamOnlineSubsystem

Discovered supported languages: DE, EN, ES, FR, IT, JA, KO, PT, RU, ZH

Unloading 5 Unused Serialized files (Serialized files now loaded: 0)
Loaded saved language code 'EN'

Restored language code 'EN'


Unloading 362 unused Assets to reduce memory usage. Loaded Objects now: 3824.
Total: 27.791600 ms (FindLiveObjects: 0.257600 ms CreateObjectMapping: 0.156200 ms MarkObjects: 27.169900 ms  DeleteObjects: 0.207100 ms)

Unloading 5 Unused Serialized files (Serialized files now loaded: 0)
Steam stats received.

Direct3D: detected that using refresh rate causes time drift. Will stop trusting refresh rate until the game window is moved.
Direct3D: detected that vsync is broken (it does not limit frame rate properly). Delta time will now be calculated using cpu-side time stampling until the game window is moved.
Didn't need to wait for PlayerPrefs load.

UnloadTime: 31.336800 ms
DontDestroyOnLoad only works for root GameObjects or components on root GameObjects.

Performing automatic level start.

Failed to retrieve achievement state for ENDING_C

Failed to retrieve achievement state for STEELSOUL

Game controller set to None.

Failed to retrieve achievement state for DREAM_SOUL_MASTER_DEFEAT

Failed to retrieve achievement state for ZOTE

Failed to retrieve achievement state for NAILSMITH_KILL

Failed to retrieve achievement state for NAILSMITH_SPARE

Failed to retrieve achievement state for QUIRREL_EPILOGUE

Failed to retrieve achievement state for MOURNER

Failed to retrieve achievement state for STAG_STATION_ALL

Failed to retrieve achievement state for ENDING_A

Failed to retrieve achievement state for ENDING_C

Failed to retrieve achievement state for VOID

Failed to retrieve achievement state for SPEEDRUN_1

Failed to retrieve achievement state for SPEEDRUN_2

Failed to retrieve achievement state for SPEED_COMPLETION

Failed to retrieve achievement state for STEELSOUL

Failed to retrieve achievement state for STEELSOUL_COMPLETION

Failed to retrieve achievement state for HUNTER_1

Failed to retrieve achievement state for HUNTER_2

Failed to retrieve achievement state for MR_MUSHROOM

Failed to retrieve achievement state for GREY_PRINCE

Failed to retrieve achievement state for BANISHMENT

Failed to retrieve achievement state for PANTHEON3

Failed to retrieve achievement state for ENDINGD

pd.maxHealth: 11 pd.maxHealthBase: 9

pd.maxHealth: 8 pd.maxHealthBase: 8

pd.maxHealth: 7 pd.maxHealthBase: 7

pd.maxHealth: 9 pd.maxHealthBase: 7


Unloading 30 unused Assets to reduce memory usage. Loaded Objects now: 46212.
Total: 138.312900 ms (FindLiveObjects: 2.661100 ms CreateObjectMapping: 1.637200 ms MarkObjects: 133.882900 ms  DeleteObjects: 0.131000 ms)

Making UI menu lean.

AddEventHandlerComponent: PlayMakerFixedUpdate

AddEventHandlerComponent: PlayMakerFixedUpdate

AddEventHandlerComponent: PlayMakerFixedUpdate

AddEventHandlerComponent: PlayMakerFixedUpdate

AddEventHandlerComponent: PlayMakerFixedUpdate

AddEventHandlerComponent: PlayMakerFixedUpdate

AddEventHandlerComponent: PlayMakerFixedUpdate

AddEventHandlerComponent: PlayMakerFixedUpdate

AddEventHandlerComponent: PlayMakerFixedUpdate

AddEventHandlerComponent: PlayMakerFixedUpdate

AddEventHandlerComponent: PlayMakerFixedUpdate

Deferring level start (marked as manual).

Unloading 21 Unused Serialized files (Serialized files now loaded: 0)

Unloading 208 unused Assets to reduce memory usage. Loaded Objects now: 50631.
Total: 162.429400 ms (FindLiveObjects: 2.889100 ms CreateObjectMapping: 1.926600 ms MarkObjects: 156.388900 ms  DeleteObjects: 1.224200 ms)

PlayOneShot was called with a null AudioClip.

Object Pool attached to GlobalPool has run out of Slash Impact R prefabs, Instantiating an additional one.

Object Pool attached to GlobalPool has run out of Slash Impact R prefabs, Instantiating an additional one.

Object Pool attached to GlobalPool has run out of Slash Impact R prefabs, Instantiating an additional one.

Object Pool attached to GlobalPool has run out of Slash Impact R prefabs, Instantiating an additional one.

AddEventHandlerComponent: PlayMakerFixedUpdate

AddEventHandlerComponent: PlayMakerFixedUpdate

AddEventHandlerComponent: PlayMakerFixedUpdate

AddEventHandlerComponent: PlayMakerFixedUpdate

AddEventHandlerComponent: PlayMakerFixedUpdate

AddEventHandlerComponent: PlayMakerFixedUpdate

AddEventHandlerComponent: PlayMakerFixedUpdate

AddEventHandlerComponent: PlayMakerFixedUpdate

AddEventHandlerComponent: PlayMakerFixedUpdate

AddEventHandlerComponent: PlayMakerFixedUpdate

AddEventHandlerComponent: PlayMakerFixedUpdate

AddEventHandlerComponent: PlayMakerFixedUpdate

AddEventHandlerComponent: PlayMakerFixedUpdate

AddEventHandlerComponent: PlayMakerFixedUpdate

Deferring level start (marked as manual).

AddEventHandlerComponent: PlayMakerFixedUpdate

Object Pool attached to GlobalPool has run out of Strike Nail R prefabs, Instantiating an additional one.

Object Pool attached to GlobalPool has run out of Strike Nail R prefabs, Instantiating an additional one.

PlayOneShot was called with a null AudioClip.

Object Pool attached to GlobalPool has run out of Plat Dust prefabs, Instantiating an additional one.

Object Pool attached to GlobalPool has run out of Plat Rocks prefabs, Instantiating an additional one.

Object Pool attached to GlobalPool has run out of Plat Rocks prefabs, Instantiating an additional one.

Object Pool attached to GlobalPool has run out of Plat Rocks prefabs, Instantiating an additional one.

Object Pool attached to GlobalPool has run out of Plat Stream Dust prefabs, Instantiating an additional one.

PlayOneShot was called with a null AudioClip.

PlayOneShot was called with a null AudioClip.

PlayOneShot was called with a null AudioClip.

AddEventHandlerComponent: PlayMakerFixedUpdate

AddEventHandlerComponent: PlayMakerFixedUpdate

Deferring level start (marked as manual).

AddEventHandlerComponent: PlayMakerFixedUpdate

AddEventHandlerComponent: PlayMakerFixedUpdate

AddEventHandlerComponent: PlayMakerFixedUpdate

Deferring level start (marked as manual).

Object Pool attached to GlobalPool has run out of White Flash R prefabs, Instantiating an additional one.

Object Pool attached to GlobalPool has run out of Run Effects prefabs, Instantiating an additional one.

Object Pool attached to GlobalPool has run out of Run Effects prefabs, Instantiating an additional one.

Object Pool attached to GlobalPool has run out of Run Effects prefabs, Instantiating an additional one.

Object Pool attached to GlobalPool has run out of Run Effects prefabs, Instantiating an additional one.

AddEventHandlerComponent: PlayMakerFixedUpdate

AddEventHandlerComponent: PlayMakerFixedUpdate

AddEventHandlerComponent: PlayMakerFixedUpdate

Deferring level start (marked as manual).

AddEventHandlerComponent: PlayMakerFixedUpdate

AddEventHandlerComponent: PlayMakerFixedUpdate

AddEventHandlerComponent: PlayMakerFixedUpdate

Deferring level start (marked as manual).

AddEventHandlerComponent: PlayMakerFixedUpdate

AddEventHandlerComponent: PlayMakerFixedUpdate

Deferring level start (marked as manual).

Object Pool attached to GlobalPool has run out of Slash Impact R prefabs, Instantiating an additional one.

No area with identifier "PALACE_GROUNDS" found in area list. Creating default SubArea.

AddEventHandlerComponent: PlayMakerFixedUpdate

AddEventHandlerComponent: PlayMakerFixedUpdate

AddEventHandlerComponent: PlayMakerFixedUpdate

AddEventHandlerComponent: PlayMakerFixedUpdate

Deferring level start (marked as manual).

No area with identifier "HIDDEN_STATION" found in area list. Creating default SubArea.

PlayOneShot was called with a null AudioClip.

PlayOneShot was called with a null AudioClip.

Could not find FSM: Enough Geo

LoadLevel: Cinematic_Stag_travel

Unloading 55 Unused Serialized files (Serialized files now loaded: 0)
UnloadTime: 2.597500 ms
Performing automatic level start.


Unloading 2520 unused Assets to reduce memory usage. Loaded Objects now: 55715.
Total: 206.932600 ms (FindLiveObjects: 3.403300 ms CreateObjectMapping: 2.383600 ms MarkObjects: 196.392300 ms  DeleteObjects: 4.752700 ms)

Setting skip mode: SKIP_INSTANT

Started cinematic 'StagTunnelRun'

Started cinematic 'StagTunnelRun'

Stopped cinematic 'StagTunnelRun'

AddEventHandlerComponent: PlayMakerFixedUpdate

AddEventHandlerComponent: PlayMakerFixedUpdate

AddEventHandlerComponent: PlayMakerFixedUpdate

AddEventHandlerComponent: PlayMakerFixedUpdate

Deferring level start (marked as manual).

PlayOneShot was called with a null AudioClip.

AddEventHandlerComponent: PlayMakerFixedUpdate

AddEventHandlerComponent: PlayMakerFixedUpdate

Deferring level start (marked as manual).

Object Pool attached to GlobalPool could not find a copy of Plat Grass, Instantiating a new one.

AddEventHandlerComponent: PlayMakerFixedUpdate

AddEventHandlerComponent: PlayMakerFixedUpdate

AddEventHandlerComponent: PlayMakerFixedUpdate

AddEventHandlerComponent: PlayMakerFixedUpdate

Deferring level start (marked as manual).

Can not play a disabled audio source

Object Pool attached to GlobalPool could not find a copy of Relic Get Msg, Instantiating a new one.

AddEventHandlerComponent: PlayMakerFixedUpdate

AddEventHandlerComponent: PlayMakerFixedUpdate

Deferring level start (marked as manual).

AddEventHandlerComponent: PlayMakerFixedUpdate

AddEventHandlerComponent: PlayMakerFixedUpdate

AddEventHandlerComponent: PlayMakerFixedUpdate

AddEventHandlerComponent: PlayMakerFixedUpdate

AddEventHandlerComponent: PlayMakerFixedUpdate

AddEventHandlerComponent: PlayMakerFixedUpdate

AddEventHandlerComponent: PlayMakerFixedUpdate

AddEventHandlerComponent: PlayMakerFixedUpdate

AddEventHandlerComponent: PlayMakerFixedUpdate

AddEventHandlerComponent: PlayMakerFixedUpdate

AddEventHandlerComponent: PlayMakerFixedUpdate

AddEventHandlerComponent: PlayMakerFixedUpdate

AddEventHandlerComponent: PlayMakerFixedUpdate

AddEventHandlerComponent: PlayMakerFixedUpdate

AddEventHandlerComponent: PlayMakerFixedUpdate

Deferring level start (marked as manual).

AddEventHandlerComponent: PlayMakerFixedUpdate

AddEventHandlerComponent: PlayMakerFixedUpdate

AddEventHandlerComponent: PlayMakerFixedUpdate

AddEventHandlerComponent: PlayMakerFixedUpdate

AddEventHandlerComponent: PlayMakerFixedUpdate

AddEventHandlerComponent: PlayMakerFixedUpdate

PlayOneShot was called with a null AudioClip.

PlayOneShot was called with a null AudioClip.

AddEventHandlerComponent: PlayMakerFixedUpdate

AddEventHandlerComponent: PlayMakerFixedUpdate

AddEventHandlerComponent: PlayMakerFixedUpdate

AddEventHandlerComponent: PlayMakerFixedUpdate

AddEventHandlerComponent: PlayMakerFixedUpdate

AddEventHandlerComponent: PlayMakerFixedUpdate

AddEventHandlerComponent: PlayMakerFixedUpdate

AddEventHandlerComponent: PlayMakerFixedUpdate

AddEventHandlerComponent: PlayMakerFixedUpdate

AddEventHandlerComponent: PlayMakerFixedUpdate

AddEventHandlerComponent: PlayMakerFixedUpdate

AddEventHandlerComponent: PlayMakerFixedUpdate

AddEventHandlerComponent: PlayMakerFixedUpdate

AddEventHandlerComponent: PlayMakerFixedUpdate

AddEventHandlerComponent: PlayMakerFixedUpdate

AddEventHandlerComponent: PlayMakerFixedUpdate

Deferring level start (marked as manual).

AddEventHandlerComponent: PlayMakerFixedUpdate

AddEventHandlerComponent: PlayMakerFixedUpdate

AddEventHandlerComponent: PlayMakerFixedUpdate

AddEventHandlerComponent: PlayMakerFixedUpdate

AddEventHandlerComponent: PlayMakerFixedUpdate

AddEventHandlerComponent: PlayMakerFixedUpdate

AddEventHandlerComponent: PlayMakerFixedUpdate

AddEventHandlerComponent: PlayMakerFixedUpdate

AddEventHandlerComponent: PlayMakerFixedUpdate

AddEventHandlerComponent: PlayMakerFixedUpdate

AddEventHandlerComponent: PlayMakerFixedUpdate

AddEventHandlerComponent: PlayMakerFixedUpdate

Object Pool attached to GlobalPool could not find a copy of Bounce Spore Hero, Instantiating a new one.

Object Pool attached to GlobalPool has run out of Bounce Spore Hero prefabs, Instantiating an additional one.

PlayOneShot was called with a null AudioClip.

PlayOneShot was called with a null AudioClip.

Object Pool attached to GlobalPool has run out of Strike Nail R prefabs, Instantiating an additional one.

PlayOneShot was called with a null AudioClip.

PlayOneShot was called with a null AudioClip.

PlayOneShot was called with a null AudioClip.

PlayOneShot was called with a null AudioClip.

PlayOneShot was called with a null AudioClip.

AddEventHandlerComponent: PlayMakerFixedUpdate

AddEventHandlerComponent: PlayMakerFixedUpdate

AddEventHandlerComponent: PlayMakerFixedUpdate

Deferring level start (marked as manual).

AddEventHandlerComponent: PlayMakerFixedUpdate

AddEventHandlerComponent: PlayMakerFixedUpdate

AddEventHandlerComponent: PlayMakerFixedUpdate

AddEventHandlerComponent: PlayMakerFixedUpdate

AddEventHandlerComponent: PlayMakerFixedUpdate

AddEventHandlerComponent: PlayMakerFixedUpdate

AddEventHandlerComponent: PlayMakerFixedUpdate

AddEventHandlerComponent: PlayMakerFixedUpdate

AddEventHandlerComponent: PlayMakerFixedUpdate

AddEventHandlerComponent: PlayMakerFixedUpdate

AddEventHandlerComponent: PlayMakerFixedUpdate

AddEventHandlerComponent: PlayMakerFixedUpdate

AddEventHandlerComponent: PlayMakerFixedUpdate

AddEventHandlerComponent: PlayMakerFixedUpdate

AddEventHandlerComponent: PlayMakerFixedUpdate

AddEventHandlerComponent: PlayMakerFixedUpdate

AddEventHandlerComponent: PlayMakerFixedUpdate

AddEventHandlerComponent: PlayMakerFixedUpdate

AddEventHandlerComponent: PlayMakerFixedUpdate

AddEventHandlerComponent: PlayMakerFixedUpdate

AddEventHandlerComponent: PlayMakerFixedUpdate

AddEventHandlerComponent: PlayMakerFixedUpdate

AddEventHandlerComponent: PlayMakerFixedUpdate

AddEventHandlerComponent: PlayMakerFixedUpdate

AddEventHandlerComponent: PlayMakerFixedUpdate

AddEventHandlerComponent: PlayMakerFixedUpdate

AddEventHandlerComponent: PlayMakerFixedUpdate

Deferring level start (marked as manual).

AddEventHandlerComponent: PlayMakerFixedUpdate

AddEventHandlerComponent: PlayMakerFixedUpdate

AddEventHandlerComponent: PlayMakerFixedUpdate

AddEventHandlerComponent: PlayMakerFixedUpdate

AddEventHandlerComponent: PlayMakerFixedUpdate

PlayOneShot was called with a null AudioClip.

PlayOneShot was called with a null AudioClip.

PlayOneShot was called with a null AudioClip.

AddEventHandlerComponent: PlayMakerFixedUpdate

AddEventHandlerComponent: PlayMakerFixedUpdate

AddEventHandlerComponent: PlayMakerFixedUpdate

Deferring level start (marked as manual).

AddEventHandlerComponent: PlayMakerFixedUpdate

AddEventHandlerComponent: PlayMakerFixedUpdate

AddEventHandlerComponent: PlayMakerFixedUpdate

AddEventHandlerComponent: PlayMakerFixedUpdate

AddEventHandlerComponent: PlayMakerFixedUpdate

AddEventHandlerComponent: PlayMakerFixedUpdate

AddEventHandlerComponent: PlayMakerFixedUpdate

AddEventHandlerComponent: PlayMakerFixedUpdate

AddEventHandlerComponent: PlayMakerFixedUpdate

Deferring level start (marked as manual).

AddEventHandlerComponent: PlayMakerFixedUpdate

AddEventHandlerComponent: PlayMakerFixedUpdate

AddEventHandlerComponent: PlayMakerFixedUpdate

AddEventHandlerComponent: PlayMakerFixedUpdate

AddEventHandlerComponent: PlayMakerFixedUpdate

AddEventHandlerComponent: PlayMakerFixedUpdate

AddEventHandlerComponent: PlayMakerFixedUpdate

AddEventHandlerComponent: PlayMakerFixedUpdate

AddEventHandlerComponent: PlayMakerFixedUpdate

AddEventHandlerComponent: PlayMakerFixedUpdate

AddEventHandlerComponent: PlayMakerFixedUpdate

AddEventHandlerComponent: PlayMakerFixedUpdate

AddEventHandlerComponent: PlayMakerFixedUpdate

AddEventHandlerComponent: PlayMakerFixedUpdate

AddEventHandlerComponent: PlayMakerFixedUpdate

AddEventHandlerComponent: PlayMakerFixedUpdate

AddEventHandlerComponent: PlayMakerFixedUpdate

AddEventHandlerComponent: PlayMakerFixedUpdate

AddEventHandlerComponent: PlayMakerFixedUpdate

AddEventHandlerComponent: PlayMakerFixedUpdate

AddEventHandlerComponent: PlayMakerFixedUpdate

AddEventHandlerComponent: PlayMakerFixedUpdate

AddEventHandlerComponent: PlayMakerFixedUpdate

AddEventHandlerComponent: PlayMakerFixedUpdate

AddEventHandlerComponent: PlayMakerFixedUpdate

AddEventHandlerComponent: PlayMakerFixedUpdate

AddEventHandlerComponent: PlayMakerFixedUpdate

AddEventHandlerComponent: PlayMakerFixedUpdate

AddEventHandlerComponent: PlayMakerFixedUpdate

AddEventHandlerComponent: PlayMakerFixedUpdate

AddEventHandlerComponent: PlayMakerFixedUpdate

AddEventHandlerComponent: PlayMakerFixedUpdate

AddEventHandlerComponent: PlayMakerFixedUpdate

AddEventHandlerComponent: PlayMakerFixedUpdate

AddEventHandlerComponent: PlayMakerFixedUpdate

AddEventHandlerComponent: PlayMakerFixedUpdate

AddEventHandlerComponent: PlayMakerFixedUpdate

AddEventHandlerComponent: PlayMakerFixedUpdate

Deferring level start (marked as manual).

AddEventHandlerComponent: PlayMakerFixedUpdate

AddEventHandlerComponent: PlayMakerFixedUpdate

AddEventHandlerComponent: PlayMakerFixedUpdate

AddEventHandlerComponent: PlayMakerFixedUpdate

AddEventHandlerComponent: PlayMakerFixedUpdate

AddEventHandlerComponent: PlayMakerFixedUpdate

AddEventHandlerComponent: PlayMakerFixedUpdate

AddEventHandlerComponent: PlayMakerFixedUpdate

Deferring level start (marked as manual).

AddEventHandlerComponent: PlayMakerFixedUpdate

AddEventHandlerComponent: PlayMakerFixedUpdate

AddEventHandlerComponent: PlayMakerFixedUpdate

AddEventHandlerComponent: PlayMakerFixedUpdate

AddEventHandlerComponent: PlayMakerFixedUpdate

PlayOneShot was called with a null AudioClip.

PlayOneShot was called with a null AudioClip.

PlayOneShot was called with a null AudioClip.

PlayOneShot was called with a null AudioClip.

PlayOneShot was called with a null AudioClip.

PlayOneShot was called with a null AudioClip.

PlayOneShot was called with a null AudioClip.

PlayOneShot was called with a null AudioClip.

PlayOneShot was called with a null AudioClip.

PlayOneShot was called with a null AudioClip.

AddEventHandlerComponent: PlayMakerFixedUpdate

AddEventHandlerComponent: PlayMakerFixedUpdate

AddEventHandlerComponent: PlayMakerFixedUpdate

AddEventHandlerComponent: PlayMakerFixedUpdate

AddEventHandlerComponent: PlayMakerFixedUpdate

AddEventHandlerComponent: PlayMakerFixedUpdate

AddEventHandlerComponent: PlayMakerFixedUpdate

AddEventHandlerComponent: PlayMakerFixedUpdate

AddEventHandlerComponent: PlayMakerFixedUpdate

AddEventHandlerComponent: PlayMakerFixedUpdate

AddEventHandlerComponent: PlayMakerFixedUpdate

AddEventHandlerComponent: PlayMakerFixedUpdate

AddEventHandlerComponent: PlayMakerFixedUpdate

AddEventHandlerComponent: PlayMakerFixedUpdate

AddEventHandlerComponent: PlayMakerFixedUpdate

AddEventHandlerComponent: PlayMakerFixedUpdate

AddEventHandlerComponent: PlayMakerFixedUpdate

AddEventHandlerComponent: PlayMakerFixedUpdate

AddEventHandlerComponent: PlayMakerFixedUpdate

AddEventHandlerComponent: PlayMakerFixedUpdate

AddEventHandlerComponent: PlayMakerFixedUpdate

Deferring level start (marked as manual).

AddEventHandlerComponent: PlayMakerFixedUpdate

AddEventHandlerComponent: PlayMakerFixedUpdate

AddEventHandlerComponent: PlayMakerFixedUpdate

AddEventHandlerComponent: PlayMakerFixedUpdate

AddEventHandlerComponent: PlayMakerFixedUpdate

AddEventHandlerComponent: PlayMakerFixedUpdate

AddEventHandlerComponent: PlayMakerFixedUpdate

AddEventHandlerComponent: PlayMakerFixedUpdate

PlayOneShot was called with a null AudioClip.

PlayOneShot was called with a null AudioClip.

PlayOneShot was called with a null AudioClip.

PlayOneShot was called with a null AudioClip.

PlayOneShot was called with a null AudioClip.

PlayOneShot was called with a null AudioClip.

PlayOneShot was called with a null AudioClip.

PlayOneShot was called with a null AudioClip.

AddEventHandlerComponent: PlayMakerFixedUpdate

AddEventHandlerComponent: PlayMakerFixedUpdate

PlayOneShot was called with a null AudioClip.

PlayOneShot was called with a null AudioClip.

PlayOneShot was called with a null AudioClip.

PlayOneShot was called with a null AudioClip.

Object Pool attached to GlobalPool has run out of Run Effects prefabs, Instantiating an additional one.

PlayOneShot was called with a null AudioClip.

AddEventHandlerComponent: PlayMakerFixedUpdate

Object Pool attached to GlobalPool has run out of Run Effects prefabs, Instantiating an additional one.

Object Pool attached to GlobalPool has run out of Run Effects prefabs, Instantiating an additional one.

PlayOneShot was called with a null AudioClip.

PlayOneShot was called with a null AudioClip.

AddEventHandlerComponent: PlayMakerFixedUpdate

PlayOneShot was called with a null AudioClip.

AddEventHandlerComponent: PlayMakerFixedUpdate

PlayOneShot was called with a null AudioClip.

PlayOneShot was called with a null AudioClip.

PlayOneShot was called with a null AudioClip.

AddEventHandlerComponent: PlayMakerFixedUpdate

PlayOneShot was called with a null AudioClip.

PlayOneShot was called with a null AudioClip.

PlayOneShot was called with a null AudioClip.

PlayOneShot was called with a null AudioClip.

AddEventHandlerComponent: PlayMakerFixedUpdate

AddEventHandlerComponent: PlayMakerFixedUpdate

AddEventHandlerComponent: PlayMakerFixedUpdate

PlayOneShot was called with a null AudioClip.

AddEventHandlerComponent: PlayMakerFixedUpdate

AddEventHandlerComponent: PlayMakerFixedUpdate

AddEventHandlerComponent: PlayMakerFixedUpdate

Could not find FSM: damages_hero

Could not find FSM: damages_hero

Could not find FSM: damages_hero

PlayOneShot was called with a null AudioClip.

Object Pool attached to GlobalPool could not find a copy of Spore Plat Dust, Instantiating a new one.

Object Pool attached to GlobalPool has run out of Spore Plat Dust prefabs, Instantiating an additional one.

AddEventHandlerComponent: PlayMakerFixedUpdate

AddEventHandlerComponent: PlayMakerFixedUpdate

AddEventHandlerComponent: PlayMakerFixedUpdate

AddEventHandlerComponent: PlayMakerFixedUpdate

AddEventHandlerComponent: PlayMakerFixedUpdate

AddEventHandlerComponent: PlayMakerFixedUpdate

AddEventHandlerComponent: PlayMakerFixedUpdate

AddEventHandlerComponent: PlayMakerFixedUpdate

AddEventHandlerComponent: PlayMakerFixedUpdate

AddEventHandlerComponent: PlayMakerFixedUpdate

AddEventHandlerComponent: PlayMakerFixedUpdate

AddEventHandlerComponent: PlayMakerFixedUpdate

AddEventHandlerComponent: PlayMakerFixedUpdate

AddEventHandlerComponent: PlayMakerFixedUpdate

AddEventHandlerComponent: PlayMakerFixedUpdate

AddEventHandlerComponent: PlayMakerFixedUpdate

AddEventHandlerComponent: PlayMakerFixedUpdate

AddEventHandlerComponent: PlayMakerFixedUpdate

AddEventHandlerComponent: PlayMakerFixedUpdate

AddEventHandlerComponent: PlayMakerFixedUpdate

AddEventHandlerComponent: PlayMakerFixedUpdate

AddEventHandlerComponent: PlayMakerFixedUpdate

AddEventHandlerComponent: PlayMakerFixedUpdate

AddEventHandlerComponent: PlayMakerFixedUpdate

AddEventHandlerComponent: PlayMakerFixedUpdate

AddEventHandlerComponent: PlayMakerFixedUpdate

Deferring level start (marked as manual).

AddEventHandlerComponent: PlayMakerFixedUpdate

AddEventHandlerComponent: PlayMakerFixedUpdate

AddEventHandlerComponent: PlayMakerFixedUpdate

AddEventHandlerComponent: PlayMakerFixedUpdate

AddEventHandlerComponent: PlayMakerFixedUpdate

AddEventHandlerComponent: PlayMakerFixedUpdate

AddEventHandlerComponent: PlayMakerFixedUpdate

AddEventHandlerComponent: PlayMakerFixedUpdate

AddEventHandlerComponent: PlayMakerFixedUpdate

AddEventHandlerComponent: PlayMakerFixedUpdate

AddEventHandlerComponent: PlayMakerFixedUpdate

PlayOneShot was called with a null AudioClip.

PlayOneShot was called with a null AudioClip.

PlayOneShot was called with a null AudioClip.

PlayOneShot was called with a null AudioClip.

PlayOneShot was called with a null AudioClip.

PlayOneShot was called with a null AudioClip.

PlayOneShot was called with a null AudioClip.

PlayOneShot was called with a null AudioClip.

PlayOneShot was called with a null AudioClip.

PlayOneShot was called with a null AudioClip.

PlayOneShot was called with a null AudioClip.

PlayOneShot was called with a null AudioClip.

PlayOneShot was called with a null AudioClip.

PlayOneShot was called with a null AudioClip.

PlayOneShot was called with a null AudioClip.

PlayOneShot was called with a null AudioClip.

PlayOneShot was called with a null AudioClip.

PlayOneShot was called with a null AudioClip.

PlayOneShot was called with a null AudioClip.

PlayOneShot was called with a null AudioClip.

PlayOneShot was called with a null AudioClip.

PlayOneShot was called with a null AudioClip.

AddEventHandlerComponent: PlayMakerFixedUpdate

AddEventHandlerComponent: PlayMakerFixedUpdate

AddEventHandlerComponent: PlayMakerFixedUpdate

AddEventHandlerComponent: PlayMakerFixedUpdate

PlayOneShot was called with a null AudioClip.

Could not find FSM: damages_hero

Could not find FSM: damages_hero

AddEventHandlerComponent: PlayMakerFixedUpdate

AddEventHandlerComponent: PlayMakerFixedUpdate

AddEventHandlerComponent: PlayMakerFixedUpdate

Could not find FSM: damages_hero

PlayOneShot was called with a null AudioClip.

PlayOneShot was called with a null AudioClip.

PlayOneShot was called with a null AudioClip.

AddEventHandlerComponent: PlayMakerFixedUpdate

Could not find FSM: damages_hero

Could not find FSM: damages_hero

Could not find FSM: damages_hero

PlayOneShot was called with a null AudioClip.

PlayOneShot was called with a null AudioClip.

PlayOneShot was called with a null AudioClip.

PlayOneShot was called with a null AudioClip.

PlayOneShot was called with a null AudioClip.

PlayOneShot was called with a null AudioClip.

PlayOneShot was called with a null AudioClip.

PlayOneShot was called with a null AudioClip.

PlayOneShot was called with a null AudioClip.

PlayOneShot was called with a null AudioClip.

PlayOneShot was called with a null AudioClip.

PlayOneShot was called with a null AudioClip.

PlayOneShot was called with a null AudioClip.

PlayOneShot was called with a null AudioClip.

PlayOneShot was called with a null AudioClip.

PlayOneShot was called with a null AudioClip.

PlayOneShot was called with a null AudioClip.

PlayOneShot was called with a null AudioClip.

PlayOneShot was called with a null AudioClip.

PlayOneShot was called with a null AudioClip.

PlayOneShot was called with a null AudioClip.

PlayOneShot was called with a null AudioClip.

PlayOneShot was called with a null AudioClip.

PlayOneShot was called with a null AudioClip.

PlayOneShot was called with a null AudioClip.

PlayOneShot was called with a null AudioClip.

PlayOneShot was called with a null AudioClip.

Bump Height: 0.01197815

PlayOneShot was called with a null AudioClip.

PlayOneShot was called with a null AudioClip.

PlayOneShot was called with a null AudioClip.

PlayOneShot was called with a null AudioClip.

PlayOneShot was called with a null AudioClip.

PlayOneShot was called with a null AudioClip.

PlayOneShot was called with a null AudioClip.

PlayOneShot was called with a null AudioClip.

PlayOneShot was called with a null AudioClip.

PlayOneShot was called with a null AudioClip.

PlayOneShot was called with a null AudioClip.

PlayOneShot was called with a null AudioClip.

PlayOneShot was called with a null AudioClip.

PlayOneShot was called with a null AudioClip.

PlayOneShot was called with a null AudioClip.

Object Pool attached to GlobalPool has run out of Strike Nail R prefabs, Instantiating an additional one.

PlayOneShot was called with a null AudioClip.

AddEventHandlerComponent: PlayMakerFixedUpdate

AddEventHandlerComponent: PlayMakerFixedUpdate

Deferring level start (marked as manual).

AddEventHandlerComponent: PlayMakerFixedUpdate

AddEventHandlerComponent: PlayMakerFixedUpdate

AddEventHandlerComponent: PlayMakerFixedUpdate

AddEventHandlerComponent: PlayMakerFixedUpdate

AddEventHandlerComponent: PlayMakerFixedUpdate

AddEventHandlerComponent: PlayMakerFixedUpdate

AddEventHandlerComponent: PlayMakerFixedUpdate

AddEventHandlerComponent: PlayMakerFixedUpdate

Deferring level start (marked as manual).

AddEventHandlerComponent: PlayMakerFixedUpdate

AddEventHandlerComponent: PlayMakerFixedUpdate

AddEventHandlerComponent: PlayMakerFixedUpdate

AddEventHandlerComponent: PlayMakerFixedUpdate

AddEventHandlerComponent: PlayMakerFixedUpdate

AddEventHandlerComponent: PlayMakerFixedUpdate

AddEventHandlerComponent: PlayMakerFixedUpdate

AddEventHandlerComponent: PlayMakerFixedUpdate

AddEventHandlerComponent: PlayMakerFixedUpdate

AddEventHandlerComponent: PlayMakerFixedUpdate

AddEventHandlerComponent: PlayMakerFixedUpdate

AddEventHandlerComponent: PlayMakerFixedUpdate

AddEventHandlerComponent: PlayMakerFixedUpdate

AddEventHandlerComponent: PlayMakerFixedUpdate

AddEventHandlerComponent: PlayMakerFixedUpdate

AddEventHandlerComponent: PlayMakerFixedUpdate

AddEventHandlerComponent: PlayMakerFixedUpdate

AddEventHandlerComponent: PlayMakerFixedUpdate

AddEventHandlerComponent: PlayMakerFixedUpdate

AddEventHandlerComponent: PlayMakerFixedUpdate

AddEventHandlerComponent: PlayMakerFixedUpdate

AddEventHandlerComponent: PlayMakerFixedUpdate

AddEventHandlerComponent: PlayMakerFixedUpdate

AddEventHandlerComponent: PlayMakerFixedUpdate

AddEventHandlerComponent: PlayMakerFixedUpdate

AddEventHandlerComponent: PlayMakerFixedUpdate

AddEventHandlerComponent: PlayMakerFixedUpdate

AddEventHandlerComponent: PlayMakerFixedUpdate

AddEventHandlerComponent: PlayMakerFixedUpdate

AddEventHandlerComponent: PlayMakerFixedUpdate

AddEventHandlerComponent: PlayMakerFixedUpdate

AddEventHandlerComponent: PlayMakerFixedUpdate

AddEventHandlerComponent: PlayMakerFixedUpdate

AddEventHandlerComponent: PlayMakerFixedUpdate

AddEventHandlerComponent: PlayMakerFixedUpdate

Additively loaded scene: Fungus2_15_boss_defeated in sequence

Object Pool attached to GlobalPool could not find a copy of Uninfected Hit Pt, Instantiating a new one.

Object Pool attached to GlobalPool has run out of Slash Effect Ghost1 prefabs, Instantiating an additional one.

Object Pool attached to GlobalPool has run out of Slash Effect Ghost1 prefabs, Instantiating an additional one.

Object Pool attached to GlobalPool has run out of Slash Effect Ghost1 prefabs, Instantiating an additional one.

Object Pool attached to GlobalPool has run out of Slash Effect Ghost1 prefabs, Instantiating an additional one.

Object Pool attached to GlobalPool has run out of Slash Effect Ghost1 prefabs, Instantiating an additional one.

AddEventHandlerComponent: PlayMakerFixedUpdate

AddEventHandlerComponent: PlayMakerFixedUpdate

AddEventHandlerComponent: PlayMakerFixedUpdate

AddEventHandlerComponent: PlayMakerFixedUpdate

AddEventHandlerComponent: PlayMakerFixedUpdate

AddEventHandlerComponent: PlayMakerFixedUpdate

AddEventHandlerComponent: PlayMakerFixedUpdate

AddEventHandlerComponent: PlayMakerFixedUpdate

AddEventHandlerComponent: PlayMakerFixedUpdate

AddEventHandlerComponent: PlayMakerFixedUpdate

AddEventHandlerComponent: PlayMakerFixedUpdate

AddEventHandlerComponent: PlayMakerFixedUpdate

Deferring level start (marked as manual).

Deferring level start (marked as manual).

AddEventHandlerComponent: PlayMakerFixedUpdate

AddEventHandlerComponent: PlayMakerFixedUpdate

AddEventHandlerComponent: PlayMakerFixedUpdate

AddEventHandlerComponent: PlayMakerFixedUpdate

AddEventHandlerComponent: PlayMakerFixedUpdate

AddEventHandlerComponent: PlayMakerFixedUpdate

AddEventHandlerComponent: PlayMakerFixedUpdate

AddEventHandlerComponent: PlayMakerFixedUpdate

AddEventHandlerComponent: PlayMakerFixedUpdate

AddEventHandlerComponent: PlayMakerFixedUpdate

AddEventHandlerComponent: PlayMakerFixedUpdate

AddEventHandlerComponent: PlayMakerFixedUpdate

AddEventHandlerComponent: PlayMakerFixedUpdate

AddEventHandlerComponent: PlayMakerFixedUpdate

AddEventHandlerComponent: PlayMakerFixedUpdate

AddEventHandlerComponent: PlayMakerFixedUpdate

AddEventHandlerComponent: PlayMakerFixedUpdate

AddEventHandlerComponent: PlayMakerFixedUpdate

AddEventHandlerComponent: PlayMakerFixedUpdate

AddEventHandlerComponent: PlayMakerFixedUpdate

AddEventHandlerComponent: PlayMakerFixedUpdate

AddEventHandlerComponent: PlayMakerFixedUpdate

AddEventHandlerComponent: PlayMakerFixedUpdate

AddEventHandlerComponent: PlayMakerFixedUpdate

AddEventHandlerComponent: PlayMakerFixedUpdate

AddEventHandlerComponent: PlayMakerFixedUpdate

AddEventHandlerComponent: PlayMakerFixedUpdate

AddEventHandlerComponent: PlayMakerFixedUpdate

AddEventHandlerComponent: PlayMakerFixedUpdate

AddEventHandlerComponent: PlayMakerFixedUpdate

AddEventHandlerComponent: PlayMakerFixedUpdate

AddEventHandlerComponent: PlayMakerFixedUpdate

AddEventHandlerComponent: PlayMakerFixedUpdate

AddEventHandlerComponent: PlayMakerFixedUpdate

AddEventHandlerComponent: PlayMakerFixedUpdate

AddEventHandlerComponent: PlayMakerFixedUpdate

AddEventHandlerComponent: PlayMakerFixedUpdate

AddEventHandlerComponent: PlayMakerFixedUpdate

AddEventHandlerComponent: PlayMakerFixedUpdate

AddEventHandlerComponent: PlayMakerFixedUpdate

AddEventHandlerComponent: PlayMakerFixedUpdate

AddEventHandlerComponent: PlayMakerFixedUpdate

AddEventHandlerComponent: PlayMakerFixedUpdate

AddEventHandlerComponent: PlayMakerFixedUpdate

AddEventHandlerComponent: PlayMakerFixedUpdate

AddEventHandlerComponent: PlayMakerFixedUpdate

AddEventHandlerComponent: PlayMakerFixedUpdate

AddEventHandlerComponent: PlayMakerFixedUpdate

AddEventHandlerComponent: PlayMakerFixedUpdate

AddEventHandlerComponent: PlayMakerFixedUpdate

Deferring level start (marked as manual).

AddEventHandlerComponent: PlayMakerFixedUpdate

AddEventHandlerComponent: PlayMakerFixedUpdate

AddEventHandlerComponent: PlayMakerFixedUpdate

AddEventHandlerComponent: PlayMakerFixedUpdate

AddEventHandlerComponent: PlayMakerFixedUpdate

PlayOneShot was called with a null AudioClip.

PlayOneShot was called with a null AudioClip.

PlayOneShot was called with a null AudioClip.

PlayOneShot was called with a null AudioClip.

PlayOneShot was called with a null AudioClip.

PlayOneShot was called with a null AudioClip.

PlayOneShot was called with a null AudioClip.

PlayOneShot was called with a null AudioClip.

PlayOneShot was called with a null AudioClip.

PlayOneShot was called with a null AudioClip.

PlayOneShot was called with a null AudioClip.

PlayOneShot was called with a null AudioClip.

PlayOneShot was called with a null AudioClip.

PlayOneShot was called with a null AudioClip.

AddEventHandlerComponent: PlayMakerFixedUpdate

AddEventHandlerComponent: PlayMakerFixedUpdate

AddEventHandlerComponent: PlayMakerFixedUpdate

Deferring level start (marked as manual).

AddEventHandlerComponent: PlayMakerFixedUpdate

Object Pool attached to GlobalPool has run out of Bounce Spore Hero prefabs, Instantiating an additional one.

AddEventHandlerComponent: PlayMakerFixedUpdate

AddEventHandlerComponent: PlayMakerFixedUpdate

AddEventHandlerComponent: PlayMakerFixedUpdate

Bump Height: 0.09000778

AddEventHandlerComponent: PlayMakerFixedUpdate

AddEventHandlerComponent: PlayMakerFixedUpdate

AddEventHandlerComponent: PlayMakerFixedUpdate

AddEventHandlerComponent: PlayMakerFixedUpdate

AddEventHandlerComponent: PlayMakerFixedUpdate

AddEventHandlerComponent: PlayMakerFixedUpdate

AddEventHandlerComponent: PlayMakerFixedUpdate

AddEventHandlerComponent: PlayMakerFixedUpdate

AddEventHandlerComponent: PlayMakerFixedUpdate

AddEventHandlerComponent: PlayMakerFixedUpdate

AddEventHandlerComponent: PlayMakerFixedUpdate

AddEventHandlerComponent: PlayMakerFixedUpdate

AddEventHandlerComponent: PlayMakerFixedUpdate

AddEventHandlerComponent: PlayMakerFixedUpdate

AddEventHandlerComponent: PlayMakerFixedUpdate

AddEventHandlerComponent: PlayMakerFixedUpdate

AddEventHandlerComponent: PlayMakerFixedUpdate

AddEventHandlerComponent: PlayMakerFixedUpdate

AddEventHandlerComponent: PlayMakerFixedUpdate

AddEventHandlerComponent: PlayMakerFixedUpdate

AddEventHandlerComponent: PlayMakerFixedUpdate

AddEventHandlerComponent: PlayMakerFixedUpdate

AddEventHandlerComponent: PlayMakerFixedUpdate

AddEventHandlerComponent: PlayMakerFixedUpdate

AddEventHandlerComponent: PlayMakerFixedUpdate

AddEventHandlerComponent: PlayMakerFixedUpdate

AddEventHandlerComponent: PlayMakerFixedUpdate

AddEventHandlerComponent: PlayMakerFixedUpdate

AddEventHandlerComponent: PlayMakerFixedUpdate

AddEventHandlerComponent: PlayMakerFixedUpdate

AddEventHandlerComponent: PlayMakerFixedUpdate

AddEventHandlerComponent: PlayMakerFixedUpdate

AddEventHandlerComponent: PlayMakerFixedUpdate

Deferring level start (marked as manual).

AddEventHandlerComponent: PlayMakerFixedUpdate

AddEventHandlerComponent: PlayMakerFixedUpdate

AddEventHandlerComponent: PlayMakerFixedUpdate

AddEventHandlerComponent: PlayMakerFixedUpdate

AddEventHandlerComponent: PlayMakerFixedUpdate

AddEventHandlerComponent: PlayMakerFixedUpdate

AddEventHandlerComponent: PlayMakerFixedUpdate

AddEventHandlerComponent: PlayMakerFixedUpdate

AddEventHandlerComponent: PlayMakerFixedUpdate

AddEventHandlerComponent: PlayMakerFixedUpdate

AddEventHandlerComponent: PlayMakerFixedUpdate

AddEventHandlerComponent: PlayMakerFixedUpdate

PlayOneShot was called with a null AudioClip.

PlayOneShot was called with a null AudioClip.

PlayOneShot was called with a null AudioClip.

PlayOneShot was called with a null AudioClip.

PlayOneShot was called with a null AudioClip.

PlayOneShot was called with a null AudioClip.

PlayOneShot was called with a null AudioClip.

PlayOneShot was called with a null AudioClip.

AddEventHandlerComponent: PlayMakerFixedUpdate

AddEventHandlerComponent: PlayMakerFixedUpdate

AddEventHandlerComponent: PlayMakerFixedUpdate

AddEventHandlerComponent: PlayMakerFixedUpdate

AddEventHandlerComponent: PlayMakerFixedUpdate

AddEventHandlerComponent: PlayMakerFixedUpdate

AddEventHandlerComponent: PlayMakerFixedUpdate

AddEventHandlerComponent: PlayMakerFixedUpdate

AddEventHandlerComponent: PlayMakerFixedUpdate

AddEventHandlerComponent: PlayMakerFixedUpdate

AddEventHandlerComponent: PlayMakerFixedUpdate

AddEventHandlerComponent: PlayMakerFixedUpdate

AddEventHandlerComponent: PlayMakerFixedUpdate

AddEventHandlerComponent: PlayMakerFixedUpdate

AddEventHandlerComponent: PlayMakerFixedUpdate

Deferring level start (marked as manual).

AddEventHandlerComponent: PlayMakerFixedUpdate

AddEventHandlerComponent: PlayMakerFixedUpdate

AddEventHandlerComponent: PlayMakerFixedUpdate

AddEventHandlerComponent: PlayMakerFixedUpdate

AddEventHandlerComponent: PlayMakerFixedUpdate

AddEventHandlerComponent: PlayMakerFixedUpdate

PlayOneShot was called with a null AudioClip.

PlayOneShot was called with a null AudioClip.

PlayOneShot was called with a null AudioClip.

AddEventHandlerComponent: PlayMakerFixedUpdate

AddEventHandlerComponent: PlayMakerFixedUpdate

Deferring level start (marked as manual).

AddEventHandlerComponent: PlayMakerFixedUpdate

AddEventHandlerComponent: PlayMakerFixedUpdate

AddEventHandlerComponent: PlayMakerFixedUpdate

AddEventHandlerComponent: PlayMakerFixedUpdate

Deferring level start (marked as manual).

PlayOneShot was called with a null AudioClip.

PlayOneShot was called with a null AudioClip.

Could not find FSM: Enough Geo

LoadLevel: Cinematic_Stag_travel

Unloading 62 Unused Serialized files (Serialized files now loaded: 0)
UnloadTime: 7.134700 ms
Performing automatic level start.


Unloading 3933 unused Assets to reduce memory usage. Loaded Objects now: 56104.
Total: 230.393500 ms (FindLiveObjects: 3.763800 ms CreateObjectMapping: 2.682700 ms MarkObjects: 215.000000 ms  DeleteObjects: 8.946400 ms)

Setting skip mode: SKIP_INSTANT

Started cinematic 'StagTunnelRun'

Started cinematic 'StagTunnelRun'

Stopped cinematic 'StagTunnelRun'

AddEventHandlerComponent: PlayMakerFixedUpdate

AddEventHandlerComponent: PlayMakerFixedUpdate

AddEventHandlerComponent: PlayMakerFixedUpdate

AddEventHandlerComponent: PlayMakerCollisionEnter2D

AddEventHandlerComponent: PlayMakerFixedUpdate

Deferring level start (marked as manual).

PlayOneShot was called with a null AudioClip.

AddEventHandlerComponent: PlayMakerFixedUpdate

AddEventHandlerComponent: PlayMakerFixedUpdate

AddEventHandlerComponent: PlayMakerFixedUpdate

AddEventHandlerComponent: PlayMakerFixedUpdate

AddEventHandlerComponent: PlayMakerFixedUpdate

AddEventHandlerComponent: PlayMakerFixedUpdate

AddEventHandlerComponent: PlayMakerFixedUpdate

AddEventHandlerComponent: PlayMakerCollisionEnter2D

AddEventHandlerComponent: PlayMakerFixedUpdate

AddEventHandlerComponent: PlayMakerFixedUpdate

AddEventHandlerComponent: PlayMakerFixedUpdate

AddEventHandlerComponent: PlayMakerFixedUpdate

AddEventHandlerComponent: PlayMakerFixedUpdate

AddEventHandlerComponent: PlayMakerFixedUpdate

Deferring level start (marked as manual).

AddEventHandlerComponent: PlayMakerFixedUpdate

AddEventHandlerComponent: PlayMakerFixedUpdate

Deferring level start (marked as manual).

AddEventHandlerComponent: PlayMakerFixedUpdate

AddEventHandlerComponent: PlayMakerFixedUpdate

AddEventHandlerComponent: PlayMakerFixedUpdate

AddEventHandlerComponent: PlayMakerFixedUpdate

AddEventHandlerComponent: PlayMakerFixedUpdate

AddEventHandlerComponent: PlayMakerFixedUpdate

AddEventHandlerComponent: PlayMakerFixedUpdate

AddEventHandlerComponent: PlayMakerCollisionEnter2D

AddEventHandlerComponent: PlayMakerFixedUpdate

AddEventHandlerComponent: PlayMakerFixedUpdate

AddEventHandlerComponent: PlayMakerFixedUpdate

AddEventHandlerComponent: PlayMakerFixedUpdate

AddEventHandlerComponent: PlayMakerFixedUpdate

AddEventHandlerComponent: PlayMakerFixedUpdate

Deferring level start (marked as manual).

AddEventHandlerComponent: PlayMakerFixedUpdate

AddEventHandlerComponent: PlayMakerFixedUpdate

Deferring level start (marked as manual).

Could not find FSM: Enough Geo

Could not find FSM: Journal Msg

PlayOneShot was called with a null AudioClip.

AddEventHandlerComponent: PlayMakerFixedUpdate

AddEventHandlerComponent: PlayMakerFixedUpdate

AddEventHandlerComponent: PlayMakerFixedUpdate

AddEventHandlerComponent: PlayMakerFixedUpdate

AddEventHandlerComponent: PlayMakerFixedUpdate

AddEventHandlerComponent: PlayMakerFixedUpdate

AddEventHandlerComponent: PlayMakerFixedUpdate

AddEventHandlerComponent: PlayMakerCollisionEnter2D

AddEventHandlerComponent: PlayMakerFixedUpdate

AddEventHandlerComponent: PlayMakerFixedUpdate

AddEventHandlerComponent: PlayMakerFixedUpdate

AddEventHandlerComponent: PlayMakerFixedUpdate

AddEventHandlerComponent: PlayMakerFixedUpdate

AddEventHandlerComponent: PlayMakerFixedUpdate

Deferring level start (marked as manual).

AddEventHandlerComponent: PlayMakerFixedUpdate

AddEventHandlerComponent: PlayMakerFixedUpdate

AddEventHandlerComponent: PlayMakerFixedUpdate

Deferring level start (marked as manual).

PlayOneShot was called with a null AudioClip.

PlayOneShot was called with a null AudioClip.

PlayOneShot was called with a null AudioClip.

AddEventHandlerComponent: PlayMakerFixedUpdate

AddEventHandlerComponent: PlayMakerFixedUpdate

AddEventHandlerComponent: PlayMakerFixedUpdate

AddEventHandlerComponent: PlayMakerFixedUpdate

AddEventHandlerComponent: PlayMakerFixedUpdate

AddEventHandlerComponent: PlayMakerFixedUpdate

AddEventHandlerComponent: PlayMakerFixedUpdate

AddEventHandlerComponent: PlayMakerCollisionEnter2D

AddEventHandlerComponent: PlayMakerFixedUpdate

AddEventHandlerComponent: PlayMakerFixedUpdate

AddEventHandlerComponent: PlayMakerFixedUpdate

AddEventHandlerComponent: PlayMakerFixedUpdate

AddEventHandlerComponent: PlayMakerFixedUpdate

AddEventHandlerComponent: PlayMakerFixedUpdate

Deferring level start (marked as manual).

AddEventHandlerComponent: PlayMakerFixedUpdate

Deferring level start (marked as manual).

AddEventHandlerComponent: PlayMakerFixedUpdate

AddEventHandlerComponent: PlayMakerFixedUpdate

AddEventHandlerComponent: PlayMakerFixedUpdate

AddEventHandlerComponent: PlayMakerFixedUpdate

AddEventHandlerComponent: PlayMakerFixedUpdate

AddEventHandlerComponent: PlayMakerFixedUpdate

AddEventHandlerComponent: PlayMakerFixedUpdate

AddEventHandlerComponent: PlayMakerCollisionEnter2D

AddEventHandlerComponent: PlayMakerFixedUpdate

AddEventHandlerComponent: PlayMakerFixedUpdate

AddEventHandlerComponent: PlayMakerFixedUpdate

AddEventHandlerComponent: PlayMakerFixedUpdate

AddEventHandlerComponent: PlayMakerFixedUpdate

AddEventHandlerComponent: PlayMakerFixedUpdate

Deferring level start (marked as manual).

AddEventHandlerComponent: PlayMakerFixedUpdate

AddEventHandlerComponent: PlayMakerFixedUpdate

AddEventHandlerComponent: PlayMakerFixedUpdate

AddEventHandlerComponent: PlayMakerCollisionEnter2D

AddEventHandlerComponent: PlayMakerFixedUpdate

Deferring level start (marked as manual).

PlayOneShot was called with a null AudioClip.

AddEventHandlerComponent: PlayMakerFixedUpdate

AddEventHandlerComponent: PlayMakerFixedUpdate

AddEventHandlerComponent: PlayMakerFixedUpdate

AddEventHandlerComponent: PlayMakerFixedUpdate

AddEventHandlerComponent: PlayMakerFixedUpdate

AddEventHandlerComponent: PlayMakerFixedUpdate

AddEventHandlerComponent: PlayMakerFixedUpdate

AddEventHandlerComponent: PlayMakerCollisionEnter2D

AddEventHandlerComponent: PlayMakerFixedUpdate

AddEventHandlerComponent: PlayMakerFixedUpdate

AddEventHandlerComponent: PlayMakerFixedUpdate

AddEventHandlerComponent: PlayMakerFixedUpdate

AddEventHandlerComponent: PlayMakerFixedUpdate

AddEventHandlerComponent: PlayMakerFixedUpdate

Deferring level start (marked as manual).

Deferring level start (marked as manual).

AddEventHandlerComponent: PlayMakerFixedUpdate

AddEventHandlerComponent: PlayMakerFixedUpdate

AddEventHandlerComponent: PlayMakerFixedUpdate

AddEventHandlerComponent: PlayMakerFixedUpdate

Deferring level start (marked as manual).

AddEventHandlerComponent: PlayMakerFixedUpdate

AddEventHandlerComponent: PlayMakerFixedUpdate

Deferring level start (marked as manual).

Object Pool attached to GlobalPool has run out of Plat Dust prefabs, Instantiating an additional one.

Object Pool attached to GlobalPool has run out of Plat Dust prefabs, Instantiating an additional one.

Object Pool attached to GlobalPool has run out of Plat Stream Dust prefabs, Instantiating an additional one.

AddEventHandlerComponent: PlayMakerFixedUpdate

AddEventHandlerComponent: PlayMakerFixedUpdate

AddEventHandlerComponent: PlayMakerFixedUpdate

AddEventHandlerComponent: PlayMakerFixedUpdate

Deferring level start (marked as manual).

AddEventHandlerComponent: PlayMakerFixedUpdate

AddEventHandlerComponent: PlayMakerFixedUpdate

Deferring level start (marked as manual).

PlayOneShot was called with a null AudioClip.

AddEventHandlerComponent: PlayMakerFixedUpdate

AddEventHandlerComponent: PlayMakerFixedUpdate

AddEventHandlerComponent: PlayMakerFixedUpdate

AddEventHandlerComponent: PlayMakerFixedUpdate

AddEventHandlerComponent: PlayMakerFixedUpdate

Deferring level start (marked as manual).

PlayOneShot was called with a null AudioClip.

PlayOneShot was called with a null AudioClip.

AddEventHandlerComponent: PlayMakerFixedUpdate

PlayOneShot was called with a null AudioClip.

PlayOneShot was called with a null AudioClip.

AddEventHandlerComponent: PlayMakerFixedUpdate

PlayOneShot was called with a null AudioClip.

PlayOneShot was called with a null AudioClip.

PlayOneShot was called with a null AudioClip.

PlayOneShot was called with a null AudioClip.

PlayOneShot was called with a null AudioClip.

PlayOneShot was called with a null AudioClip.

PlayOneShot was called with a null AudioClip.

PlayOneShot was called with a null AudioClip.

PlayOneShot was called with a null AudioClip.

PlayOneShot was called with a null AudioClip.

PlayOneShot was called with a null AudioClip.

PlayOneShot was called with a null AudioClip.

AddEventHandlerComponent: PlayMakerFixedUpdate

Deferring level start (marked as manual).

AddEventHandlerComponent: PlayMakerFixedUpdate

AddEventHandlerComponent: PlayMakerFixedUpdate

AddEventHandlerComponent: PlayMakerFixedUpdate

AddEventHandlerComponent: PlayMakerFixedUpdate

AddEventHandlerComponent: PlayMakerFixedUpdate

AddEventHandlerComponent: PlayMakerFixedUpdate

AddEventHandlerComponent: PlayMakerFixedUpdate

AddEventHandlerComponent: PlayMakerFixedUpdate

AddEventHandlerComponent: PlayMakerFixedUpdate

AddEventHandlerComponent: PlayMakerFixedUpdate

Deferring level start (marked as manual).

AddEventHandlerComponent: PlayMakerFixedUpdate

AddEventHandlerComponent: PlayMakerFixedUpdate

AddEventHandlerComponent: PlayMakerFixedUpdate

Deferring level start (marked as manual).

PlayOneShot was called with a null AudioClip.

AddEventHandlerComponent: PlayMakerFixedUpdate

AddEventHandlerComponent: PlayMakerFixedUpdate

Deferring level start (marked as manual).

AddEventHandlerComponent: PlayMakerFixedUpdate

PlayerData: Could not find bool named MegaBeamMiner in PlayerData

PlayOneShot was called with a null AudioClip.

PlayOneShot was called with a null AudioClip.

PlayOneShot was called with a null AudioClip.

PlayOneShot was called with a null AudioClip.

PlayOneShot was called with a null AudioClip.

PlayOneShot was called with a null AudioClip.

PlayOneShot was called with a null AudioClip.

PlayOneShot was called with a null AudioClip.

Could not find FSM: walk_left_and_right

Could not find FSM: walk_left_and_right

PlayOneShot was called with a null AudioClip.

PlayOneShot was called with a null AudioClip.

PlayOneShot was called with a null AudioClip.

PlayOneShot was called with a null AudioClip.

PlayOneShot was called with a null AudioClip.

PlayOneShot was called with a null AudioClip.

PlayOneShot was called with a null AudioClip.

PlayOneShot was called with a null AudioClip.

PlayOneShot was called with a null AudioClip.

PlayOneShot was called with a null AudioClip.

PlayOneShot was called with a null AudioClip.

PlayOneShot was called with a null AudioClip.

PlayOneShot was called with a null AudioClip.

PlayOneShot was called with a null AudioClip.

PlayOneShot was called with a null AudioClip.

PlayOneShot was called with a null AudioClip.

Object Pool attached to GlobalPool has run out of Geo Med prefabs, Instantiating an additional one.

Object Pool attached to GlobalPool has run out of Geo Med prefabs, Instantiating an additional one.

Object Pool attached to GlobalPool has run out of Geo Med prefabs, Instantiating an additional one.

Object Pool attached to GlobalPool has run out of Geo Med prefabs, Instantiating an additional one.

Object Pool attached to GlobalPool has run out of Geo Med prefabs, Instantiating an additional one.

Object Pool attached to GlobalPool has run out of Geo Med prefabs, Instantiating an additional one.

Object Pool attached to GlobalPool has run out of Geo Med prefabs, Instantiating an additional one.

Object Pool attached to GlobalPool has run out of Geo Med prefabs, Instantiating an additional one.

Object Pool attached to GlobalPool has run out of Geo Med prefabs, Instantiating an additional one.

Object Pool attached to GlobalPool has run out of Geo Med prefabs, Instantiating an additional one.

Object Pool attached to GlobalPool has run out of Geo Med prefabs, Instantiating an additional one.

Object Pool attached to GlobalPool has run out of Geo Med prefabs, Instantiating an additional one.

Object Pool attached to GlobalPool has run out of Geo Med prefabs, Instantiating an additional one.

Object Pool attached to GlobalPool has run out of Geo Med prefabs, Instantiating an additional one.

Object Pool attached to GlobalPool has run out of Geo Med prefabs, Instantiating an additional one.

Object Pool attached to GlobalPool has run out of Geo Med prefabs, Instantiating an additional one.

Object Pool attached to GlobalPool has run out of Geo Med prefabs, Instantiating an additional one.

Object Pool attached to GlobalPool has run out of Geo Med prefabs, Instantiating an additional one.

Object Pool attached to GlobalPool has run out of Geo Med prefabs, Instantiating an additional one.

Object Pool attached to GlobalPool has run out of Geo Med prefabs, Instantiating an additional one.

AddEventHandlerComponent: PlayMakerFixedUpdate

Deferring level start (marked as manual).

AddEventHandlerComponent: PlayMakerFixedUpdate

AddEventHandlerComponent: PlayMakerFixedUpdate

AddEventHandlerComponent: PlayMakerFixedUpdate

AddEventHandlerComponent: PlayMakerFixedUpdate

AddEventHandlerComponent: PlayMakerFixedUpdate

AddEventHandlerComponent: PlayMakerFixedUpdate

AddEventHandlerComponent: PlayMakerFixedUpdate

AddEventHandlerComponent: PlayMakerFixedUpdate

AddEventHandlerComponent: PlayMakerFixedUpdate

AddEventHandlerComponent: PlayMakerFixedUpdate

Deferring level start (marked as manual).

AddEventHandlerComponent: PlayMakerFixedUpdate

AddEventHandlerComponent: PlayMakerFixedUpdate

PlayOneShot was called with a null AudioClip.

PlayOneShot was called with a null AudioClip.

PlayOneShot was called with a null AudioClip.

PlayOneShot was called with a null AudioClip.

PlayOneShot was called with a null AudioClip.

PlayOneShot was called with a null AudioClip.

PlayOneShot was called with a null AudioClip.

PlayOneShot was called with a null AudioClip.

PlayOneShot was called with a null AudioClip.

PlayOneShot was called with a null AudioClip.

AddEventHandlerComponent: PlayMakerFixedUpdate

PlayOneShot was called with a null AudioClip.

PlayOneShot was called with a null AudioClip.

PlayOneShot was called with a null AudioClip.

AddEventHandlerComponent: PlayMakerFixedUpdate

AddEventHandlerComponent: PlayMakerFixedUpdate

AddEventHandlerComponent: PlayMakerFixedUpdate

AddEventHandlerComponent: PlayMakerFixedUpdate

AddEventHandlerComponent: PlayMakerFixedUpdate

AddEventHandlerComponent: PlayMakerFixedUpdate

AddEventHandlerComponent: PlayMakerFixedUpdate

AddEventHandlerComponent: PlayMakerFixedUpdate

Deferring level start (marked as manual).

AddEventHandlerComponent: PlayMakerFixedUpdate

AddEventHandlerComponent: PlayMakerFixedUpdate

PlayOneShot was called with a null AudioClip.

PlayOneShot was called with a null AudioClip.

PlayOneShot was called with a null AudioClip.

AddEventHandlerComponent: PlayMakerFixedUpdate

AddEventHandlerComponent: PlayMakerFixedUpdate

AddEventHandlerComponent: PlayMakerFixedUpdate

AddEventHandlerComponent: PlayMakerFixedUpdate

AddEventHandlerComponent: PlayMakerFixedUpdate

AddEventHandlerComponent: PlayMakerFixedUpdate

AddEventHandlerComponent: PlayMakerFixedUpdate

AddEventHandlerComponent: PlayMakerFixedUpdate

AddEventHandlerComponent: PlayMakerFixedUpdate

AddEventHandlerComponent: PlayMakerFixedUpdate

AddEventHandlerComponent: PlayMakerFixedUpdate

AddEventHandlerComponent: PlayMakerFixedUpdate

AddEventHandlerComponent: PlayMakerFixedUpdate

AddEventHandlerComponent: PlayMakerFixedUpdate

AddEventHandlerComponent: PlayMakerFixedUpdate

Deferring level start (marked as manual).

PlayOneShot was called with a null AudioClip.

PlayOneShot was called with a null AudioClip.

PlayOneShot was called with a null AudioClip.

PlayOneShot was called with a null AudioClip.

PlayOneShot was called with a null AudioClip.

PlayOneShot was called with a null AudioClip.

PlayOneShot was called with a null AudioClip.

PlayOneShot was called with a null AudioClip.

PlayOneShot was called with a null AudioClip.

PlayOneShot was called with a null AudioClip.

PlayOneShot was called with a null AudioClip.

PlayOneShot was called with a null AudioClip.

PlayOneShot was called with a null AudioClip.

PlayOneShot was called with a null AudioClip.

PlayOneShot was called with a null AudioClip.

PlayOneShot was called with a null AudioClip.

PlayOneShot was called with a null AudioClip.

PlayOneShot was called with a null AudioClip.

PlayOneShot was called with a null AudioClip.

PlayOneShot was called with a null AudioClip.

PlayOneShot was called with a null AudioClip.

PlayOneShot was called with a null AudioClip.

PlayOneShot was called with a null AudioClip.

PlayOneShot was called with a null AudioClip.

PlayOneShot was called with a null AudioClip.

PlayOneShot was called with a null AudioClip.

PlayOneShot was called with a null AudioClip.

PlayOneShot was called with a null AudioClip.

PlayOneShot was called with a null AudioClip.

PlayOneShot was called with a null AudioClip.

PlayOneShot was called with a null AudioClip.

PlayOneShot was called with a null AudioClip.

PlayOneShot was called with a null AudioClip.

PlayOneShot was called with a null AudioClip.

PlayOneShot was called with a null AudioClip.

PlayOneShot was called with a null AudioClip.

PlayOneShot was called with a null AudioClip.

PlayOneShot was called with a null AudioClip.

PlayOneShot was called with a null AudioClip.

AddEventHandlerComponent: PlayMakerFixedUpdate

PlayOneShot was called with a null AudioClip.

PlayOneShot was called with a null AudioClip.

PlayOneShot was called with a null AudioClip.

PlayOneShot was called with a null AudioClip.

PlayOneShot was called with a null AudioClip.

AddEventHandlerComponent: PlayMakerFixedUpdate

PlayOneShot was called with a null AudioClip.

AddEventHandlerComponent: PlayMakerFixedUpdate

PlayOneShot was called with a null AudioClip.

PlayOneShot was called with a null AudioClip.

PlayOneShot was called with a null AudioClip.

AddEventHandlerComponent: PlayMakerFixedUpdate

PlayOneShot was called with a null AudioClip.

AddEventHandlerComponent: PlayMakerFixedUpdate

PlayOneShot was called with a null AudioClip.

AddEventHandlerComponent: PlayMakerFixedUpdate

AddEventHandlerComponent: PlayMakerFixedUpdate

AddEventHandlerComponent: PlayMakerFixedUpdate

AddEventHandlerComponent: PlayMakerFixedUpdate

AddEventHandlerComponent: PlayMakerFixedUpdate

AddEventHandlerComponent: PlayMakerFixedUpdate

AddEventHandlerComponent: PlayMakerFixedUpdate

Deferring level start (marked as manual).

Object Pool attached to GlobalPool has run out of Arrow Prompt prefabs, Instantiating an additional one.

PlayOneShot was called with a null AudioClip.

PlayOneShot was called with a null AudioClip.

PlayOneShot was called with a null AudioClip.

PlayOneShot was called with a null AudioClip.

PlayOneShot was called with a null AudioClip.

PlayOneShot was called with a null AudioClip.

PlayOneShot was called with a null AudioClip.

PlayOneShot was called with a null AudioClip.

PlayOneShot was called with a null AudioClip.

PlayOneShot was called with a null AudioClip.

PlayOneShot was called with a null AudioClip.

PlayOneShot was called with a null AudioClip.

PlayOneShot was called with a null AudioClip.

PlayOneShot was called with a null AudioClip.

PlayOneShot was called with a null AudioClip.

PlayOneShot was called with a null AudioClip.

PlayOneShot was called with a null AudioClip.

PlayOneShot was called with a null AudioClip.

AddEventHandlerComponent: PlayMakerFixedUpdate

PlayOneShot was called with a null AudioClip.

PlayOneShot was called with a null AudioClip.

AddEventHandlerComponent: PlayMakerFixedUpdate

AddEventHandlerComponent: PlayMakerFixedUpdate

AddEventHandlerComponent: PlayMakerFixedUpdate

PlayOneShot was called with a null AudioClip.

PlayOneShot was called with a null AudioClip.

PlayOneShot was called with a null AudioClip.

PlayOneShot was called with a null AudioClip.

No area with identifier "PEAK" found in area list. Creating default SubArea.

AddEventHandlerComponent: PlayMakerFixedUpdate

Deferring level start (marked as manual).

AddEventHandlerComponent: PlayMakerFixedUpdate

AddEventHandlerComponent: PlayMakerFixedUpdate

AddEventHandlerComponent: PlayMakerFixedUpdate

AddEventHandlerComponent: PlayMakerFixedUpdate

AddEventHandlerComponent: PlayMakerFixedUpdate

Deferring level start (marked as manual).

PlayOneShot was called with a null AudioClip.

PlayOneShot was called with a null AudioClip.

PlayOneShot was called with a null AudioClip.

PlayOneShot was called with a null AudioClip.

PlayOneShot was called with a null AudioClip.

PlayOneShot was called with a null AudioClip.

PlayOneShot was called with a null AudioClip.

PlayOneShot was called with a null AudioClip.

PlayOneShot was called with a null AudioClip.

PlayOneShot was called with a null AudioClip.

PlayOneShot was called with a null AudioClip.

PlayOneShot was called with a null AudioClip.

PlayOneShot was called with a null AudioClip.

PlayOneShot was called with a null AudioClip.

PlayOneShot was called with a null AudioClip.

PlayOneShot was called with a null AudioClip.

PlayOneShot was called with a null AudioClip.

AddEventHandlerComponent: PlayMakerFixedUpdate

AddEventHandlerComponent: PlayMakerFixedUpdate

Deferring level start (marked as manual).

Object Pool attached to GlobalPool has run out of Plat Stream Dust prefabs, Instantiating an additional one.

PlayOneShot was called with a null AudioClip.

PlayOneShot was called with a null AudioClip.

PlayOneShot was called with a null AudioClip.

PlayOneShot was called with a null AudioClip.

PlayOneShot was called with a null AudioClip.

PlayOneShot was called with a null AudioClip.

AddEventHandlerComponent: PlayMakerFixedUpdate

AddEventHandlerComponent: PlayMakerFixedUpdate

AddEventHandlerComponent: PlayMakerFixedUpdate

AddEventHandlerComponent: PlayMakerFixedUpdate

Deferring level start (marked as manual).

Object Pool attached to GlobalPool has run out of Arrow Prompt prefabs, Instantiating an additional one.

Deferring level start (marked as manual).

AddEventHandlerComponent: PlayMakerFixedUpdate

AddEventHandlerComponent: PlayMakerFixedUpdate

AddEventHandlerComponent: PlayMakerFixedUpdate

AddEventHandlerComponent: PlayMakerFixedUpdate

AddEventHandlerComponent: PlayMakerFixedUpdate

AddEventHandlerComponent: PlayMakerFixedUpdate

AddEventHandlerComponent: PlayMakerFixedUpdate

AddEventHandlerComponent: PlayMakerCollisionEnter2D

AddEventHandlerComponent: PlayMakerFixedUpdate

AddEventHandlerComponent: PlayMakerFixedUpdate

AddEventHandlerComponent: PlayMakerFixedUpdate

AddEventHandlerComponent: PlayMakerFixedUpdate

AddEventHandlerComponent: PlayMakerFixedUpdate

AddEventHandlerComponent: PlayMakerFixedUpdate

Deferring level start (marked as manual).

PlayOneShot was called with a null AudioClip.

AddEventHandlerComponent: PlayMakerFixedUpdate

AddEventHandlerComponent: PlayMakerFixedUpdate

AddEventHandlerComponent: PlayMakerFixedUpdate

AddEventHandlerComponent: PlayMakerCollisionEnter2D

AddEventHandlerComponent: PlayMakerFixedUpdate

Deferring level start (marked as manual).

PlayOneShot was called with a null AudioClip.

Could not find FSM: Enough Geo

LoadLevel: Cinematic_Stag_travel

Unloading 64 Unused Serialized files (Serialized files now loaded: 0)
UnloadTime: 2.466800 ms
Performing automatic level start.


Unloading 5290 unused Assets to reduce memory usage. Loaded Objects now: 56473.
Total: 222.058300 ms (FindLiveObjects: 3.635500 ms CreateObjectMapping: 2.513700 ms MarkObjects: 204.246600 ms  DeleteObjects: 11.661900 ms)

Setting skip mode: SKIP_INSTANT

Started cinematic 'StagTunnelRun'

Started cinematic 'StagTunnelRun'

Stopped cinematic 'StagTunnelRun'

AddEventHandlerComponent: PlayMakerFixedUpdate

AddEventHandlerComponent: PlayMakerFixedUpdate

AddEventHandlerComponent: PlayMakerFixedUpdate

AddEventHandlerComponent: PlayMakerFixedUpdate

Deferring level start (marked as manual).

PlayOneShot was called with a null AudioClip.

Deferring level start (marked as manual).

AddEventHandlerComponent: PlayMakerFixedUpdate

Deferring level start (marked as manual).

Deferring level start (marked as manual).

AddEventHandlerComponent: PlayMakerFixedUpdate

AddEventHandlerComponent: PlayMakerFixedUpdate

AddEventHandlerComponent: PlayMakerFixedUpdate

AddEventHandlerComponent: PlayMakerFixedUpdate

Deferring level start (marked as manual).

PlayOneShot was called with a null AudioClip.

Could not find FSM: Enough Geo

LoadLevel: Cinematic_Stag_travel

Unloading 32 Unused Serialized files (Serialized files now loaded: 0)
UnloadTime: 2.880100 ms
Performing automatic level start.


Unloading 1606 unused Assets to reduce memory usage. Loaded Objects now: 56471.
Total: 227.682400 ms (FindLiveObjects: 3.570600 ms CreateObjectMapping: 2.071100 ms MarkObjects: 217.205900 ms  DeleteObjects: 4.834200 ms)

Setting skip mode: SKIP_INSTANT

Started cinematic 'StagTunnelRun'

Started cinematic 'StagTunnelRun'

Stopped cinematic 'StagTunnelRun'

AddEventHandlerComponent: PlayMakerFixedUpdate

AddEventHandlerComponent: PlayMakerFixedUpdate

AddEventHandlerComponent: PlayMakerFixedUpdate

AddEventHandlerComponent: PlayMakerFixedUpdate

Deferring level start (marked as manual).

PlayOneShot was called with a null AudioClip.

AddEventHandlerComponent: PlayMakerFixedUpdate

AddEventHandlerComponent: PlayMakerFixedUpdate

AddEventHandlerComponent: PlayMakerCollisionEnter2D

AddEventHandlerComponent: PlayMakerFixedUpdate

AddEventHandlerComponent: PlayMakerFixedUpdate

AddEventHandlerComponent: PlayMakerFixedUpdate

AddEventHandlerComponent: PlayMakerFixedUpdate

AddEventHandlerComponent: PlayMakerFixedUpdate

AddEventHandlerComponent: PlayMakerFixedUpdate

AddEventHandlerComponent: PlayMakerFixedUpdate

AddEventHandlerComponent: PlayMakerCollisionEnter2D

AddEventHandlerComponent: PlayMakerFixedUpdate

AddEventHandlerComponent: PlayMakerFixedUpdate

AddEventHandlerComponent: PlayMakerFixedUpdate

Persistent Bool Item (Vine Platform) does not have a PlayMakerFSM attached to read state from.

Persistent Bool Item (Vine Platform (1)) does not have a PlayMakerFSM attached to read state from.

Deferring level start (marked as manual).

Object Pool attached to GlobalPool has run out of Arrow Prompt prefabs, Instantiating an additional one.

AddEventHandlerComponent: PlayMakerFixedUpdate

AddEventHandlerComponent: PlayMakerFixedUpdate

Deferring level start (marked as manual).

Persistent Bool Item (Vine Platform) does not have a PlayMakerFSM attached to read state from.

Deferring level start (marked as manual).

AddEventHandlerComponent: PlayMakerFixedUpdate

AddEventHandlerComponent: PlayMakerFixedUpdate

AddEventHandlerComponent: PlayMakerFixedUpdate

AddEventHandlerComponent: PlayMakerFixedUpdate

AddEventHandlerComponent: PlayMakerFixedUpdate

AddEventHandlerComponent: PlayMakerFixedUpdate

AddEventHandlerComponent: PlayMakerFixedUpdate

AddEventHandlerComponent: PlayMakerFixedUpdate

AddEventHandlerComponent: PlayMakerFixedUpdate

AddEventHandlerComponent: PlayMakerFixedUpdate

AddEventHandlerComponent: PlayMakerFixedUpdate

AddEventHandlerComponent: PlayMakerFixedUpdate

AddEventHandlerComponent: PlayMakerFixedUpdate

AddEventHandlerComponent: PlayMakerFixedUpdate

AddEventHandlerComponent: PlayMakerFixedUpdate

AddEventHandlerComponent: PlayMakerFixedUpdate

AddEventHandlerComponent: PlayMakerFixedUpdate

AddEventHandlerComponent: PlayMakerFixedUpdate

AddEventHandlerComponent: PlayMakerFixedUpdate

AddEventHandlerComponent: PlayMakerFixedUpdate

AddEventHandlerComponent: PlayMakerFixedUpdate

Deferring level start (marked as manual).

PlayOneShot was called with a null AudioClip.

AddEventHandlerComponent: PlayMakerFixedUpdate

AddEventHandlerComponent: PlayMakerFixedUpdate

Deferring level start (marked as manual).

Setting skip mode: SKIP_INSTANT

Creating new CinematicVideoPlayer for in game video

Waiting for CinematicVideoPlayer in game video load...

Starting cinematic video player in game video.

Finishing in-game video.

Object Pool attached to GlobalPool could not find a copy of Audio Player NoDestroy, Instantiating a new one.

AddEventHandlerComponent: PlayMakerFixedUpdate

AddEventHandlerComponent: PlayMakerFixedUpdate

AddEventHandlerComponent: PlayMakerFixedUpdate

Deferring level start (marked as manual).

Object Pool attached to GlobalPool has run out of Slash Impact R prefabs, Instantiating an additional one.

Persistent Bool Item (Vine Platform) does not have a PlayMakerFSM attached to read state from.

Deferring level start (marked as manual).

AddEventHandlerComponent: PlayMakerFixedUpdate

AddEventHandlerComponent: PlayMakerFixedUpdate

AddEventHandlerComponent: PlayMakerFixedUpdate

AddEventHandlerComponent: PlayMakerFixedUpdate

AddEventHandlerComponent: PlayMakerFixedUpdate

AddEventHandlerComponent: PlayMakerFixedUpdate

AddEventHandlerComponent: PlayMakerFixedUpdate

AddEventHandlerComponent: PlayMakerFixedUpdate

AddEventHandlerComponent: PlayMakerFixedUpdate

AddEventHandlerComponent: PlayMakerFixedUpdate

AddEventHandlerComponent: PlayMakerFixedUpdate

AddEventHandlerComponent: PlayMakerFixedUpdate

AddEventHandlerComponent: PlayMakerFixedUpdate

AddEventHandlerComponent: PlayMakerFixedUpdate

AddEventHandlerComponent: PlayMakerFixedUpdate

AddEventHandlerComponent: PlayMakerFixedUpdate

AddEventHandlerComponent: PlayMakerFixedUpdate

AddEventHandlerComponent: PlayMakerFixedUpdate

AddEventHandlerComponent: PlayMakerFixedUpdate

AddEventHandlerComponent: PlayMakerFixedUpdate

Deferring level start (marked as manual).

AddEventHandlerComponent: PlayMakerFixedUpdate

AddEventHandlerComponent: PlayMakerFixedUpdate

AddEventHandlerComponent: PlayMakerCollisionEnter2D

AddEventHandlerComponent: PlayMakerFixedUpdate

AddEventHandlerComponent: PlayMakerFixedUpdate

AddEventHandlerComponent: PlayMakerFixedUpdate

AddEventHandlerComponent: PlayMakerFixedUpdate

AddEventHandlerComponent: PlayMakerFixedUpdate

AddEventHandlerComponent: PlayMakerFixedUpdate

AddEventHandlerComponent: PlayMakerFixedUpdate

AddEventHandlerComponent: PlayMakerCollisionEnter2D

AddEventHandlerComponent: PlayMakerFixedUpdate

AddEventHandlerComponent: PlayMakerFixedUpdate

AddEventHandlerComponent: PlayMakerFixedUpdate

Persistent Bool Item (Vine Platform) does not have a PlayMakerFSM attached to read state from.

Persistent Bool Item (Vine Platform (1)) does not have a PlayMakerFSM attached to read state from.

Deferring level start (marked as manual).

AddEventHandlerComponent: PlayMakerFixedUpdate

AddEventHandlerComponent: PlayMakerFixedUpdate

AddEventHandlerComponent: PlayMakerFixedUpdate

AddEventHandlerComponent: PlayMakerFixedUpdate

Deferring level start (marked as manual).

PlayOneShot was called with a null AudioClip.

Could not find FSM: Enough Geo

LoadLevel: Cinematic_Stag_travel

Unloading 41 Unused Serialized files (Serialized files now loaded: 0)
UnloadTime: 3.217300 ms
Performing automatic level start.


Unloading 2388 unused Assets to reduce memory usage. Loaded Objects now: 56624.
Total: 216.492800 ms (FindLiveObjects: 3.843500 ms CreateObjectMapping: 2.295100 ms MarkObjects: 203.451900 ms  DeleteObjects: 6.901500 ms)

Setting skip mode: SKIP_INSTANT

Started cinematic 'StagTunnelRun'

Started cinematic 'StagTunnelRun'

Stopped cinematic 'StagTunnelRun'

AddEventHandlerComponent: PlayMakerFixedUpdate

AddEventHandlerComponent: PlayMakerFixedUpdate

AddEventHandlerComponent: PlayMakerFixedUpdate

AddEventHandlerComponent: PlayMakerFixedUpdate

Deferring level start (marked as manual).

PlayOneShot was called with a null AudioClip.

AddEventHandlerComponent: PlayMakerFixedUpdate

AddEventHandlerComponent: PlayMakerFixedUpdate

Deferring level start (marked as manual).

AddEventHandlerComponent: PlayMakerFixedUpdate

AddEventHandlerComponent: PlayMakerFixedUpdate

AddEventHandlerComponent: PlayMakerFixedUpdate

AddEventHandlerComponent: PlayMakerFixedUpdate

AddEventHandlerComponent: PlayMakerFixedUpdate

AddEventHandlerComponent: PlayMakerFixedUpdate

AddEventHandlerComponent: PlayMakerFixedUpdate

AddEventHandlerComponent: PlayMakerFixedUpdate

AddEventHandlerComponent: PlayMakerFixedUpdate

AddEventHandlerComponent: PlayMakerFixedUpdate

AddEventHandlerComponent: PlayMakerFixedUpdate

AddEventHandlerComponent: PlayMakerFixedUpdate

AddEventHandlerComponent: PlayMakerFixedUpdate

AddEventHandlerComponent: PlayMakerFixedUpdate

AddEventHandlerComponent: PlayMakerFixedUpdate

Deferring level start (marked as manual).

AddEventHandlerComponent: PlayMakerFixedUpdate

AddEventHandlerComponent: PlayMakerFixedUpdate

AddEventHandlerComponent: PlayMakerFixedUpdate

AddEventHandlerComponent: PlayMakerFixedUpdate

AddEventHandlerComponent: PlayMakerFixedUpdate

AddEventHandlerComponent: PlayMakerFixedUpdate

PlayOneShot was called with a null AudioClip.

PlayOneShot was called with a null AudioClip.

PlayOneShot was called with a null AudioClip.

AddEventHandlerComponent: PlayMakerFixedUpdate

AddEventHandlerComponent: PlayMakerFixedUpdate

AddEventHandlerComponent: PlayMakerFixedUpdate

AddEventHandlerComponent: PlayMakerFixedUpdate

AddEventHandlerComponent: PlayMakerFixedUpdate

AddEventHandlerComponent: PlayMakerFixedUpdate

AddEventHandlerComponent: PlayMakerFixedUpdate

AddEventHandlerComponent: PlayMakerFixedUpdate

AddEventHandlerComponent: PlayMakerFixedUpdate

AddEventHandlerComponent: PlayMakerFixedUpdate

AddEventHandlerComponent: PlayMakerFixedUpdate

AddEventHandlerComponent: PlayMakerFixedUpdate

AddEventHandlerComponent: PlayMakerFixedUpdate

AddEventHandlerComponent: PlayMakerFixedUpdate

AddEventHandlerComponent: PlayMakerFixedUpdate

AddEventHandlerComponent: PlayMakerFixedUpdate

AddEventHandlerComponent: PlayMakerFixedUpdate

AddEventHandlerComponent: PlayMakerFixedUpdate

AddEventHandlerComponent: PlayMakerFixedUpdate

AddEventHandlerComponent: PlayMakerFixedUpdate

AddEventHandlerComponent: PlayMakerFixedUpdate

AddEventHandlerComponent: PlayMakerFixedUpdate

AddEventHandlerComponent: PlayMakerFixedUpdate

AddEventHandlerComponent: PlayMakerFixedUpdate

AddEventHandlerComponent: PlayMakerFixedUpdate

Deferring level start (marked as manual).

PlayOneShot was called with a null AudioClip.

AddEventHandlerComponent: PlayMakerFixedUpdate

PlayOneShot was called with a null AudioClip.

AddEventHandlerComponent: PlayMakerFixedUpdate

AddEventHandlerComponent: PlayMakerFixedUpdate

AddEventHandlerComponent: PlayMakerFixedUpdate

AddEventHandlerComponent: PlayMakerFixedUpdate

AddEventHandlerComponent: PlayMakerFixedUpdate

AddEventHandlerComponent: PlayMakerFixedUpdate

AddEventHandlerComponent: PlayMakerFixedUpdate

AddEventHandlerComponent: PlayMakerFixedUpdate

AddEventHandlerComponent: PlayMakerFixedUpdate

AddEventHandlerComponent: PlayMakerFixedUpdate

AddEventHandlerComponent: PlayMakerFixedUpdate

AddEventHandlerComponent: PlayMakerFixedUpdate

AddEventHandlerComponent: PlayMakerFixedUpdate

AddEventHandlerComponent: PlayMakerFixedUpdate

AddEventHandlerComponent: PlayMakerFixedUpdate

Deferring level start (marked as manual).

AddEventHandlerComponent: PlayMakerFixedUpdate

AddEventHandlerComponent: PlayMakerFixedUpdate

AddEventHandlerComponent: PlayMakerFixedUpdate

AddEventHandlerComponent: PlayMakerFixedUpdate

AddEventHandlerComponent: PlayMakerFixedUpdate

AddEventHandlerComponent: PlayMakerFixedUpdate

Deferring level start (marked as manual).

AddEventHandlerComponent: PlayMakerFixedUpdate

AddEventHandlerComponent: PlayMakerFixedUpdate

AddEventHandlerComponent: PlayMakerFixedUpdate

AddEventHandlerComponent: PlayMakerFixedUpdate

AddEventHandlerComponent: PlayMakerFixedUpdate

Deferring level start (marked as manual).

AddEventHandlerComponent: PlayMakerFixedUpdate

AddEventHandlerComponent: PlayMakerFixedUpdate

AddEventHandlerComponent: PlayMakerFixedUpdate

AddEventHandlerComponent: PlayMakerFixedUpdate

AddEventHandlerComponent: PlayMakerFixedUpdate

AddEventHandlerComponent: PlayMakerFixedUpdate

AddEventHandlerComponent: PlayMakerFixedUpdate

AddEventHandlerComponent: PlayMakerFixedUpdate

AddEventHandlerComponent: PlayMakerFixedUpdate

AddEventHandlerComponent: PlayMakerFixedUpdate

Deferring level start (marked as manual).

AddEventHandlerComponent: PlayMakerFixedUpdate

AddEventHandlerComponent: PlayMakerFixedUpdate

AddEventHandlerComponent: PlayMakerFixedUpdate

AddEventHandlerComponent: PlayMakerFixedUpdate

AddEventHandlerComponent: PlayMakerFixedUpdate

AddEventHandlerComponent: PlayMakerFixedUpdate

AddEventHandlerComponent: PlayMakerFixedUpdate

AddEventHandlerComponent: PlayMakerFixedUpdate

AddEventHandlerComponent: PlayMakerFixedUpdate

AddEventHandlerComponent: PlayMakerFixedUpdate

Deferring level start (marked as manual).

AddEventHandlerComponent: PlayMakerFixedUpdate

AddEventHandlerComponent: PlayMakerFixedUpdate

AddEventHandlerComponent: PlayMakerFixedUpdate

AddEventHandlerComponent: PlayMakerFixedUpdate

AddEventHandlerComponent: PlayMakerFixedUpdate

Deferring level start (marked as manual).

AddEventHandlerComponent: PlayMakerFixedUpdate

PlayOneShot was called with a null AudioClip.

AddEventHandlerComponent: PlayMakerFixedUpdate

AddEventHandlerComponent: PlayMakerFixedUpdate

AddEventHandlerComponent: PlayMakerFixedUpdate

Deferring level start (marked as manual).

AddEventHandlerComponent: PlayMakerFixedUpdate

AddEventHandlerComponent: PlayMakerFixedUpdate

AddEventHandlerComponent: PlayMakerFixedUpdate

AddEventHandlerComponent: PlayMakerFixedUpdate

AddEventHandlerComponent: PlayMakerFixedUpdate

AddEventHandlerComponent: PlayMakerFixedUpdate

AddEventHandlerComponent: PlayMakerFixedUpdate

AddEventHandlerComponent: PlayMakerFixedUpdate

AddEventHandlerComponent: PlayMakerFixedUpdate

AddEventHandlerComponent: PlayMakerFixedUpdate

AddEventHandlerComponent: PlayMakerFixedUpdate

AddEventHandlerComponent: PlayMakerFixedUpdate

AddEventHandlerComponent: PlayMakerFixedUpdate

AddEventHandlerComponent: PlayMakerFixedUpdate

AddEventHandlerComponent: PlayMakerFixedUpdate

AddEventHandlerComponent: PlayMakerFixedUpdate

AddEventHandlerComponent: PlayMakerFixedUpdate

AddEventHandlerComponent: PlayMakerFixedUpdate

AddEventHandlerComponent: PlayMakerFixedUpdate

Object Pool attached to GlobalPool has run out of Audio Player Actor 2D prefabs, Instantiating an additional one.

AddEventHandlerComponent: PlayMakerFixedUpdate

AddEventHandlerComponent: PlayMakerFixedUpdate

AddEventHandlerComponent: PlayMakerFixedUpdate

AddEventHandlerComponent: PlayMakerFixedUpdate

AddEventHandlerComponent: PlayMakerFixedUpdate

Deferring level start (marked as manual).

AddEventHandlerComponent: PlayMakerFixedUpdate

PlayOneShot was called with a null AudioClip.

AddEventHandlerComponent: PlayMakerFixedUpdate

Unloading 51 Unused Serialized files (Serialized files now loaded: 0)
UnloadTime: 5.583100 ms
Deferring level start (marked as manual).


Unloading 2520 unused Assets to reduce memory usage. Loaded Objects now: 55860.
Total: 211.563300 ms (FindLiveObjects: 5.162600 ms CreateObjectMapping: 2.714900 ms MarkObjects: 195.887000 ms  DeleteObjects: 7.798400 ms)

Unloading 5 Unused Serialized files (Serialized files now loaded: 0)
UnloadTime: 0.338800 ms
DontDestroyOnLoad only works for root GameObjects or components on root GameObjects.

Performing automatic level start.

Failed to retrieve achievement state for ENDING_C

Failed to retrieve achievement state for STEELSOUL

Game controller set to None.

Failed to retrieve achievement state for DREAM_SOUL_MASTER_DEFEAT

Failed to retrieve achievement state for ZOTE

Failed to retrieve achievement state for NAILSMITH_KILL

Failed to retrieve achievement state for NAILSMITH_SPARE

Failed to retrieve achievement state for QUIRREL_EPILOGUE

Failed to retrieve achievement state for MOURNER

Failed to retrieve achievement state for STAG_STATION_ALL

Failed to retrieve achievement state for ENDING_A

Failed to retrieve achievement state for ENDING_C

Failed to retrieve achievement state for VOID

Failed to retrieve achievement state for SPEEDRUN_1

Failed to retrieve achievement state for SPEEDRUN_2

Failed to retrieve achievement state for SPEED_COMPLETION

Failed to retrieve achievement state for STEELSOUL

Failed to retrieve achievement state for STEELSOUL_COMPLETION

Failed to retrieve achievement state for HUNTER_1

Failed to retrieve achievement state for HUNTER_2

Failed to retrieve achievement state for MR_MUSHROOM

Failed to retrieve achievement state for GREY_PRINCE

Failed to retrieve achievement state for BANISHMENT

Failed to retrieve achievement state for PANTHEON3

Failed to retrieve achievement state for ENDINGD

pd.maxHealth: 11 pd.maxHealthBase: 9

pd.maxHealth: 8 pd.maxHealthBase: 8

pd.maxHealth: 7 pd.maxHealthBase: 7

pd.maxHealth: 9 pd.maxHealthBase: 7


Unloading 818 unused Assets to reduce memory usage. Loaded Objects now: 48108.
Total: 172.812700 ms (FindLiveObjects: 3.170900 ms CreateObjectMapping: 1.848600 ms MarkObjects: 165.899100 ms  DeleteObjects: 1.889600 ms)

Making UI menu lean.

AddEventHandlerComponent: PlayMakerFixedUpdate

AddEventHandlerComponent: PlayMakerFixedUpdate

AddEventHandlerComponent: PlayMakerFixedUpdate

AddEventHandlerComponent: PlayMakerFixedUpdate

AddEventHandlerComponent: PlayMakerFixedUpdate

AddEventHandlerComponent: PlayMakerFixedUpdate

AddEventHandlerComponent: PlayMakerFixedUpdate

AddEventHandlerComponent: PlayMakerFixedUpdate

AddEventHandlerComponent: PlayMakerFixedUpdate

AddEventHandlerComponent: PlayMakerFixedUpdate

AddEventHandlerComponent: PlayMakerFixedUpdate

AddEventHandlerComponent: PlayMakerFixedUpdate

AddEventHandlerComponent: PlayMakerFixedUpdate

Deferring level start (marked as manual).

Unloading 21 Unused Serialized files (Serialized files now loaded: 0)

Unloading 186 unused Assets to reduce memory usage. Loaded Objects now: 50007.
Total: 193.473500 ms (FindLiveObjects: 2.728600 ms CreateObjectMapping: 1.661300 ms MarkObjects: 187.965200 ms  DeleteObjects: 1.118000 ms)

PlayOneShot was called with a null AudioClip.

Could not find FSM: Enough Geo

LoadLevel: Cinematic_Stag_travel

Unloading 6 Unused Serialized files (Serialized files now loaded: 0)
UnloadTime: 2.409600 ms
Performing automatic level start.


Unloading 631 unused Assets to reduce memory usage. Loaded Objects now: 56291.
Total: 209.777000 ms (FindLiveObjects: 3.395700 ms CreateObjectMapping: 2.796100 ms MarkObjects: 201.441200 ms  DeleteObjects: 2.143100 ms)

Setting skip mode: SKIP_INSTANT

Started cinematic 'StagTunnelRun'

Started cinematic 'StagTunnelRun'

AddEventHandlerComponent: PlayMakerFixedUpdate

AddEventHandlerComponent: PlayMakerFixedUpdate

AddEventHandlerComponent: PlayMakerFixedUpdate

AddEventHandlerComponent: PlayMakerFixedUpdate

AddEventHandlerComponent: PlayMakerFixedUpdate

Deferring level start (marked as manual).

PlayOneShot was called with a null AudioClip.

Object Pool attached to GlobalPool has run out of Run Effects prefabs, Instantiating an additional one.

AddEventHandlerComponent: PlayMakerFixedUpdate

AddEventHandlerComponent: PlayMakerFixedUpdate

AddEventHandlerComponent: PlayMakerFixedUpdate

AddEventHandlerComponent: PlayMakerFixedUpdate

AddEventHandlerComponent: PlayMakerFixedUpdate

AddEventHandlerComponent: PlayMakerFixedUpdate

AddEventHandlerComponent: PlayMakerFixedUpdate

AddEventHandlerComponent: PlayMakerFixedUpdate

AddEventHandlerComponent: PlayMakerFixedUpdate

Deferring level start (marked as manual).

AddEventHandlerComponent: PlayMakerFixedUpdate

AddEventHandlerComponent: PlayMakerFixedUpdate

AddEventHandlerComponent: PlayMakerFixedUpdate

PlayOneShot was called with a null AudioClip.

Object Pool attached to GlobalPool has run out of Slash Impact R prefabs, Instantiating an additional one.

Object Pool attached to GlobalPool has run out of Strike Nail R prefabs, Instantiating an additional one.

Object Pool attached to GlobalPool has run out of Strike Nail R prefabs, Instantiating an additional one.

Object Pool attached to GlobalPool has run out of Slash Impact R prefabs, Instantiating an additional one.

AddEventHandlerComponent: PlayMakerFixedUpdate

AddEventHandlerComponent: PlayMakerFixedUpdate

AddEventHandlerComponent: PlayMakerFixedUpdate

AddEventHandlerComponent: PlayMakerFixedUpdate

AddEventHandlerComponent: PlayMakerFixedUpdate

AddEventHandlerComponent: PlayMakerFixedUpdate

Deferring level start (marked as manual).

AddEventHandlerComponent: PlayMakerFixedUpdate

AddEventHandlerComponent: PlayMakerFixedUpdate

AddEventHandlerComponent: PlayMakerFixedUpdate

AddEventHandlerComponent: PlayMakerFixedUpdate

AddEventHandlerComponent: PlayMakerFixedUpdate

PlayOneShot was called with a null AudioClip.

PlayOneShot was called with a null AudioClip.

AddEventHandlerComponent: PlayMakerFixedUpdate

AddEventHandlerComponent: PlayMakerFixedUpdate

AddEventHandlerComponent: PlayMakerFixedUpdate

Deferring level start (marked as manual).

AddEventHandlerComponent: PlayMakerFixedUpdate

AddEventHandlerComponent: PlayMakerFixedUpdate

AddEventHandlerComponent: PlayMakerFixedUpdate

AddEventHandlerComponent: PlayMakerFixedUpdate

AddEventHandlerComponent: PlayMakerFixedUpdate

Additively loaded scene: Crossroads_10_boss_defeated in sequence

Object Pool attached to GlobalPool has run out of Run Effects prefabs, Instantiating an additional one.

Object Pool attached to GlobalPool has run out of Run Effects prefabs, Instantiating an additional one.

Object Pool attached to GlobalPool has run out of Run Effects prefabs, Instantiating an additional one.

PlayOneShot was called with a null AudioClip.

AddEventHandlerComponent: PlayMakerFixedUpdate

AddEventHandlerComponent: PlayMakerFixedUpdate

Deferring level start (marked as manual).

Deferring level start (marked as manual).

Could not find FSM: health_manager

Object Pool attached to GlobalPool has run out of Particle Rock Small prefabs, Instantiating an additional one.

Object Pool attached to GlobalPool has run out of Particle Rock Small prefabs, Instantiating an additional one.

Object Pool attached to GlobalPool has run out of Particle Rock Small prefabs, Instantiating an additional one.

Object Pool attached to GlobalPool has run out of Particle Rock Small prefabs, Instantiating an additional one.

Object Pool attached to GlobalPool has run out of Particle Rock Small prefabs, Instantiating an additional one.

Object Pool attached to GlobalPool has run out of Particle Rock Small prefabs, Instantiating an additional one.

Object Pool attached to GlobalPool has run out of Particle Rock Small prefabs, Instantiating an additional one.

Object Pool attached to GlobalPool has run out of Particle Rock Small prefabs, Instantiating an additional one.

Object Pool attached to GlobalPool has run out of Particle Rock Small prefabs, Instantiating an additional one.

Object Pool attached to GlobalPool has run out of Particle Rock Small prefabs, Instantiating an additional one.

Object Pool attached to GlobalPool has run out of Particle Rock Small prefabs, Instantiating an additional one.

Object Pool attached to GlobalPool has run out of Particle Rock Small prefabs, Instantiating an additional one.

Object Pool attached to GlobalPool has run out of Particle Rock Small prefabs, Instantiating an additional one.

Object Pool attached to GlobalPool has run out of Particle Rock Small prefabs, Instantiating an additional one.

Object Pool attached to GlobalPool has run out of Particle Rock Small prefabs, Instantiating an additional one.

Object Pool attached to GlobalPool has run out of Particle Rock Small prefabs, Instantiating an additional one.

Object Pool attached to GlobalPool has run out of Particle Rock Small prefabs, Instantiating an additional one.

Object Pool attached to GlobalPool has run out of Particle Rock Small prefabs, Instantiating an additional one.

Object Pool attached to GlobalPool has run out of Particle Rock Small prefabs, Instantiating an additional one.

Object Pool attached to GlobalPool has run out of Particle Rock Small prefabs, Instantiating an additional one.

PlayOneShot was called with a null AudioClip.

AddEventHandlerComponent: PlayMakerFixedUpdate

AddEventHandlerComponent: PlayMakerFixedUpdate

AddEventHandlerComponent: PlayMakerFixedUpdate

AddEventHandlerComponent: PlayMakerFixedUpdate

AddEventHandlerComponent: PlayMakerFixedUpdate

AddEventHandlerComponent: PlayMakerFixedUpdate

Object Pool attached to GlobalPool could not find a copy of Dust Hit Plume R, Instantiating a new one.

AddEventHandlerComponent: PlayMakerFixedUpdate

Object Pool attached to GlobalPool has run out of Shockwave Spurt L prefabs, Instantiating an additional one.

Object Pool attached to GlobalPool has run out of Shockwave Spurt L prefabs, Instantiating an additional one.

Object Pool attached to GlobalPool has run out of Shockwave Spurt L prefabs, Instantiating an additional one.

Object Pool attached to GlobalPool has run out of Shockwave Spurt L prefabs, Instantiating an additional one.

Object Pool attached to GlobalPool has run out of Shockwave Spurt L prefabs, Instantiating an additional one.

Object Pool attached to GlobalPool has run out of Shockwave Spurt L prefabs, Instantiating an additional one.

Object Pool attached to GlobalPool has run out of Shockwave Spurt L prefabs, Instantiating an additional one.

Object Pool attached to GlobalPool has run out of Shockwave Spurt L prefabs, Instantiating an additional one.

Object Pool attached to GlobalPool has run out of Shockwave Spurt L prefabs, Instantiating an additional one.

Object Pool attached to GlobalPool has run out of Shockwave Spurt L prefabs, Instantiating an additional one.

Object Pool attached to GlobalPool has run out of Shockwave Spurt L prefabs, Instantiating an additional one.

Object Pool attached to GlobalPool has run out of Shockwave Spurt L prefabs, Instantiating an additional one.

Object Pool attached to GlobalPool has run out of Shockwave Spurt L prefabs, Instantiating an additional one.

Object Pool attached to GlobalPool has run out of Shockwave Spurt L prefabs, Instantiating an additional one.

Object Pool attached to GlobalPool has run out of Shockwave Spurt L prefabs, Instantiating an additional one.

Object Pool attached to GlobalPool has run out of Shockwave Spurt L prefabs, Instantiating an additional one.

Object Pool attached to GlobalPool has run out of Shockwave Spurt L prefabs, Instantiating an additional one.

Object Pool attached to GlobalPool has run out of Shockwave Spurt L prefabs, Instantiating an additional one.

Object Pool attached to GlobalPool has run out of Shockwave Spurt L prefabs, Instantiating an additional one.

Object Pool attached to GlobalPool has run out of Shockwave Spurt L prefabs, Instantiating an additional one.

Object Pool attached to GlobalPool has run out of Shockwave Spurt L prefabs, Instantiating an additional one.

Object Pool attached to GlobalPool has run out of Shockwave Spurt L prefabs, Instantiating an additional one.

AddEventHandlerComponent: PlayMakerFixedUpdate

Object Pool attached to GlobalPool has run out of Shockwave Spurt L prefabs, Instantiating an additional one.

Object Pool attached to GlobalPool has run out of Shockwave Spurt L prefabs, Instantiating an additional one.

Object Pool attached to GlobalPool has run out of Shockwave Spurt L prefabs, Instantiating an additional one.

Object Pool attached to GlobalPool has run out of Shockwave Spurt L prefabs, Instantiating an additional one.

Object Pool attached to GlobalPool has run out of Shockwave Spurt L prefabs, Instantiating an additional one.

Object Pool attached to GlobalPool has run out of Shockwave Spurt L prefabs, Instantiating an additional one.

Object Pool attached to GlobalPool has run out of Shockwave Spurt L prefabs, Instantiating an additional one.

Object Pool attached to GlobalPool has run out of Shockwave Spurt L prefabs, Instantiating an additional one.

Object Pool attached to GlobalPool has run out of Shockwave Spurt L prefabs, Instantiating an additional one.

Object Pool attached to GlobalPool has run out of Shockwave Spurt L prefabs, Instantiating an additional one.

Object Pool attached to GlobalPool has run out of Shockwave Spurt L prefabs, Instantiating an additional one.

Object Pool attached to GlobalPool has run out of Shockwave Spurt L prefabs, Instantiating an additional one.

Object Pool attached to GlobalPool has run out of Shockwave Spurt L prefabs, Instantiating an additional one.

Object Pool attached to GlobalPool has run out of Shockwave Spurt L prefabs, Instantiating an additional one.

Object Pool attached to GlobalPool has run out of Shockwave Spurt L prefabs, Instantiating an additional one.

Object Pool attached to GlobalPool has run out of Shockwave Spurt L prefabs, Instantiating an additional one.

Object Pool attached to GlobalPool has run out of Shockwave Spurt L prefabs, Instantiating an additional one.

Object Pool attached to GlobalPool has run out of Shockwave Spurt L prefabs, Instantiating an additional one.

Object Pool attached to GlobalPool has run out of Shockwave Spurt L prefabs, Instantiating an additional one.

Object Pool attached to GlobalPool has run out of Shockwave Spurt L prefabs, Instantiating an additional one.

Object Pool attached to GlobalPool has run out of Shockwave Spurt L prefabs, Instantiating an additional one.

Object Pool attached to GlobalPool has run out of Shockwave Spurt L prefabs, Instantiating an additional one.

Object Pool attached to GlobalPool has run out of Shockwave Spurt L prefabs, Instantiating an additional one.

AddEventHandlerComponent: PlayMakerFixedUpdate

Object Pool attached to GlobalPool has run out of Shockwave Spurt L prefabs, Instantiating an additional one.

AddEventHandlerComponent: PlayMakerFixedUpdate

AddEventHandlerComponent: PlayMakerFixedUpdate

AddEventHandlerComponent: PlayMakerFixedUpdate

AddEventHandlerComponent: PlayMakerFixedUpdate

Object Pool attached to GlobalPool has run out of Shockwave Spurt L prefabs, Instantiating an additional one.

AddEventHandlerComponent: PlayMakerFixedUpdate

AddEventHandlerComponent: PlayMakerFixedUpdate

AddEventHandlerComponent: PlayMakerFixedUpdate

Object Pool attached to GlobalPool has run out of Falling Barrel prefabs, Instantiating an additional one.

AddEventHandlerComponent: PlayMakerFixedUpdate

Object Pool attached to GlobalPool has run out of Falling Barrel prefabs, Instantiating an additional one.

AddEventHandlerComponent: PlayMakerFixedUpdate

Object Pool attached to GlobalPool has run out of Shockwave Spurt prefabs, Instantiating an additional one.

Object Pool attached to GlobalPool has run out of Shockwave Spurt prefabs, Instantiating an additional one.

Object Pool attached to GlobalPool has run out of Shockwave Spurt prefabs, Instantiating an additional one.

Object Pool attached to GlobalPool has run out of Shockwave Spurt prefabs, Instantiating an additional one.

Object Pool attached to GlobalPool has run out of Shockwave Spurt prefabs, Instantiating an additional one.

Object Pool attached to GlobalPool has run out of Shockwave Spurt prefabs, Instantiating an additional one.

Object Pool attached to GlobalPool has run out of Shockwave Spurt prefabs, Instantiating an additional one.

Object Pool attached to GlobalPool has run out of Shockwave Spurt prefabs, Instantiating an additional one.

Object Pool attached to GlobalPool has run out of Shockwave Spurt prefabs, Instantiating an additional one.

Object Pool attached to GlobalPool has run out of Shockwave Spurt prefabs, Instantiating an additional one.

Object Pool attached to GlobalPool has run out of Shockwave Spurt prefabs, Instantiating an additional one.

Object Pool attached to GlobalPool has run out of Shockwave Spurt prefabs, Instantiating an additional one.

Object Pool attached to GlobalPool has run out of Shockwave Spurt prefabs, Instantiating an additional one.

Object Pool attached to GlobalPool has run out of Shockwave Spurt prefabs, Instantiating an additional one.

Object Pool attached to GlobalPool has run out of Shockwave Spurt prefabs, Instantiating an additional one.

Object Pool attached to GlobalPool has run out of Shockwave Spurt prefabs, Instantiating an additional one.

Object Pool attached to GlobalPool has run out of Shockwave Spurt prefabs, Instantiating an additional one.

Object Pool attached to GlobalPool has run out of Shockwave Spurt prefabs, Instantiating an additional one.

Object Pool attached to GlobalPool has run out of Shockwave Spurt prefabs, Instantiating an additional one.

Object Pool attached to GlobalPool has run out of Shockwave Spurt prefabs, Instantiating an additional one.

Object Pool attached to GlobalPool has run out of Shockwave Spurt prefabs, Instantiating an additional one.

Object Pool attached to GlobalPool has run out of Shockwave Spurt prefabs, Instantiating an additional one.

Object Pool attached to GlobalPool has run out of Shockwave Spurt prefabs, Instantiating an additional one.

Object Pool attached to GlobalPool has run out of Shockwave Spurt prefabs, Instantiating an additional one.

Object Pool attached to GlobalPool has run out of Shockwave Spurt prefabs, Instantiating an additional one.

Object Pool attached to GlobalPool has run out of Shockwave Spurt prefabs, Instantiating an additional one.

Object Pool attached to GlobalPool has run out of Shockwave Spurt prefabs, Instantiating an additional one.

Object Pool attached to GlobalPool has run out of Shockwave Spurt prefabs, Instantiating an additional one.

Object Pool attached to GlobalPool has run out of Shockwave Spurt prefabs, Instantiating an additional one.

Object Pool attached to GlobalPool has run out of Shockwave Spurt prefabs, Instantiating an additional one.

Object Pool attached to GlobalPool has run out of Shockwave Spurt prefabs, Instantiating an additional one.

Object Pool attached to GlobalPool has run out of Shockwave Spurt prefabs, Instantiating an additional one.

Object Pool attached to GlobalPool has run out of Shockwave Spurt prefabs, Instantiating an additional one.

Object Pool attached to GlobalPool has run out of Shockwave Spurt prefabs, Instantiating an additional one.

Object Pool attached to GlobalPool has run out of Shockwave Spurt prefabs, Instantiating an additional one.

Object Pool attached to GlobalPool has run out of Shockwave Spurt prefabs, Instantiating an additional one.

Object Pool attached to GlobalPool has run out of Shockwave Spurt prefabs, Instantiating an additional one.

Object Pool attached to GlobalPool has run out of Shockwave Spurt prefabs, Instantiating an additional one.

Object Pool attached to GlobalPool has run out of Shockwave Spurt prefabs, Instantiating an additional one.

Object Pool attached to GlobalPool has run out of Falling Barrel prefabs, Instantiating an additional one.

AddEventHandlerComponent: PlayMakerFixedUpdate

AddEventHandlerComponent: PlayMakerFixedUpdate

AddEventHandlerComponent: PlayMakerFixedUpdate

AddEventHandlerComponent: PlayMakerFixedUpdate

AddEventHandlerComponent: PlayMakerFixedUpdate

Deferring level start (marked as manual).

AddEventHandlerComponent: PlayMakerFixedUpdate

AddEventHandlerComponent: PlayMakerFixedUpdate

AddEventHandlerComponent: PlayMakerFixedUpdate

AddEventHandlerComponent: PlayMakerFixedUpdate

AddEventHandlerComponent: PlayMakerFixedUpdate

Additively loaded scene: Crossroads_10_boss_defeated in sequence

PlayOneShot was called with a null AudioClip.

AddEventHandlerComponent: PlayMakerFixedUpdate

AddEventHandlerComponent: PlayMakerFixedUpdate

Deferring level start (marked as manual).

Deferring level start (marked as manual).

Could not find FSM: health_manager

PlayOneShot was called with a null AudioClip.

AddEventHandlerComponent: PlayMakerFixedUpdate

AddEventHandlerComponent: PlayMakerFixedUpdate

AddEventHandlerComponent: PlayMakerFixedUpdate

AddEventHandlerComponent: PlayMakerFixedUpdate

AddEventHandlerComponent: PlayMakerFixedUpdate

AddEventHandlerComponent: PlayMakerFixedUpdate

AddEventHandlerComponent: PlayMakerFixedUpdate

AddEventHandlerComponent: PlayMakerFixedUpdate

AddEventHandlerComponent: PlayMakerFixedUpdate

AddEventHandlerComponent: PlayMakerFixedUpdate

Object Pool attached to GlobalPool has run out of Stun Effect prefabs, Instantiating an additional one.

Object Pool attached to GlobalPool could not find a copy of Hit Puff Med, Instantiating a new one.

Object Pool attached to GlobalPool has run out of Hit Puff Med prefabs, Instantiating an additional one.

Object Pool attached to GlobalPool has run out of Dust Hit Plume R prefabs, Instantiating an additional one.

Object Pool attached to GlobalPool has run out of Falling Barrel prefabs, Instantiating an additional one.

AddEventHandlerComponent: PlayMakerFixedUpdate

Object Pool attached to GlobalPool has run out of Falling Barrel prefabs, Instantiating an additional one.

AddEventHandlerComponent: PlayMakerFixedUpdate

Object Pool attached to GlobalPool has run out of Falling Barrel prefabs, Instantiating an additional one.

AddEventHandlerComponent: PlayMakerFixedUpdate

Object Pool attached to GlobalPool has run out of Falling Barrel prefabs, Instantiating an additional one.

AddEventHandlerComponent: PlayMakerFixedUpdate

Object Pool attached to GlobalPool has run out of Falling Barrel prefabs, Instantiating an additional one.

AddEventHandlerComponent: PlayMakerFixedUpdate

AddEventHandlerComponent: PlayMakerFixedUpdate

AddEventHandlerComponent: PlayMakerFixedUpdate

AddEventHandlerComponent: PlayMakerFixedUpdate

Deferring level start (marked as manual).

AddEventHandlerComponent: PlayMakerFixedUpdate

AddEventHandlerComponent: PlayMakerFixedUpdate

AddEventHandlerComponent: PlayMakerFixedUpdate

AddEventHandlerComponent: PlayMakerFixedUpdate

AddEventHandlerComponent: PlayMakerFixedUpdate

Additively loaded scene: Crossroads_10_boss_defeated in sequence

AddEventHandlerComponent: PlayMakerFixedUpdate

AddEventHandlerComponent: PlayMakerFixedUpdate

AddEventHandlerComponent: PlayMakerFixedUpdate

AddEventHandlerComponent: PlayMakerFixedUpdate

AddEventHandlerComponent: PlayMakerFixedUpdate

AddEventHandlerComponent: PlayMakerFixedUpdate

Deferring level start (marked as manual).

Deferring level start (marked as manual).

AddEventHandlerComponent: PlayMakerFixedUpdate

AddEventHandlerComponent: PlayMakerFixedUpdate

AddEventHandlerComponent: PlayMakerFixedUpdate

AddEventHandlerComponent: PlayMakerFixedUpdate

AddEventHandlerComponent: PlayMakerFixedUpdate

PlayOneShot was called with a null AudioClip.

Bump Height: 0.07559395

Bump Height: 0.07559395

Bump Height: 0.07559395

Bump Height: 0.07559395

AddEventHandlerComponent: PlayMakerFixedUpdate

AddEventHandlerComponent: PlayMakerFixedUpdate

AddEventHandlerComponent: PlayMakerFixedUpdate

AddEventHandlerComponent: PlayMakerFixedUpdate

AddEventHandlerComponent: PlayMakerFixedUpdate

AddEventHandlerComponent: PlayMakerFixedUpdate

AddEventHandlerComponent: PlayMakerFixedUpdate

AddEventHandlerComponent: PlayMakerFixedUpdate

AddEventHandlerComponent: PlayMakerFixedUpdate

AddEventHandlerComponent: PlayMakerFixedUpdate

AddEventHandlerComponent: PlayMakerFixedUpdate

AddEventHandlerComponent: PlayMakerFixedUpdate

AddEventHandlerComponent: PlayMakerFixedUpdate

AddEventHandlerComponent: PlayMakerFixedUpdate

AddEventHandlerComponent: PlayMakerFixedUpdate

AddEventHandlerComponent: PlayMakerFixedUpdate

AddEventHandlerComponent: PlayMakerFixedUpdate

AddEventHandlerComponent: PlayMakerFixedUpdate

AddEventHandlerComponent: PlayMakerFixedUpdate

AddEventHandlerComponent: PlayMakerFixedUpdate

AddEventHandlerComponent: PlayMakerFixedUpdate

AddEventHandlerComponent: PlayMakerFixedUpdate

AddEventHandlerComponent: PlayMakerFixedUpdate

AddEventHandlerComponent: PlayMakerFixedUpdate

AddEventHandlerComponent: PlayMakerFixedUpdate

AddEventHandlerComponent: PlayMakerFixedUpdate

AddEventHandlerComponent: PlayMakerFixedUpdate

AddEventHandlerComponent: PlayMakerFixedUpdate

AddEventHandlerComponent: PlayMakerFixedUpdate

AddEventHandlerComponent: PlayMakerFixedUpdate

AddEventHandlerComponent: PlayMakerFixedUpdate

AddEventHandlerComponent: PlayMakerFixedUpdate

AddEventHandlerComponent: PlayMakerFixedUpdate

AddEventHandlerComponent: PlayMakerFixedUpdate

AddEventHandlerComponent: PlayMakerFixedUpdate

AddEventHandlerComponent: PlayMakerFixedUpdate

AddEventHandlerComponent: PlayMakerFixedUpdate

AddEventHandlerComponent: PlayMakerFixedUpdate

AddEventHandlerComponent: PlayMakerFixedUpdate

AddEventHandlerComponent: PlayMakerFixedUpdate

AddEventHandlerComponent: PlayMakerFixedUpdate

AddEventHandlerComponent: PlayMakerFixedUpdate

AddEventHandlerComponent: PlayMakerFixedUpdate

AddEventHandlerComponent: PlayMakerFixedUpdate

AddEventHandlerComponent: PlayMakerFixedUpdate

AddEventHandlerComponent: PlayMakerFixedUpdate

AddEventHandlerComponent: PlayMakerFixedUpdate

AddEventHandlerComponent: PlayMakerFixedUpdate

AddEventHandlerComponent: PlayMakerFixedUpdate

AddEventHandlerComponent: PlayMakerFixedUpdate

AddEventHandlerComponent: PlayMakerFixedUpdate

AddEventHandlerComponent: PlayMakerFixedUpdate

AddEventHandlerComponent: PlayMakerFixedUpdate

AddEventHandlerComponent: PlayMakerFixedUpdate

AddEventHandlerComponent: PlayMakerFixedUpdate

AddEventHandlerComponent: PlayMakerFixedUpdate

AddEventHandlerComponent: PlayMakerFixedUpdate

AddEventHandlerComponent: PlayMakerFixedUpdate

AddEventHandlerComponent: PlayMakerFixedUpdate

AddEventHandlerComponent: PlayMakerFixedUpdate

AddEventHandlerComponent: PlayMakerFixedUpdate

AddEventHandlerComponent: PlayMakerFixedUpdate

AddEventHandlerComponent: PlayMakerFixedUpdate

AddEventHandlerComponent: PlayMakerFixedUpdate

AddEventHandlerComponent: PlayMakerFixedUpdate

AddEventHandlerComponent: PlayMakerFixedUpdate

AddEventHandlerComponent: PlayMakerFixedUpdate

AddEventHandlerComponent: PlayMakerFixedUpdate

AddEventHandlerComponent: PlayMakerFixedUpdate

AddEventHandlerComponent: PlayMakerFixedUpdate

AddEventHandlerComponent: PlayMakerFixedUpdate

AddEventHandlerComponent: PlayMakerFixedUpdate

AddEventHandlerComponent: PlayMakerFixedUpdate

AddEventHandlerComponent: PlayMakerFixedUpdate

AddEventHandlerComponent: PlayMakerFixedUpdate

AddEventHandlerComponent: PlayMakerFixedUpdate

AddEventHandlerComponent: PlayMakerFixedUpdate

AddEventHandlerComponent: PlayMakerFixedUpdate

AddEventHandlerComponent: PlayMakerFixedUpdate

AddEventHandlerComponent: PlayMakerFixedUpdate

AddEventHandlerComponent: PlayMakerFixedUpdate

AddEventHandlerComponent: PlayMakerFixedUpdate

Deferring level start (marked as manual).

Object Pool attached to GlobalPool has run out of Plat Dust prefabs, Instantiating an additional one.

Object Pool attached to GlobalPool has run out of Plat Stream Dust prefabs, Instantiating an additional one.

Object Pool attached to GlobalPool has run out of Plat Dust prefabs, Instantiating an additional one.

Object Pool attached to GlobalPool has run out of Plat Stream Dust prefabs, Instantiating an additional one.

Object Pool attached to GlobalPool has run out of Plat Rocks prefabs, Instantiating an additional one.

Object Pool attached to GlobalPool has run out of particle_orange blood prefabs, Instantiating an additional one.

Object Pool attached to GlobalPool has run out of Plat Rocks prefabs, Instantiating an additional one.

Object Pool attached to GlobalPool has run out of Plat Rocks prefabs, Instantiating an additional one.

Object Pool attached to GlobalPool has run out of Plat Dust prefabs, Instantiating an additional one.

Object Pool attached to GlobalPool has run out of Geo Small prefabs, Instantiating an additional one.

Object Pool attached to GlobalPool has run out of Geo Small prefabs, Instantiating an additional one.

Could not find FSM: health_manager_enemy

Object Pool attached to GlobalPool has run out of Geo Small prefabs, Instantiating an additional one.

Object Pool attached to GlobalPool has run out of Geo Small prefabs, Instantiating an additional one.

Object Pool attached to GlobalPool has run out of Geo Small prefabs, Instantiating an additional one.

Object Pool attached to GlobalPool has run out of Geo Small prefabs, Instantiating an additional one.

Object Pool attached to GlobalPool has run out of Geo Small prefabs, Instantiating an additional one.

Object Pool attached to GlobalPool has run out of Geo Small prefabs, Instantiating an additional one.

Object Pool attached to GlobalPool has run out of Geo Small prefabs, Instantiating an additional one.

Object Pool attached to GlobalPool has run out of Geo Small prefabs, Instantiating an additional one.

Object Pool attached to GlobalPool has run out of Geo Small prefabs, Instantiating an additional one.

Object Pool attached to GlobalPool has run out of Geo Small prefabs, Instantiating an additional one.

Object Pool attached to GlobalPool has run out of Plat Rocks prefabs, Instantiating an additional one.

AddEventHandlerComponent: PlayMakerFixedUpdate

AddEventHandlerComponent: PlayMakerFixedUpdate

AddEventHandlerComponent: PlayMakerFixedUpdate

AddEventHandlerComponent: PlayMakerFixedUpdate

AddEventHandlerComponent: PlayMakerFixedUpdate

AddEventHandlerComponent: PlayMakerFixedUpdate

AddEventHandlerComponent: PlayMakerFixedUpdate

Deferring level start (marked as manual).

AddEventHandlerComponent: PlayMakerFixedUpdate

AddEventHandlerComponent: PlayMakerFixedUpdate

AddEventHandlerComponent: PlayMakerFixedUpdate

AddEventHandlerComponent: PlayMakerFixedUpdate

AddEventHandlerComponent: PlayMakerFixedUpdate

PlayOneShot was called with a null AudioClip.

PlayOneShot was called with a null AudioClip.

AddEventHandlerComponent: PlayMakerFixedUpdate

AddEventHandlerComponent: PlayMakerFixedUpdate

AddEventHandlerComponent: PlayMakerFixedUpdate

AddEventHandlerComponent: PlayMakerFixedUpdate

AddEventHandlerComponent: PlayMakerFixedUpdate

AddEventHandlerComponent: PlayMakerFixedUpdate

AddEventHandlerComponent: PlayMakerFixedUpdate

AddEventHandlerComponent: PlayMakerFixedUpdate

AddEventHandlerComponent: PlayMakerFixedUpdate

Deferring level start (marked as manual).

AddEventHandlerComponent: PlayMakerFixedUpdate

AddEventHandlerComponent: PlayMakerFixedUpdate

AddEventHandlerComponent: PlayMakerFixedUpdate

PlayOneShot was called with a null AudioClip.

AddEventHandlerComponent: PlayMakerFixedUpdate

AddEventHandlerComponent: PlayMakerFixedUpdate

AddEventHandlerComponent: PlayMakerFixedUpdate

AddEventHandlerComponent: PlayMakerFixedUpdate

AddEventHandlerComponent: PlayMakerFixedUpdate

Deferring level start (marked as manual).

PlayOneShot was called with a null AudioClip.

Could not find FSM: Enough Geo

LoadLevel: Cinematic_Stag_travel

Unloading 43 Unused Serialized files (Serialized files now loaded: 0)
UnloadTime: 2.152500 ms
Performing automatic level start.


Unloading 3073 unused Assets to reduce memory usage. Loaded Objects now: 58566.
Total: 217.817200 ms (FindLiveObjects: 3.677200 ms CreateObjectMapping: 2.436900 ms MarkObjects: 204.764600 ms  DeleteObjects: 6.937700 ms)

Setting skip mode: SKIP_INSTANT

Started cinematic 'StagTunnelRun'

Started cinematic 'StagTunnelRun'

AddEventHandlerComponent: PlayMakerFixedUpdate

AddEventHandlerComponent: PlayMakerFixedUpdate

AddEventHandlerComponent: PlayMakerFixedUpdate

AddEventHandlerComponent: PlayMakerFixedUpdate

AddEventHandlerComponent: PlayMakerFixedUpdate

AddEventHandlerComponent: PlayMakerFixedUpdate

Deferring level start (marked as manual).

PlayOneShot was called with a null AudioClip.

AddEventHandlerComponent: PlayMakerFixedUpdate

AddEventHandlerComponent: PlayMakerFixedUpdate

AddEventHandlerComponent: PlayMakerFixedUpdate

AddEventHandlerComponent: PlayMakerFixedUpdate

AddEventHandlerComponent: PlayMakerFixedUpdate

Deferring level start (marked as manual).

Could not find FSM: health_manager_enemy

AddEventHandlerComponent: PlayMakerCollisionEnter2D

AddEventHandlerComponent: PlayMakerFixedUpdate

AddEventHandlerComponent: PlayMakerFixedUpdate

AddEventHandlerComponent: PlayMakerFixedUpdate

AddEventHandlerComponent: PlayMakerFixedUpdate

AddEventHandlerComponent: PlayMakerFixedUpdate

AddEventHandlerComponent: PlayMakerFixedUpdate

AddEventHandlerComponent: PlayMakerFixedUpdate

AddEventHandlerComponent: PlayMakerFixedUpdate

AddEventHandlerComponent: PlayMakerFixedUpdate

AddEventHandlerComponent: PlayMakerFixedUpdate

AddEventHandlerComponent: PlayMakerFixedUpdate

AddEventHandlerComponent: PlayMakerFixedUpdate

Deferring level start (marked as manual).

AddEventHandlerComponent: PlayMakerFixedUpdate

AddEventHandlerComponent: PlayMakerFixedUpdate

AddEventHandlerComponent: PlayMakerFixedUpdate

AddEventHandlerComponent: PlayMakerFixedUpdate

Deferring level start (marked as manual).

PlayOneShot was called with a null AudioClip.

Could not find FSM: health_manager_enemy

Could not find FSM: health_manager_enemy

AddEventHandlerComponent: PlayMakerCollisionEnter2D

AddEventHandlerComponent: PlayMakerFixedUpdate

AddEventHandlerComponent: PlayMakerCollisionEnter2D

AddEventHandlerComponent: PlayMakerFixedUpdate

PlayOneShot was called with a null AudioClip.

PlayOneShot was called with a null AudioClip.

PlayOneShot was called with a null AudioClip.

PlayOneShot was called with a null AudioClip.

PlayOneShot was called with a null AudioClip.

PlayOneShot was called with a null AudioClip.

PlayOneShot was called with a null AudioClip.

PlayOneShot was called with a null AudioClip.

PlayOneShot was called with a null AudioClip.

PlayOneShot was called with a null AudioClip.

PlayOneShot was called with a null AudioClip.

PlayOneShot was called with a null AudioClip.

PlayOneShot was called with a null AudioClip.

PlayOneShot was called with a null AudioClip.

PlayOneShot was called with a null AudioClip.

PlayOneShot was called with a null AudioClip.

PlayOneShot was called with a null AudioClip.

PlayOneShot was called with a null AudioClip.

PlayOneShot was called with a null AudioClip.

PlayOneShot was called with a null AudioClip.

PlayOneShot was called with a null AudioClip.

AddEventHandlerComponent: PlayMakerFixedUpdate

AddEventHandlerComponent: PlayMakerFixedUpdate

AddEventHandlerComponent: PlayMakerFixedUpdate

AddEventHandlerComponent: PlayMakerFixedUpdate

AddEventHandlerComponent: PlayMakerFixedUpdate

AddEventHandlerComponent: PlayMakerFixedUpdate

AddEventHandlerComponent: PlayMakerFixedUpdate

AddEventHandlerComponent: PlayMakerFixedUpdate

AddEventHandlerComponent: PlayMakerFixedUpdate

AddEventHandlerComponent: PlayMakerFixedUpdate

AddEventHandlerComponent: PlayMakerFixedUpdate

Deferring level start (marked as manual).

AddEventHandlerComponent: PlayMakerFixedUpdate

AddEventHandlerComponent: PlayMakerFixedUpdate

AddEventHandlerComponent: PlayMakerFixedUpdate

AddEventHandlerComponent: PlayMakerFixedUpdate

AddEventHandlerComponent: PlayMakerFixedUpdate

AddEventHandlerComponent: PlayMakerFixedUpdate

Deferring level start (marked as manual).

Could not find FSM: Control Lever

Could not find FSM: Control Lever

Object Pool attached to GlobalPool has run out of Strike Nail R prefabs, Instantiating an additional one.

Object Pool attached to GlobalPool has run out of Slash Impact R prefabs, Instantiating an additional one.

Could not find FSM: Control Lever

Could not find FSM: Control Lever

AddEventHandlerComponent: PlayMakerFixedUpdate

AddEventHandlerComponent: PlayMakerFixedUpdate

AddEventHandlerComponent: PlayMakerFixedUpdate

AddEventHandlerComponent: PlayMakerFixedUpdate

AddEventHandlerComponent: PlayMakerFixedUpdate

AddEventHandlerComponent: PlayMakerFixedUpdate

AddEventHandlerComponent: PlayMakerFixedUpdate

Deferring level start (marked as manual).

Setting skip mode: SKIP_PROMPT

AddEventHandlerComponent: PlayMakerFixedUpdate

AddEventHandlerComponent: PlayMakerFixedUpdate

AddEventHandlerComponent: PlayMakerFixedUpdate

AddEventHandlerComponent: PlayMakerFixedUpdate

AddEventHandlerComponent: PlayMakerFixedUpdate

Deferring level start (marked as manual).

Bump Height: 0.002783298

Could not find FSM: Control Lever

Could not find FSM: Control Lever

Chain BG Chain R going up.

Chain BG Chain L going down.

Chain BG Chain L stopping.

Chain BG Chain R stopping.

Could not find FSM: Enough Geo

Chain BG Chain R going down.

Chain BG Chain L going up.

Chain BG Chain L stopping.

Chain BG Chain R stopping.

AddEventHandlerComponent: PlayMakerFixedUpdate

AddEventHandlerComponent: PlayMakerFixedUpdate

AddEventHandlerComponent: PlayMakerFixedUpdate

AddEventHandlerComponent: PlayMakerFixedUpdate

AddEventHandlerComponent: PlayMakerFixedUpdate

AddEventHandlerComponent: PlayMakerFixedUpdate

AddEventHandlerComponent: PlayMakerFixedUpdate

AddEventHandlerComponent: PlayMakerFixedUpdate

AddEventHandlerComponent: PlayMakerFixedUpdate

AddEventHandlerComponent: PlayMakerFixedUpdate

AddEventHandlerComponent: PlayMakerFixedUpdate

AddEventHandlerComponent: PlayMakerFixedUpdate

AddEventHandlerComponent: PlayMakerFixedUpdate

AddEventHandlerComponent: PlayMakerFixedUpdate

AddEventHandlerComponent: PlayMakerFixedUpdate

AddEventHandlerComponent: PlayMakerFixedUpdate

AddEventHandlerComponent: PlayMakerFixedUpdate

AddEventHandlerComponent: PlayMakerFixedUpdate

AddEventHandlerComponent: PlayMakerFixedUpdate

AddEventHandlerComponent: PlayMakerFixedUpdate

AddEventHandlerComponent: PlayMakerFixedUpdate

AddEventHandlerComponent: PlayMakerFixedUpdate

AddEventHandlerComponent: PlayMakerFixedUpdate

AddEventHandlerComponent: PlayMakerFixedUpdate

Deferring level start (marked as manual).

PlayOneShot was called with a null AudioClip.

PlayOneShot was called with a null AudioClip.

PlayOneShot was called with a null AudioClip.

Could not find FSM: health_manager_enemy

Could not find FSM: health_manager_enemy

Could not find FSM: health_manager_enemy

Could not find FSM: health_manager_enemy

Could not find FSM: health_manager_enemy

Could not find FSM: health_manager_enemy

Could not find FSM: health_manager_enemy

AddEventHandlerComponent: PlayMakerCollisionEnter2D

AddEventHandlerComponent: PlayMakerFixedUpdate

AddEventHandlerComponent: PlayMakerCollisionEnter2D

AddEventHandlerComponent: PlayMakerFixedUpdate

AddEventHandlerComponent: PlayMakerCollisionEnter2D

AddEventHandlerComponent: PlayMakerFixedUpdate

AddEventHandlerComponent: PlayMakerCollisionEnter2D

AddEventHandlerComponent: PlayMakerFixedUpdate

AddEventHandlerComponent: PlayMakerCollisionEnter2D

AddEventHandlerComponent: PlayMakerFixedUpdate

AddEventHandlerComponent: PlayMakerCollisionEnter2D

AddEventHandlerComponent: PlayMakerFixedUpdate

AddEventHandlerComponent: PlayMakerCollisionEnter2D

AddEventHandlerComponent: PlayMakerFixedUpdate

Object Pool attached to GlobalPool has run out of Slash Impact R prefabs, Instantiating an additional one.

Object Pool attached to GlobalPool has run out of Strike Nail R prefabs, Instantiating an additional one.

PlayOneShot was called with a null AudioClip.

PlayOneShot was called with a null AudioClip.

PlayOneShot was called with a null AudioClip.

PlayOneShot was called with a null AudioClip.

Could not find FSM: Control Lever

Bump Height: 0.005290985

Could not find FSM: Control Lever

AddEventHandlerComponent: PlayMakerFixedUpdate

AddEventHandlerComponent: PlayMakerFixedUpdate

AddEventHandlerComponent: PlayMakerFixedUpdate

AddEventHandlerComponent: PlayMakerFixedUpdate

AddEventHandlerComponent: PlayMakerFixedUpdate

AddEventHandlerComponent: PlayMakerFixedUpdate

AddEventHandlerComponent: PlayMakerFixedUpdate

AddEventHandlerComponent: PlayMakerFixedUpdate

AddEventHandlerComponent: PlayMakerFixedUpdate

AddEventHandlerComponent: PlayMakerFixedUpdate

AddEventHandlerComponent: PlayMakerFixedUpdate

Deferring level start (marked as manual).

Could not find FSM: health_manager_enemy

AddEventHandlerComponent: PlayMakerCollisionEnter2D

AddEventHandlerComponent: PlayMakerFixedUpdate

AddEventHandlerComponent: PlayMakerFixedUpdate

AddEventHandlerComponent: PlayMakerFixedUpdate

Deferring level start (marked as manual).

Setting skip mode: SKIP_INSTANT

Creating new CinematicVideoPlayer for in game video

Waiting for CinematicVideoPlayer in game video load...

Starting cinematic video player in game video.

Finishing in-game video.

AddEventHandlerComponent: PlayMakerFixedUpdate

AddEventHandlerComponent: PlayMakerFixedUpdate

AddEventHandlerComponent: PlayMakerFixedUpdate

AddEventHandlerComponent: PlayMakerFixedUpdate

AddEventHandlerComponent: PlayMakerFixedUpdate

AddEventHandlerComponent: PlayMakerFixedUpdate

AddEventHandlerComponent: PlayMakerFixedUpdate

AddEventHandlerComponent: PlayMakerFixedUpdate

AddEventHandlerComponent: PlayMakerFixedUpdate

AddEventHandlerComponent: PlayMakerFixedUpdate

AddEventHandlerComponent: PlayMakerFixedUpdate

Deferring level start (marked as manual).

Could not find FSM: health_manager_enemy

AddEventHandlerComponent: PlayMakerCollisionEnter2D

AddEventHandlerComponent: PlayMakerFixedUpdate

AddEventHandlerComponent: PlayMakerFixedUpdate

AddEventHandlerComponent: PlayMakerFixedUpdate

AddEventHandlerComponent: PlayMakerFixedUpdate

AddEventHandlerComponent: PlayMakerFixedUpdate

AddEventHandlerComponent: PlayMakerFixedUpdate

AddEventHandlerComponent: PlayMakerFixedUpdate

AddEventHandlerComponent: PlayMakerFixedUpdate

AddEventHandlerComponent: PlayMakerFixedUpdate

AddEventHandlerComponent: PlayMakerFixedUpdate

AddEventHandlerComponent: PlayMakerFixedUpdate

AddEventHandlerComponent: PlayMakerFixedUpdate

AddEventHandlerComponent: PlayMakerFixedUpdate

AddEventHandlerComponent: PlayMakerFixedUpdate

AddEventHandlerComponent: PlayMakerFixedUpdate

AddEventHandlerComponent: PlayMakerFixedUpdate

AddEventHandlerComponent: PlayMakerFixedUpdate

AddEventHandlerComponent: PlayMakerFixedUpdate

AddEventHandlerComponent: PlayMakerFixedUpdate

AddEventHandlerComponent: PlayMakerFixedUpdate

AddEventHandlerComponent: PlayMakerFixedUpdate

AddEventHandlerComponent: PlayMakerFixedUpdate

AddEventHandlerComponent: PlayMakerFixedUpdate

AddEventHandlerComponent: PlayMakerFixedUpdate

AddEventHandlerComponent: PlayMakerFixedUpdate

Deferring level start (marked as manual).

PlayOneShot was called with a null AudioClip.

PlayOneShot was called with a null AudioClip.

PlayOneShot was called with a null AudioClip.

Could not find FSM: health_manager_enemy

Could not find FSM: health_manager_enemy

Could not find FSM: health_manager_enemy

Could not find FSM: health_manager_enemy

Could not find FSM: health_manager_enemy

Could not find FSM: health_manager_enemy

Could not find FSM: health_manager_enemy

AddEventHandlerComponent: PlayMakerCollisionEnter2D

AddEventHandlerComponent: PlayMakerFixedUpdate

AddEventHandlerComponent: PlayMakerCollisionEnter2D

AddEventHandlerComponent: PlayMakerFixedUpdate

AddEventHandlerComponent: PlayMakerCollisionEnter2D

AddEventHandlerComponent: PlayMakerFixedUpdate

AddEventHandlerComponent: PlayMakerCollisionEnter2D

AddEventHandlerComponent: PlayMakerFixedUpdate

AddEventHandlerComponent: PlayMakerCollisionEnter2D

AddEventHandlerComponent: PlayMakerFixedUpdate

AddEventHandlerComponent: PlayMakerCollisionEnter2D

AddEventHandlerComponent: PlayMakerFixedUpdate

AddEventHandlerComponent: PlayMakerCollisionEnter2D

AddEventHandlerComponent: PlayMakerFixedUpdate

Could not find FSM: Control Lever

Could not find FSM: Control Lever

Bump Height: 0.005290985

Chain BG Chain R going up.

Chain BG Chain L going down.

Chain BG Chain L stopping.

Chain BG Chain R stopping.

AddEventHandlerComponent: PlayMakerFixedUpdate

AddEventHandlerComponent: PlayMakerFixedUpdate

AddEventHandlerComponent: PlayMakerFixedUpdate

AddEventHandlerComponent: PlayMakerFixedUpdate

AddEventHandlerComponent: PlayMakerFixedUpdate

Deferring level start (marked as manual).

Bump Height: 0.005290985

Could not find FSM: Control Lever

Could not find FSM: Control Lever

AddEventHandlerComponent: PlayMakerFixedUpdate

AddEventHandlerComponent: PlayMakerFixedUpdate

AddEventHandlerComponent: PlayMakerFixedUpdate

AddEventHandlerComponent: PlayMakerFixedUpdate

AddEventHandlerComponent: PlayMakerFixedUpdate

AddEventHandlerComponent: PlayMakerFixedUpdate

AddEventHandlerComponent: PlayMakerFixedUpdate

AddEventHandlerComponent: PlayMakerFixedUpdate

AddEventHandlerComponent: PlayMakerFixedUpdate

AddEventHandlerComponent: PlayMakerFixedUpdate

AddEventHandlerComponent: PlayMakerFixedUpdate

AddEventHandlerComponent: PlayMakerFixedUpdate

AddEventHandlerComponent: PlayMakerFixedUpdate

AddEventHandlerComponent: PlayMakerFixedUpdate

AddEventHandlerComponent: PlayMakerFixedUpdate

Deferring level start (marked as manual).

AddEventHandlerComponent: PlayMakerFixedUpdate

AddEventHandlerComponent: PlayMakerFixedUpdate

AddEventHandlerComponent: PlayMakerFixedUpdate

AddEventHandlerComponent: PlayMakerFixedUpdate

AddEventHandlerComponent: PlayMakerFixedUpdate

AddEventHandlerComponent: PlayMakerFixedUpdate

AddEventHandlerComponent: PlayMakerFixedUpdate

AddEventHandlerComponent: PlayMakerFixedUpdate

AddEventHandlerComponent: PlayMakerFixedUpdate

AddEventHandlerComponent: PlayMakerFixedUpdate

AddEventHandlerComponent: PlayMakerFixedUpdate

AddEventHandlerComponent: PlayMakerFixedUpdate

AddEventHandlerComponent: PlayMakerFixedUpdate

AddEventHandlerComponent: PlayMakerFixedUpdate

AddEventHandlerComponent: PlayMakerFixedUpdate

AddEventHandlerComponent: PlayMakerFixedUpdate

AddEventHandlerComponent: PlayMakerFixedUpdate

AddEventHandlerComponent: PlayMakerFixedUpdate

AddEventHandlerComponent: PlayMakerFixedUpdate

AddEventHandlerComponent: PlayMakerFixedUpdate

Deferring level start (marked as manual).

AddEventHandlerComponent: PlayMakerFixedUpdate

AddEventHandlerComponent: PlayMakerFixedUpdate

AddEventHandlerComponent: PlayMakerFixedUpdate

AddEventHandlerComponent: PlayMakerFixedUpdate

AddEventHandlerComponent: PlayMakerFixedUpdate

AddEventHandlerComponent: PlayMakerFixedUpdate

AddEventHandlerComponent: PlayMakerFixedUpdate

AddEventHandlerComponent: PlayMakerFixedUpdate

AddEventHandlerComponent: PlayMakerFixedUpdate

AddEventHandlerComponent: PlayMakerFixedUpdate

AddEventHandlerComponent: PlayMakerFixedUpdate

PlayOneShot was called with a null AudioClip.

AddEventHandlerComponent: PlayMakerFixedUpdate

AddEventHandlerComponent: PlayMakerFixedUpdate

AddEventHandlerComponent: PlayMakerFixedUpdate

AddEventHandlerComponent: PlayMakerFixedUpdate

AddEventHandlerComponent: PlayMakerFixedUpdate

AddEventHandlerComponent: PlayMakerFixedUpdate

AddEventHandlerComponent: PlayMakerFixedUpdate

AddEventHandlerComponent: PlayMakerFixedUpdate

AddEventHandlerComponent: PlayMakerFixedUpdate

AddEventHandlerComponent: PlayMakerFixedUpdate

AddEventHandlerComponent: PlayMakerFixedUpdate

AddEventHandlerComponent: PlayMakerFixedUpdate

AddEventHandlerComponent: PlayMakerFixedUpdate

AddEventHandlerComponent: PlayMakerFixedUpdate

AddEventHandlerComponent: PlayMakerFixedUpdate

AddEventHandlerComponent: PlayMakerFixedUpdate

AddEventHandlerComponent: PlayMakerFixedUpdate

AddEventHandlerComponent: PlayMakerFixedUpdate

Deferring level start (marked as manual).

PlayOneShot was called with a null AudioClip.

PlayOneShot was called with a null AudioClip.

AddEventHandlerComponent: PlayMakerFixedUpdate

AddEventHandlerComponent: PlayMakerFixedUpdate

PlayOneShot was called with a null AudioClip.

PlayOneShot was called with a null AudioClip.

Persistent Bool Item - Couldn't reset value on FSM because it's missing.

Persistent Bool Item - Couldn't reset value on FSM because it's missing.

Persistent Bool Item - Couldn't reset value on FSM because it's missing.

Persistent Bool Item - Couldn't reset value on FSM because it's missing.

Persistent Bool Item - Couldn't reset value on FSM because it's missing.

PlayOneShot was called with a null AudioClip.

PlayerData: Could not find field named , check variable name exists and FSM variable string is correct.

AddEventHandlerComponent: PlayMakerFixedUpdate

AddEventHandlerComponent: PlayMakerFixedUpdate

AddEventHandlerComponent: PlayMakerFixedUpdate

AddEventHandlerComponent: PlayMakerFixedUpdate

AddEventHandlerComponent: PlayMakerFixedUpdate

PlayOneShot was called with a null AudioClip.

PlayOneShot was called with a null AudioClip.

PlayOneShot was called with a null AudioClip.

PlayOneShot was called with a null AudioClip.

PlayOneShot was called with a null AudioClip.

PlayOneShot was called with a null AudioClip.

PlayOneShot was called with a null AudioClip.

AddEventHandlerComponent: PlayMakerFixedUpdate

AddEventHandlerComponent: PlayMakerFixedUpdate

AddEventHandlerComponent: PlayMakerFixedUpdate

AddEventHandlerComponent: PlayMakerFixedUpdate

AddEventHandlerComponent: PlayMakerFixedUpdate

PlayOneShot was called with a null AudioClip.

PlayOneShot was called with a null AudioClip.

PlayOneShot was called with a null AudioClip.

PlayOneShot was called with a null AudioClip.

PlayOneShot was called with a null AudioClip.

PlayOneShot was called with a null AudioClip.

AddEventHandlerComponent: PlayMakerFixedUpdate

AddEventHandlerComponent: PlayMakerFixedUpdate

AddEventHandlerComponent: PlayMakerFixedUpdate

AddEventHandlerComponent: PlayMakerFixedUpdate

AddEventHandlerComponent: PlayMakerFixedUpdate

AddEventHandlerComponent: PlayMakerFixedUpdate

AddEventHandlerComponent: PlayMakerFixedUpdate

AddEventHandlerComponent: PlayMakerFixedUpdate

AddEventHandlerComponent: PlayMakerFixedUpdate

AddEventHandlerComponent: PlayMakerFixedUpdate

AddEventHandlerComponent: PlayMakerFixedUpdate

AddEventHandlerComponent: PlayMakerFixedUpdate

AddEventHandlerComponent: PlayMakerFixedUpdate

AddEventHandlerComponent: PlayMakerFixedUpdate

AddEventHandlerComponent: PlayMakerFixedUpdate

AddEventHandlerComponent: PlayMakerFixedUpdate

AddEventHandlerComponent: PlayMakerFixedUpdate

AddEventHandlerComponent: PlayMakerFixedUpdate

AddEventHandlerComponent: PlayMakerFixedUpdate

AddEventHandlerComponent: PlayMakerFixedUpdate

AddEventHandlerComponent: PlayMakerFixedUpdate

AddEventHandlerComponent: PlayMakerFixedUpdate

AddEventHandlerComponent: PlayMakerFixedUpdate

AddEventHandlerComponent: PlayMakerFixedUpdate

AddEventHandlerComponent: PlayMakerFixedUpdate

AddEventHandlerComponent: PlayMakerFixedUpdate

AddEventHandlerComponent: PlayMakerFixedUpdate

AddEventHandlerComponent: PlayMakerFixedUpdate

AddEventHandlerComponent: PlayMakerFixedUpdate

AddEventHandlerComponent: PlayMakerFixedUpdate

AddEventHandlerComponent: PlayMakerFixedUpdate

AddEventHandlerComponent: PlayMakerFixedUpdate

AddEventHandlerComponent: PlayMakerFixedUpdate

AddEventHandlerComponent: PlayMakerFixedUpdate

Deferring level start (marked as manual).

PlayOneShot was called with a null AudioClip.

PlayOneShot was called with a null AudioClip.

PlayOneShot was called with a null AudioClip.

PlayOneShot was called with a null AudioClip.

PlayOneShot was called with a null AudioClip.

PlayOneShot was called with a null AudioClip.

PlayOneShot was called with a null AudioClip.

PlayOneShot was called with a null AudioClip.

PlayOneShot was called with a null AudioClip.

PlayOneShot was called with a null AudioClip.

AddEventHandlerComponent: PlayMakerFixedUpdate

AddEventHandlerComponent: PlayMakerFixedUpdate

AddEventHandlerComponent: PlayMakerFixedUpdate

AddEventHandlerComponent: PlayMakerFixedUpdate

AddEventHandlerComponent: PlayMakerFixedUpdate

PlayOneShot was called with a null AudioClip.

PlayOneShot was called with a null AudioClip.

AddEventHandlerComponent: PlayMakerFixedUpdate

AddEventHandlerComponent: PlayMakerFixedUpdate

AddEventHandlerComponent: PlayMakerFixedUpdate

AddEventHandlerComponent: PlayMakerFixedUpdate

AddEventHandlerComponent: PlayMakerFixedUpdate

AddEventHandlerComponent: PlayMakerFixedUpdate

AddEventHandlerComponent: PlayMakerFixedUpdate

AddEventHandlerComponent: PlayMakerFixedUpdate

AddEventHandlerComponent: PlayMakerFixedUpdate

AddEventHandlerComponent: PlayMakerFixedUpdate

AddEventHandlerComponent: PlayMakerFixedUpdate

AddEventHandlerComponent: PlayMakerFixedUpdate

AddEventHandlerComponent: PlayMakerFixedUpdate

AddEventHandlerComponent: PlayMakerFixedUpdate

AddEventHandlerComponent: PlayMakerFixedUpdate

Object Pool attached to GlobalPool has run out of particle_orange blood prefabs, Instantiating an additional one.

Object Pool attached to GlobalPool has run out of particle_orange blood prefabs, Instantiating an additional one.

Object Pool attached to GlobalPool has run out of particle_orange blood prefabs, Instantiating an additional one.

PlayOneShot was called with a null AudioClip.

Object Pool attached to GlobalPool could not find a copy of Dripper White, Instantiating a new one.

PlayOneShot was called with a null AudioClip.

AddEventHandlerComponent: PlayMakerFixedUpdate

AddEventHandlerComponent: PlayMakerFixedUpdate

AddEventHandlerComponent: PlayMakerFixedUpdate

AddEventHandlerComponent: PlayMakerFixedUpdate

AddEventHandlerComponent: PlayMakerFixedUpdate

PlayOneShot was called with a null AudioClip.

PlayOneShot was called with a null AudioClip.

AddEventHandlerComponent: PlayMakerFixedUpdate

AddEventHandlerComponent: PlayMakerFixedUpdate

AddEventHandlerComponent: PlayMakerFixedUpdate

AddEventHandlerComponent: PlayMakerFixedUpdate

AddEventHandlerComponent: PlayMakerFixedUpdate

PlayOneShot was called with a null AudioClip.

Object Pool attached to GlobalPool has run out of Strike Nail R prefabs, Instantiating an additional one.

Object Pool attached to GlobalPool has run out of Slash Impact R prefabs, Instantiating an additional one.

AddEventHandlerComponent: PlayMakerFixedUpdate

AddEventHandlerComponent: PlayMakerFixedUpdate

AddEventHandlerComponent: PlayMakerFixedUpdate

AddEventHandlerComponent: PlayMakerFixedUpdate

AddEventHandlerComponent: PlayMakerFixedUpdate

Object Pool attached to GlobalPool has run out of Hit Flash Orange prefabs, Instantiating an additional one.

Object Pool attached to GlobalPool has run out of Hit Flash Orange prefabs, Instantiating an additional one.

PlayOneShot was called with a null AudioClip.

AddEventHandlerComponent: PlayMakerFixedUpdate

AddEventHandlerComponent: PlayMakerFixedUpdate

AddEventHandlerComponent: PlayMakerFixedUpdate

AddEventHandlerComponent: PlayMakerFixedUpdate

AddEventHandlerComponent: PlayMakerFixedUpdate

Deferring level start (marked as manual).

AddEventHandlerComponent: PlayMakerFixedUpdate

AddEventHandlerComponent: PlayMakerFixedUpdate

AddEventHandlerComponent: PlayMakerFixedUpdate

AddEventHandlerComponent: PlayMakerFixedUpdate

AddEventHandlerComponent: PlayMakerFixedUpdate

AddEventHandlerComponent: PlayMakerFixedUpdate

AddEventHandlerComponent: PlayMakerFixedUpdate

AddEventHandlerComponent: PlayMakerFixedUpdate

AddEventHandlerComponent: PlayMakerFixedUpdate

AddEventHandlerComponent: PlayMakerFixedUpdate

AddEventHandlerComponent: PlayMakerFixedUpdate

AddEventHandlerComponent: PlayMakerFixedUpdate

AddEventHandlerComponent: PlayMakerFixedUpdate

Additively loaded scene: Waterways_12_boss in sequence

PlayOneShot was called with a null AudioClip.

PlayOneShot was called with a null AudioClip.

PlayOneShot was called with a null AudioClip.

PlayOneShot was called with a null AudioClip.

PlayOneShot was called with a null AudioClip.

PlayOneShot was called with a null AudioClip.

PlayOneShot was called with a null AudioClip.

PlayOneShot was called with a null AudioClip.

PlayOneShot was called with a null AudioClip.

PlayOneShot was called with a null AudioClip.

PlayOneShot was called with a null AudioClip.

Object Pool attached to GlobalPool has run out of particle_orange blood prefabs, Instantiating an additional one.

Object Pool attached to GlobalPool has run out of particle_orange blood prefabs, Instantiating an additional one.

Object Pool attached to GlobalPool has run out of particle_orange blood prefabs, Instantiating an additional one.

Object Pool attached to GlobalPool has run out of particle_orange blood prefabs, Instantiating an additional one.

Object Pool attached to GlobalPool has run out of particle_orange blood prefabs, Instantiating an additional one.

Object Pool attached to GlobalPool has run out of particle_orange blood prefabs, Instantiating an additional one.

Object Pool attached to GlobalPool has run out of particle_orange blood prefabs, Instantiating an additional one.

Object Pool attached to GlobalPool has run out of particle_orange blood prefabs, Instantiating an additional one.

Object Pool attached to GlobalPool has run out of particle_orange blood prefabs, Instantiating an additional one.

Object Pool attached to GlobalPool has run out of particle_orange blood prefabs, Instantiating an additional one.

AddEventHandlerComponent: PlayMakerFixedUpdate

AddEventHandlerComponent: PlayMakerFixedUpdate

PlayOneShot was called with a null AudioClip.

Object Pool attached to GlobalPool has run out of particle_orange blood prefabs, Instantiating an additional one.

Object Pool attached to GlobalPool has run out of particle_orange blood prefabs, Instantiating an additional one.

Object Pool attached to GlobalPool has run out of particle_orange blood prefabs, Instantiating an additional one.

Object Pool attached to GlobalPool has run out of particle_orange blood prefabs, Instantiating an additional one.

Object Pool attached to GlobalPool has run out of particle_orange blood prefabs, Instantiating an additional one.

Object Pool attached to GlobalPool has run out of particle_orange blood prefabs, Instantiating an additional one.

Object Pool attached to GlobalPool has run out of particle_orange blood prefabs, Instantiating an additional one.

Object Pool attached to GlobalPool has run out of particle_orange blood prefabs, Instantiating an additional one.

Object Pool attached to GlobalPool has run out of particle_orange blood prefabs, Instantiating an additional one.

Object Pool attached to GlobalPool has run out of particle_orange blood prefabs, Instantiating an additional one.

Object Pool attached to GlobalPool has run out of particle_orange blood prefabs, Instantiating an additional one.

Object Pool attached to GlobalPool has run out of particle_orange blood prefabs, Instantiating an additional one.

Object Pool attached to GlobalPool has run out of particle_orange blood prefabs, Instantiating an additional one.

Object Pool attached to GlobalPool has run out of particle_orange blood prefabs, Instantiating an additional one.

Object Pool attached to GlobalPool has run out of particle_orange blood prefabs, Instantiating an additional one.

Object Pool attached to GlobalPool has run out of particle_orange blood prefabs, Instantiating an additional one.

Object Pool attached to GlobalPool has run out of particle_orange blood prefabs, Instantiating an additional one.

Object Pool attached to GlobalPool has run out of particle_orange blood prefabs, Instantiating an additional one.

Object Pool attached to GlobalPool has run out of particle_orange blood prefabs, Instantiating an additional one.

Object Pool attached to GlobalPool has run out of particle_orange blood prefabs, Instantiating an additional one.

Object Pool attached to GlobalPool has run out of particle_orange blood prefabs, Instantiating an additional one.

Object Pool attached to GlobalPool has run out of particle_orange blood prefabs, Instantiating an additional one.

Object Pool attached to GlobalPool has run out of particle_orange blood prefabs, Instantiating an additional one.

Object Pool attached to GlobalPool has run out of particle_orange blood prefabs, Instantiating an additional one.

Object Pool attached to GlobalPool has run out of particle_orange blood prefabs, Instantiating an additional one.

Object Pool attached to GlobalPool has run out of particle_orange blood prefabs, Instantiating an additional one.

Object Pool attached to GlobalPool has run out of particle_orange blood prefabs, Instantiating an additional one.

Object Pool attached to GlobalPool has run out of particle_orange blood prefabs, Instantiating an additional one.

AddEventHandlerComponent: PlayMakerFixedUpdate

AddEventHandlerComponent: PlayMakerFixedUpdate

AddEventHandlerComponent: PlayMakerFixedUpdate

AddEventHandlerComponent: PlayMakerFixedUpdate

AddEventHandlerComponent: PlayMakerFixedUpdate

AddEventHandlerComponent: PlayMakerFixedUpdate

AddEventHandlerComponent: PlayMakerFixedUpdate

AddEventHandlerComponent: PlayMakerFixedUpdate

AddEventHandlerComponent: PlayMakerFixedUpdate

AddEventHandlerComponent: PlayMakerFixedUpdate

AddEventHandlerComponent: PlayMakerFixedUpdate

AddEventHandlerComponent: PlayMakerFixedUpdate

AddEventHandlerComponent: PlayMakerFixedUpdate

AddEventHandlerComponent: PlayMakerFixedUpdate

AddEventHandlerComponent: PlayMakerFixedUpdate

AddEventHandlerComponent: PlayMakerFixedUpdate

AddEventHandlerComponent: PlayMakerFixedUpdate

AddEventHandlerComponent: PlayMakerFixedUpdate

AddEventHandlerComponent: PlayMakerFixedUpdate

AddEventHandlerComponent: PlayMakerFixedUpdate

AddEventHandlerComponent: PlayMakerFixedUpdate

AddEventHandlerComponent: PlayMakerFixedUpdate

AddEventHandlerComponent: PlayMakerFixedUpdate

AddEventHandlerComponent: PlayMakerFixedUpdate

AddEventHandlerComponent: PlayMakerFixedUpdate

AddEventHandlerComponent: PlayMakerFixedUpdate

AddEventHandlerComponent: PlayMakerFixedUpdate

AddEventHandlerComponent: PlayMakerFixedUpdate

AddEventHandlerComponent: PlayMakerFixedUpdate

AddEventHandlerComponent: PlayMakerFixedUpdate

AddEventHandlerComponent: PlayMakerFixedUpdate

AddEventHandlerComponent: PlayMakerFixedUpdate

AddEventHandlerComponent: PlayMakerFixedUpdate

AddEventHandlerComponent: PlayMakerFixedUpdate

Deferring level start (marked as manual).

Deferring level start (marked as manual).

PlayOneShot was called with a null AudioClip.

PlayOneShot was called with a null AudioClip.

PlayOneShot was called with a null AudioClip.

PlayOneShot was called with a null AudioClip.

PlayOneShot was called with a null AudioClip.

PlayOneShot was called with a null AudioClip.

PlayOneShot was called with a null AudioClip.

PlayOneShot was called with a null AudioClip.

PlayOneShot was called with a null AudioClip.

PlayOneShot was called with a null AudioClip.

PlayOneShot was called with a null AudioClip.

PlayOneShot was called with a null AudioClip.

PlayOneShot was called with a null AudioClip.

AddEventHandlerComponent: PlayMakerFixedUpdate

AddEventHandlerComponent: PlayMakerFixedUpdate

AddEventHandlerComponent: PlayMakerFixedUpdate

AddEventHandlerComponent: PlayMakerFixedUpdate

AddEventHandlerComponent: PlayMakerFixedUpdate

PlayOneShot was called with a null AudioClip.

AddEventHandlerComponent: PlayMakerFixedUpdate

AddEventHandlerComponent: PlayMakerFixedUpdate

AddEventHandlerComponent: PlayMakerFixedUpdate

AddEventHandlerComponent: PlayMakerFixedUpdate

AddEventHandlerComponent: PlayMakerFixedUpdate

AddEventHandlerComponent: PlayMakerFixedUpdate

AddEventHandlerComponent: PlayMakerFixedUpdate

AddEventHandlerComponent: PlayMakerFixedUpdate

AddEventHandlerComponent: PlayMakerFixedUpdate

AddEventHandlerComponent: PlayMakerFixedUpdate

AddEventHandlerComponent: PlayMakerFixedUpdate

AddEventHandlerComponent: PlayMakerFixedUpdate

AddEventHandlerComponent: PlayMakerFixedUpdate

AddEventHandlerComponent: PlayMakerFixedUpdate

AddEventHandlerComponent: PlayMakerFixedUpdate

AddEventHandlerComponent: PlayMakerFixedUpdate

AddEventHandlerComponent: PlayMakerFixedUpdate

AddEventHandlerComponent: PlayMakerFixedUpdate

Deferring level start (marked as manual).

PlayOneShot was called with a null AudioClip.

PlayOneShot was called with a null AudioClip.

AddEventHandlerComponent: PlayMakerFixedUpdate

AddEventHandlerComponent: PlayMakerFixedUpdate

PlayOneShot was called with a null AudioClip.

PlayOneShot was called with a null AudioClip.

PlayOneShot was called with a null AudioClip.

PlayOneShot was called with a null AudioClip.

PlayOneShot was called with a null AudioClip.

AddEventHandlerComponent: PlayMakerFixedUpdate

AddEventHandlerComponent: PlayMakerFixedUpdate

AddEventHandlerComponent: PlayMakerFixedUpdate

AddEventHandlerComponent: PlayMakerFixedUpdate

AddEventHandlerComponent: PlayMakerFixedUpdate

PlayOneShot was called with a null AudioClip.

Object Pool attached to GlobalPool could not find a copy of Relic Get Msg, Instantiating a new one.

PlayOneShot was called with a null AudioClip.

AddEventHandlerComponent: PlayMakerFixedUpdate

AddEventHandlerComponent: PlayMakerFixedUpdate

Deferring level start (marked as manual).

AddEventHandlerComponent: PlayMakerFixedUpdate

Additively loaded scene: Waterways_05_boss in sequence

AddEventHandlerComponent: PlayMakerFixedUpdate

Object Pool attached to GlobalPool could not find a copy of Uninfected Hit Pt, Instantiating a new one.

AddEventHandlerComponent: PlayMakerCollisionEnter2D

AddEventHandlerComponent: PlayMakerCollisionStay2D

AddEventHandlerComponent: PlayMakerFixedUpdate

AddEventHandlerComponent: PlayMakerCollisionEnter2D

AddEventHandlerComponent: PlayMakerCollisionStay2D

AddEventHandlerComponent: PlayMakerFixedUpdate

AddEventHandlerComponent: PlayMakerFixedUpdate

nailDamage: 17, multiplied: 42.5

AddEventHandlerComponent: PlayMakerCollisionEnter2D

AddEventHandlerComponent: PlayMakerFixedUpdate

AddEventHandlerComponent: PlayMakerFixedUpdate

AddEventHandlerComponent: PlayMakerCollisionEnter2D

AddEventHandlerComponent: PlayMakerFixedUpdate

AddEventHandlerComponent: PlayMakerFixedUpdate

AddEventHandlerComponent: PlayMakerCollisionEnter2D

AddEventHandlerComponent: PlayMakerFixedUpdate

AddEventHandlerComponent: PlayMakerFixedUpdate

AddEventHandlerComponent: PlayMakerCollisionEnter2D

AddEventHandlerComponent: PlayMakerFixedUpdate

AddEventHandlerComponent: PlayMakerFixedUpdate

nailDamage: 17, multiplied: 42.5

nailDamage: 17, multiplied: 21.25

nailDamage: 17, multiplied: 21.25

AddEventHandlerComponent: PlayMakerCollisionEnter2D

AddEventHandlerComponent: PlayMakerCollisionStay2D

AddEventHandlerComponent: PlayMakerFixedUpdate

AddEventHandlerComponent: PlayMakerCollisionEnter2D

AddEventHandlerComponent: PlayMakerCollisionStay2D

AddEventHandlerComponent: PlayMakerFixedUpdate

AddEventHandlerComponent: PlayMakerFixedUpdate

AddEventHandlerComponent: PlayMakerCollisionEnter2D

AddEventHandlerComponent: PlayMakerCollisionStay2D

AddEventHandlerComponent: PlayMakerFixedUpdate

AddEventHandlerComponent: PlayMakerCollisionEnter2D

AddEventHandlerComponent: PlayMakerCollisionStay2D

AddEventHandlerComponent: PlayMakerFixedUpdate

AddEventHandlerComponent: PlayMakerFixedUpdate

Object Pool attached to GlobalPool has run out of Uninfected Hit Pt prefabs, Instantiating an additional one.

AddEventHandlerComponent: PlayMakerCollisionEnter2D

AddEventHandlerComponent: PlayMakerCollisionStay2D

AddEventHandlerComponent: PlayMakerFixedUpdate

AddEventHandlerComponent: PlayMakerCollisionEnter2D

AddEventHandlerComponent: PlayMakerCollisionStay2D

AddEventHandlerComponent: PlayMakerFixedUpdate

AddEventHandlerComponent: PlayMakerFixedUpdate

nailDamage: 17, multiplied: 42.5

Object Pool attached to GlobalPool has run out of Dung Ball Small prefabs, Instantiating an additional one.

AddEventHandlerComponent: PlayMakerCollisionEnter2D

AddEventHandlerComponent: PlayMakerFixedUpdate

AddEventHandlerComponent: PlayMakerFixedUpdate

Object Pool attached to GlobalPool has run out of Dung Ball Small prefabs, Instantiating an additional one.

AddEventHandlerComponent: PlayMakerCollisionEnter2D

AddEventHandlerComponent: PlayMakerFixedUpdate

AddEventHandlerComponent: PlayMakerFixedUpdate

Object Pool attached to GlobalPool has run out of Dung Ball Small prefabs, Instantiating an additional one.

AddEventHandlerComponent: PlayMakerCollisionEnter2D

AddEventHandlerComponent: PlayMakerFixedUpdate

AddEventHandlerComponent: PlayMakerFixedUpdate

Object Pool attached to GlobalPool has run out of Dung Ball Small prefabs, Instantiating an additional one.

AddEventHandlerComponent: PlayMakerCollisionEnter2D

AddEventHandlerComponent: PlayMakerFixedUpdate

AddEventHandlerComponent: PlayMakerFixedUpdate

nailDamage: 17, multiplied: 42.5

nailDamage: 17, multiplied: 42.5

nailDamage: 17, multiplied: 42.5

Object Pool attached to GlobalPool has run out of Slash Effect Ghost1 prefabs, Instantiating an additional one.

Object Pool attached to GlobalPool has run out of Slash Effect Ghost1 prefabs, Instantiating an additional one.

Object Pool attached to GlobalPool has run out of Slash Effect Ghost1 prefabs, Instantiating an additional one.

Object Pool attached to GlobalPool has run out of Slash Effect Ghost1 prefabs, Instantiating an additional one.

Object Pool attached to GlobalPool could not find a copy of Audio Player NoDestroy, Instantiating a new one.

Object Pool attached to GlobalPool has run out of Audio Player NoDestroy prefabs, Instantiating an additional one.

Object Pool attached to GlobalPool has run out of Audio Player NoDestroy prefabs, Instantiating an additional one.

AddEventHandlerComponent: PlayMakerFixedUpdate

AddEventHandlerComponent: PlayMakerFixedUpdate

AddEventHandlerComponent: PlayMakerFixedUpdate

AddEventHandlerComponent: PlayMakerFixedUpdate

AddEventHandlerComponent: PlayMakerFixedUpdate

AddEventHandlerComponent: PlayMakerFixedUpdate

Deferring level start (marked as manual).

Deferring level start (marked as manual).

PlayOneShot was called with a null AudioClip.

Could not find FSM: health_manager_enemy

Could not find FSM: health_manager_enemy

AddEventHandlerComponent: PlayMakerCollisionEnter2D

AddEventHandlerComponent: PlayMakerFixedUpdate

AddEventHandlerComponent: PlayMakerCollisionEnter2D

AddEventHandlerComponent: PlayMakerFixedUpdate

AddEventHandlerComponent: PlayMakerFixedUpdate

AddEventHandlerComponent: PlayMakerFixedUpdate

Deferring level start (marked as manual).

AddEventHandlerComponent: PlayMakerFixedUpdate

AddEventHandlerComponent: PlayMakerFixedUpdate

PlayOneShot was called with a null AudioClip.

AddEventHandlerComponent: PlayMakerFixedUpdate

AddEventHandlerComponent: PlayMakerFixedUpdate

AddEventHandlerComponent: PlayMakerFixedUpdate

AddEventHandlerComponent: PlayMakerFixedUpdate

AddEventHandlerComponent: PlayMakerFixedUpdate

AddEventHandlerComponent: PlayMakerFixedUpdate

AddEventHandlerComponent: PlayMakerFixedUpdate

AddEventHandlerComponent: PlayMakerFixedUpdate

AddEventHandlerComponent: PlayMakerFixedUpdate

AddEventHandlerComponent: PlayMakerFixedUpdate

AddEventHandlerComponent: PlayMakerFixedUpdate

AddEventHandlerComponent: PlayMakerFixedUpdate

AddEventHandlerComponent: PlayMakerFixedUpdate

AddEventHandlerComponent: PlayMakerFixedUpdate

AddEventHandlerComponent: PlayMakerFixedUpdate

AddEventHandlerComponent: PlayMakerFixedUpdate

AddEventHandlerComponent: PlayMakerFixedUpdate

AddEventHandlerComponent: PlayMakerFixedUpdate

Deferring level start (marked as manual).

PlayOneShot was called with a null AudioClip.

PlayOneShot was called with a null AudioClip.

AddEventHandlerComponent: PlayMakerFixedUpdate

AddEventHandlerComponent: PlayMakerFixedUpdate

PlayOneShot was called with a null AudioClip.

PlayOneShot was called with a null AudioClip.

AddEventHandlerComponent: PlayMakerFixedUpdate

AddEventHandlerComponent: PlayMakerFixedUpdate

AddEventHandlerComponent: PlayMakerFixedUpdate

AddEventHandlerComponent: PlayMakerFixedUpdate

AddEventHandlerComponent: PlayMakerFixedUpdate

AddEventHandlerComponent: PlayMakerFixedUpdate

AddEventHandlerComponent: PlayMakerFixedUpdate

AddEventHandlerComponent: PlayMakerFixedUpdate

AddEventHandlerComponent: PlayMakerFixedUpdate

AddEventHandlerComponent: PlayMakerFixedUpdate

AddEventHandlerComponent: PlayMakerFixedUpdate

AddEventHandlerComponent: PlayMakerFixedUpdate

AddEventHandlerComponent: PlayMakerFixedUpdate

AddEventHandlerComponent: PlayMakerFixedUpdate

AddEventHandlerComponent: PlayMakerFixedUpdate

Deferring level start (marked as manual).

AddEventHandlerComponent: PlayMakerFixedUpdate

AddEventHandlerComponent: PlayMakerFixedUpdate

AddEventHandlerComponent: PlayMakerFixedUpdate

AddEventHandlerComponent: PlayMakerFixedUpdate

AddEventHandlerComponent: PlayMakerFixedUpdate

Object Pool attached to GlobalPool could not find a copy of Plat Stream Water, Instantiating a new one.

PlayOneShot was called with a null AudioClip.

Object Pool attached to GlobalPool has run out of Plat Stream Water prefabs, Instantiating an additional one.

Object Pool attached to GlobalPool has run out of Plat Stream Water prefabs, Instantiating an additional one.

PlayOneShot was called with a null AudioClip.

Object Pool attached to GlobalPool has run out of Splash Out Black prefabs, Instantiating an additional one.

Object Pool attached to GlobalPool has run out of Plat Stream Water prefabs, Instantiating an additional one.

Object Pool attached to GlobalPool has run out of Plat Stream Water prefabs, Instantiating an additional one.

Object Pool attached to GlobalPool has run out of Plat Stream Water prefabs, Instantiating an additional one.

AddEventHandlerComponent: PlayMakerFixedUpdate

AddEventHandlerComponent: PlayMakerFixedUpdate

AddEventHandlerComponent: PlayMakerFixedUpdate

Deferring level start (marked as manual).

PlayOneShot was called with a null AudioClip.

PlayOneShot was called with a null AudioClip.

Object Pool attached to GlobalPool has run out of Arrow Prompt prefabs, Instantiating an additional one.

AddEventHandlerComponent: PlayMakerFixedUpdate

AddEventHandlerComponent: PlayMakerFixedUpdate

AddEventHandlerComponent: PlayMakerFixedUpdate

AddEventHandlerComponent: PlayMakerFixedUpdate

AddEventHandlerComponent: PlayMakerFixedUpdate

AddEventHandlerComponent: PlayMakerFixedUpdate

AddEventHandlerComponent: PlayMakerFixedUpdate

AddEventHandlerComponent: PlayMakerFixedUpdate

AddEventHandlerComponent: PlayMakerFixedUpdate

AddEventHandlerComponent: PlayMakerFixedUpdate

AddEventHandlerComponent: PlayMakerFixedUpdate

AddEventHandlerComponent: PlayMakerFixedUpdate

AddEventHandlerComponent: PlayMakerFixedUpdate

AddEventHandlerComponent: PlayMakerFixedUpdate

AddEventHandlerComponent: PlayMakerFixedUpdate

Deferring level start (marked as manual).

AddEventHandlerComponent: PlayMakerFixedUpdate

AddEventHandlerComponent: PlayMakerFixedUpdate

AddEventHandlerComponent: PlayMakerFixedUpdate

AddEventHandlerComponent: PlayMakerFixedUpdate

AddEventHandlerComponent: PlayMakerFixedUpdate

PlayOneShot was called with a null AudioClip.

AddEventHandlerComponent: PlayMakerFixedUpdate

AddEventHandlerComponent: PlayMakerFixedUpdate

AddEventHandlerComponent: PlayMakerFixedUpdate

AddEventHandlerComponent: PlayMakerFixedUpdate

AddEventHandlerComponent: PlayMakerFixedUpdate

AddEventHandlerComponent: PlayMakerFixedUpdate

AddEventHandlerComponent: PlayMakerFixedUpdate

AddEventHandlerComponent: PlayMakerFixedUpdate

AddEventHandlerComponent: PlayMakerFixedUpdate

AddEventHandlerComponent: PlayMakerFixedUpdate

AddEventHandlerComponent: PlayMakerFixedUpdate

AddEventHandlerComponent: PlayMakerFixedUpdate

AddEventHandlerComponent: PlayMakerFixedUpdate

AddEventHandlerComponent: PlayMakerFixedUpdate

AddEventHandlerComponent: PlayMakerFixedUpdate

AddEventHandlerComponent: PlayMakerFixedUpdate

AddEventHandlerComponent: PlayMakerFixedUpdate

AddEventHandlerComponent: PlayMakerFixedUpdate

Deferring level start (marked as manual).

PlayOneShot was called with a null AudioClip.

PlayOneShot was called with a null AudioClip.

AddEventHandlerComponent: PlayMakerFixedUpdate

AddEventHandlerComponent: PlayMakerFixedUpdate

PlayOneShot was called with a null AudioClip.

PlayOneShot was called with a null AudioClip.

AddEventHandlerComponent: PlayMakerFixedUpdate

AddEventHandlerComponent: PlayMakerFixedUpdate

AddEventHandlerComponent: PlayMakerFixedUpdate

AddEventHandlerComponent: PlayMakerFixedUpdate

AddEventHandlerComponent: PlayMakerFixedUpdate

AddEventHandlerComponent: PlayMakerFixedUpdate

AddEventHandlerComponent: PlayMakerFixedUpdate

AddEventHandlerComponent: PlayMakerFixedUpdate

AddEventHandlerComponent: PlayMakerFixedUpdate

Deferring level start (marked as manual).

PlayOneShot was called with a null AudioClip.

PlayOneShot was called with a null AudioClip.

PlayOneShot was called with a null AudioClip.

PlayOneShot was called with a null AudioClip.

PlayOneShot was called with a null AudioClip.

PlayOneShot was called with a null AudioClip.

PlayOneShot was called with a null AudioClip.

PlayOneShot was called with a null AudioClip.

PlayOneShot was called with a null AudioClip.

AddEventHandlerComponent: PlayMakerFixedUpdate

AddEventHandlerComponent: PlayMakerFixedUpdate

AddEventHandlerComponent: PlayMakerFixedUpdate

AddEventHandlerComponent: PlayMakerFixedUpdate

Deferring level start (marked as manual).

PlayOneShot was called with a null AudioClip.

Could not find FSM: health_manager_enemy

Could not find FSM: health_manager_enemy

AddEventHandlerComponent: PlayMakerCollisionEnter2D

AddEventHandlerComponent: PlayMakerFixedUpdate

AddEventHandlerComponent: PlayMakerCollisionEnter2D

AddEventHandlerComponent: PlayMakerFixedUpdate

AddEventHandlerComponent: PlayMakerFixedUpdate

AddEventHandlerComponent: PlayMakerFixedUpdate

AddEventHandlerComponent: PlayMakerFixedUpdate

AddEventHandlerComponent: PlayMakerFixedUpdate

AddEventHandlerComponent: PlayMakerFixedUpdate

AddEventHandlerComponent: PlayMakerFixedUpdate

AddEventHandlerComponent: PlayMakerFixedUpdate

AddEventHandlerComponent: PlayMakerFixedUpdate

AddEventHandlerComponent: PlayMakerFixedUpdate

AddEventHandlerComponent: PlayMakerFixedUpdate

AddEventHandlerComponent: PlayMakerFixedUpdate

AddEventHandlerComponent: PlayMakerFixedUpdate

Deferring level start (marked as manual).

Could not find FSM: health_manager_enemy

Could not find FSM: health_manager_enemy

AddEventHandlerComponent: PlayMakerFixedUpdate

AddEventHandlerComponent: PlayMakerFixedUpdate

AddEventHandlerComponent: PlayMakerFixedUpdate

AddEventHandlerComponent: PlayMakerFixedUpdate

AddEventHandlerComponent: PlayMakerCollisionEnter2D

AddEventHandlerComponent: PlayMakerFixedUpdate

AddEventHandlerComponent: PlayMakerCollisionEnter2D

AddEventHandlerComponent: PlayMakerFixedUpdate

AddEventHandlerComponent: PlayMakerFixedUpdate

AddEventHandlerComponent: PlayMakerFixedUpdate

Object Pool attached to GlobalPool has run out of White Flash R prefabs, Instantiating an additional one.

AddEventHandlerComponent: PlayMakerFixedUpdate

AddEventHandlerComponent: PlayMakerFixedUpdate

AddEventHandlerComponent: PlayMakerFixedUpdate

AddEventHandlerComponent: PlayMakerFixedUpdate

AddEventHandlerComponent: PlayMakerFixedUpdate

AddEventHandlerComponent: PlayMakerFixedUpdate

AddEventHandlerComponent: PlayMakerFixedUpdate

AddEventHandlerComponent: PlayMakerFixedUpdate

AddEventHandlerComponent: PlayMakerFixedUpdate

AddEventHandlerComponent: PlayMakerFixedUpdate

AddEventHandlerComponent: PlayMakerFixedUpdate

AddEventHandlerComponent: PlayMakerFixedUpdate

AddEventHandlerComponent: PlayMakerFixedUpdate

AddEventHandlerComponent: PlayMakerFixedUpdate

AddEventHandlerComponent: PlayMakerFixedUpdate

AddEventHandlerComponent: PlayMakerFixedUpdate

AddEventHandlerComponent: PlayMakerFixedUpdate

AddEventHandlerComponent: PlayMakerFixedUpdate

AddEventHandlerComponent: PlayMakerFixedUpdate

AddEventHandlerComponent: PlayMakerFixedUpdate

Deferring level start (marked as manual).

PlayOneShot was called with a null AudioClip.

PlayOneShot was called with a null AudioClip.

PlayOneShot was called with a null AudioClip.

Could not find FSM: health_manager_enemy

Could not find FSM: health_manager_enemy

Could not find FSM: health_manager_enemy

Could not find FSM: health_manager_enemy

Could not find FSM: health_manager_enemy

Could not find FSM: health_manager_enemy

AddEventHandlerComponent: PlayMakerFixedUpdate

AddEventHandlerComponent: PlayMakerFixedUpdate

AddEventHandlerComponent: PlayMakerCollisionEnter2D

AddEventHandlerComponent: PlayMakerFixedUpdate

AddEventHandlerComponent: PlayMakerCollisionEnter2D

AddEventHandlerComponent: PlayMakerFixedUpdate

AddEventHandlerComponent: PlayMakerCollisionEnter2D

AddEventHandlerComponent: PlayMakerFixedUpdate

AddEventHandlerComponent: PlayMakerCollisionEnter2D

AddEventHandlerComponent: PlayMakerFixedUpdate

AddEventHandlerComponent: PlayMakerCollisionEnter2D

AddEventHandlerComponent: PlayMakerFixedUpdate

AddEventHandlerComponent: PlayMakerCollisionEnter2D

AddEventHandlerComponent: PlayMakerFixedUpdate

PlayOneShot was called with a null AudioClip.

PlayOneShot was called with a null AudioClip.

PlayOneShot was called with a null AudioClip.

PlayOneShot was called with a null AudioClip.

PlayOneShot was called with a null AudioClip.

PlayOneShot was called with a null AudioClip.

PlayOneShot was called with a null AudioClip.

PlayOneShot was called with a null AudioClip.

PlayOneShot was called with a null AudioClip.

PlayOneShot was called with a null AudioClip.

PlayOneShot was called with a null AudioClip.

PlayOneShot was called with a null AudioClip.

PlayOneShot was called with a null AudioClip.

PlayOneShot was called with a null AudioClip.

PlayOneShot was called with a null AudioClip.

PlayOneShot was called with a null AudioClip.

PlayOneShot was called with a null AudioClip.

PlayOneShot was called with a null AudioClip.

PlayOneShot was called with a null AudioClip.

PlayOneShot was called with a null AudioClip.

PlayOneShot was called with a null AudioClip.

PlayOneShot was called with a null AudioClip.

PlayOneShot was called with a null AudioClip.

PlayOneShot was called with a null AudioClip.

PlayOneShot was called with a null AudioClip.

PlayOneShot was called with a null AudioClip.

PlayOneShot was called with a null AudioClip.

PlayOneShot was called with a null AudioClip.

PlayOneShot was called with a null AudioClip.

PlayOneShot was called with a null AudioClip.

No area with identifier "ISMAS_GROVE" found in area list. Creating default SubArea.

Could not find FSM: hasAcidArmour

Object Pool attached to GlobalPool has run out of Audio Player NoDestroy prefabs, Instantiating an additional one.

Object Pool attached to GlobalPool has run out of Dripper White prefabs, Instantiating an additional one.

PlayOneShot was called with a null AudioClip.

PlayOneShot was called with a null AudioClip.

PlayOneShot was called with a null AudioClip.

AddEventHandlerComponent: PlayMakerFixedUpdate

AddEventHandlerComponent: PlayMakerFixedUpdate

AddEventHandlerComponent: PlayMakerFixedUpdate

AddEventHandlerComponent: PlayMakerFixedUpdate

AddEventHandlerComponent: PlayMakerFixedUpdate

AddEventHandlerComponent: PlayMakerFixedUpdate

AddEventHandlerComponent: PlayMakerFixedUpdate

AddEventHandlerComponent: PlayMakerFixedUpdate

AddEventHandlerComponent: PlayMakerFixedUpdate

AddEventHandlerComponent: PlayMakerFixedUpdate

AddEventHandlerComponent: PlayMakerFixedUpdate

AddEventHandlerComponent: PlayMakerFixedUpdate

Deferring level start (marked as manual).

Could not find FSM: health_manager_enemy

Could not find FSM: health_manager_enemy

AddEventHandlerComponent: PlayMakerFixedUpdate

AddEventHandlerComponent: PlayMakerFixedUpdate

AddEventHandlerComponent: PlayMakerFixedUpdate

AddEventHandlerComponent: PlayMakerFixedUpdate

AddEventHandlerComponent: PlayMakerCollisionEnter2D

AddEventHandlerComponent: PlayMakerFixedUpdate

AddEventHandlerComponent: PlayMakerCollisionEnter2D

AddEventHandlerComponent: PlayMakerFixedUpdate

AddEventHandlerComponent: PlayMakerFixedUpdate

AddEventHandlerComponent: PlayMakerFixedUpdate

AddEventHandlerComponent: PlayMakerFixedUpdate

AddEventHandlerComponent: PlayMakerFixedUpdate

AddEventHandlerComponent: PlayMakerFixedUpdate

AddEventHandlerComponent: PlayMakerFixedUpdate

AddEventHandlerComponent: PlayMakerFixedUpdate

AddEventHandlerComponent: PlayMakerFixedUpdate

AddEventHandlerComponent: PlayMakerFixedUpdate

AddEventHandlerComponent: PlayMakerFixedUpdate

AddEventHandlerComponent: PlayMakerFixedUpdate

AddEventHandlerComponent: PlayMakerFixedUpdate

AddEventHandlerComponent: PlayMakerFixedUpdate

AddEventHandlerComponent: PlayMakerFixedUpdate

AddEventHandlerComponent: PlayMakerFixedUpdate

AddEventHandlerComponent: PlayMakerFixedUpdate

AddEventHandlerComponent: PlayMakerFixedUpdate

AddEventHandlerComponent: PlayMakerFixedUpdate

AddEventHandlerComponent: PlayMakerFixedUpdate

AddEventHandlerComponent: PlayMakerFixedUpdate

AddEventHandlerComponent: PlayMakerFixedUpdate

Deferring level start (marked as manual).

PlayOneShot was called with a null AudioClip.

PlayOneShot was called with a null AudioClip.

PlayOneShot was called with a null AudioClip.

Could not find FSM: health_manager_enemy

Could not find FSM: health_manager_enemy

Could not find FSM: health_manager_enemy

Could not find FSM: health_manager_enemy

Could not find FSM: health_manager_enemy

Could not find FSM: health_manager_enemy

AddEventHandlerComponent: PlayMakerFixedUpdate

AddEventHandlerComponent: PlayMakerFixedUpdate

AddEventHandlerComponent: PlayMakerCollisionEnter2D

AddEventHandlerComponent: PlayMakerFixedUpdate

AddEventHandlerComponent: PlayMakerCollisionEnter2D

AddEventHandlerComponent: PlayMakerFixedUpdate

AddEventHandlerComponent: PlayMakerCollisionEnter2D

AddEventHandlerComponent: PlayMakerFixedUpdate

AddEventHandlerComponent: PlayMakerCollisionEnter2D

AddEventHandlerComponent: PlayMakerFixedUpdate

AddEventHandlerComponent: PlayMakerCollisionEnter2D

AddEventHandlerComponent: PlayMakerFixedUpdate

AddEventHandlerComponent: PlayMakerCollisionEnter2D

AddEventHandlerComponent: PlayMakerFixedUpdate

No area with identifier "ISMAS_GROVE" found in area list. Creating default SubArea.

AddEventHandlerComponent: PlayMakerFixedUpdate

AddEventHandlerComponent: PlayMakerFixedUpdate

AddEventHandlerComponent: PlayMakerFixedUpdate

AddEventHandlerComponent: PlayMakerFixedUpdate

AddEventHandlerComponent: PlayMakerFixedUpdate

AddEventHandlerComponent: PlayMakerFixedUpdate

AddEventHandlerComponent: PlayMakerFixedUpdate

AddEventHandlerComponent: PlayMakerFixedUpdate

AddEventHandlerComponent: PlayMakerFixedUpdate

AddEventHandlerComponent: PlayMakerFixedUpdate

AddEventHandlerComponent: PlayMakerFixedUpdate

AddEventHandlerComponent: PlayMakerFixedUpdate

Deferring level start (marked as manual).

Could not find FSM: health_manager_enemy

Could not find FSM: health_manager_enemy

AddEventHandlerComponent: PlayMakerFixedUpdate

AddEventHandlerComponent: PlayMakerFixedUpdate

AddEventHandlerComponent: PlayMakerFixedUpdate

AddEventHandlerComponent: PlayMakerFixedUpdate

AddEventHandlerComponent: PlayMakerCollisionEnter2D

AddEventHandlerComponent: PlayMakerFixedUpdate

AddEventHandlerComponent: PlayMakerCollisionEnter2D

AddEventHandlerComponent: PlayMakerFixedUpdate

AddEventHandlerComponent: PlayMakerFixedUpdate

AddEventHandlerComponent: PlayMakerFixedUpdate

PlayOneShot was called with a null AudioClip.

PlayOneShot was called with a null AudioClip.

AddEventHandlerComponent: PlayMakerFixedUpdate

Persistent Bool Item (Ruins Sentry Fat) does not have a PlayMakerFSM attached to read state from.

Persistent Bool Item (Ruins Sentry Fat) does not have a PlayMakerFSM attached to read state from.

PlayOneShot was called with a null AudioClip.

PlayOneShot was called with a null AudioClip.

PlayOneShot was called with a null AudioClip.

PlayOneShot was called with a null AudioClip.

PlayOneShot was called with a null AudioClip.

PlayOneShot was called with a null AudioClip.

PlayOneShot was called with a null AudioClip.

PlayOneShot was called with a null AudioClip.

AddEventHandlerComponent: PlayMakerFixedUpdate

Deferring level start (marked as manual).

PlayOneShot was called with a null AudioClip.

AddEventHandlerComponent: PlayMakerFixedUpdate

AddEventHandlerComponent: PlayMakerFixedUpdate

AddEventHandlerComponent: PlayMakerFixedUpdate

AddEventHandlerComponent: PlayMakerFixedUpdate

AddEventHandlerComponent: PlayMakerFixedUpdate

AddEventHandlerComponent: PlayMakerFixedUpdate

AddEventHandlerComponent: PlayMakerFixedUpdate

AddEventHandlerComponent: PlayMakerFixedUpdate

AddEventHandlerComponent: PlayMakerFixedUpdate

AddEventHandlerComponent: PlayMakerFixedUpdate

AddEventHandlerComponent: PlayMakerFixedUpdate

Deferring level start (marked as manual).

AddEventHandlerComponent: PlayMakerFixedUpdate

AddEventHandlerComponent: PlayMakerFixedUpdate

AddEventHandlerComponent: PlayMakerFixedUpdate

AddEventHandlerComponent: PlayMakerFixedUpdate

AddEventHandlerComponent: PlayMakerFixedUpdate

AddEventHandlerComponent: PlayMakerFixedUpdate

Deferring level start (marked as manual).

AddEventHandlerComponent: PlayMakerFixedUpdate

AddEventHandlerComponent: PlayMakerFixedUpdate

AddEventHandlerComponent: PlayMakerFixedUpdate

AddEventHandlerComponent: PlayMakerFixedUpdate

AddEventHandlerComponent: PlayMakerFixedUpdate

AddEventHandlerComponent: PlayMakerFixedUpdate

AddEventHandlerComponent: PlayMakerFixedUpdate

AddEventHandlerComponent: PlayMakerFixedUpdate

AddEventHandlerComponent: PlayMakerFixedUpdate

AddEventHandlerComponent: PlayMakerFixedUpdate

AddEventHandlerComponent: PlayMakerFixedUpdate

Deferring level start (marked as manual).

AddEventHandlerComponent: PlayMakerFixedUpdate

AddEventHandlerComponent: PlayMakerFixedUpdate

AddEventHandlerComponent: PlayMakerFixedUpdate

AddEventHandlerComponent: PlayMakerFixedUpdate

AddEventHandlerComponent: PlayMakerFixedUpdate

Deferring level start (marked as manual).

Could not find FSM: health_manager_enemy

AddEventHandlerComponent: PlayMakerCollisionEnter2D

AddEventHandlerComponent: PlayMakerFixedUpdate

AddEventHandlerComponent: PlayMakerFixedUpdate

AddEventHandlerComponent: PlayMakerFixedUpdate

AddEventHandlerComponent: PlayMakerFixedUpdate

AddEventHandlerComponent: PlayMakerFixedUpdate

AddEventHandlerComponent: PlayMakerFixedUpdate

AddEventHandlerComponent: PlayMakerFixedUpdate

Deferring level start (marked as manual).

PlayOneShot was called with a null AudioClip.

Could not find FSM: Enough Geo

LoadLevel: Cinematic_Stag_travel

Unloading 97 Unused Serialized files (Serialized files now loaded: 0)
UnloadTime: 3.809200 ms
Performing automatic level start.


Unloading 6435 unused Assets to reduce memory usage. Loaded Objects now: 59613.
Total: 235.236900 ms (FindLiveObjects: 3.953700 ms CreateObjectMapping: 2.937800 ms MarkObjects: 210.476900 ms  DeleteObjects: 17.867200 ms)

Setting skip mode: SKIP_INSTANT

Started cinematic 'StagTunnelRun'

Started cinematic 'StagTunnelRun'

AddEventHandlerComponent: PlayMakerFixedUpdate

AddEventHandlerComponent: PlayMakerFixedUpdate

AddEventHandlerComponent: PlayMakerFixedUpdate

AddEventHandlerComponent: PlayMakerCollisionEnter2D

AddEventHandlerComponent: PlayMakerFixedUpdate

Deferring level start (marked as manual).

PlayOneShot was called with a null AudioClip.

AddEventHandlerComponent: PlayMakerFixedUpdate

AddEventHandlerComponent: PlayMakerFixedUpdate

AddEventHandlerComponent: PlayMakerFixedUpdate

AddEventHandlerComponent: PlayMakerFixedUpdate

AddEventHandlerComponent: PlayMakerFixedUpdate

AddEventHandlerComponent: PlayMakerFixedUpdate

AddEventHandlerComponent: PlayMakerFixedUpdate

AddEventHandlerComponent: PlayMakerCollisionEnter2D

AddEventHandlerComponent: PlayMakerFixedUpdate

AddEventHandlerComponent: PlayMakerFixedUpdate

AddEventHandlerComponent: PlayMakerFixedUpdate

AddEventHandlerComponent: PlayMakerFixedUpdate

AddEventHandlerComponent: PlayMakerFixedUpdate

AddEventHandlerComponent: PlayMakerFixedUpdate

Deferring level start (marked as manual).

AddEventHandlerComponent: PlayMakerFixedUpdate

AddEventHandlerComponent: PlayMakerFixedUpdate

Deferring level start (marked as manual).

AddEventHandlerComponent: PlayMakerFixedUpdate

AddEventHandlerComponent: PlayMakerFixedUpdate

AddEventHandlerComponent: PlayMakerFixedUpdate

AddEventHandlerComponent: PlayMakerFixedUpdate

AddEventHandlerComponent: PlayMakerFixedUpdate

AddEventHandlerComponent: PlayMakerFixedUpdate

AddEventHandlerComponent: PlayMakerFixedUpdate

AddEventHandlerComponent: PlayMakerCollisionEnter2D

AddEventHandlerComponent: PlayMakerFixedUpdate

AddEventHandlerComponent: PlayMakerFixedUpdate

AddEventHandlerComponent: PlayMakerFixedUpdate

AddEventHandlerComponent: PlayMakerFixedUpdate

AddEventHandlerComponent: PlayMakerFixedUpdate

AddEventHandlerComponent: PlayMakerFixedUpdate

Deferring level start (marked as manual).

AddEventHandlerComponent: PlayMakerFixedUpdate

AddEventHandlerComponent: PlayMakerFixedUpdate

AddEventHandlerComponent: PlayMakerFixedUpdate

AddEventHandlerComponent: PlayMakerCollisionEnter2D

AddEventHandlerComponent: PlayMakerFixedUpdate

Deferring level start (marked as manual).

PlayOneShot was called with a null AudioClip.

Could not find FSM: Enough Geo

LoadLevel: Cinematic_Stag_travel

Unloading 10 Unused Serialized files (Serialized files now loaded: 0)
UnloadTime: 2.745200 ms
Performing automatic level start.


Unloading 2008 unused Assets to reduce memory usage. Loaded Objects now: 59611.
Total: 224.480500 ms (FindLiveObjects: 3.721900 ms CreateObjectMapping: 2.238200 ms MarkObjects: 214.498700 ms  DeleteObjects: 4.021100 ms)

Setting skip mode: SKIP_INSTANT

Started cinematic 'StagTunnelRun'

Started cinematic 'StagTunnelRun'

Stopped cinematic 'StagTunnelRun'

AddEventHandlerComponent: PlayMakerFixedUpdate

AddEventHandlerComponent: PlayMakerFixedUpdate

AddEventHandlerComponent: PlayMakerFixedUpdate

AddEventHandlerComponent: PlayMakerFixedUpdate

Deferring level start (marked as manual).

PlayOneShot was called with a null AudioClip.

AddEventHandlerComponent: PlayMakerFixedUpdate

AddEventHandlerComponent: PlayMakerFixedUpdate

Deferring level start (marked as manual).

Object Pool attached to GlobalPool could not find a copy of Plat Grass, Instantiating a new one.

Object Pool attached to GlobalPool has run out of Plat Grass prefabs, Instantiating an additional one.

AddEventHandlerComponent: PlayMakerFixedUpdate

AddEventHandlerComponent: PlayMakerFixedUpdate

AddEventHandlerComponent: PlayMakerFixedUpdate

AddEventHandlerComponent: PlayMakerFixedUpdate

AddEventHandlerComponent: PlayMakerFixedUpdate

AddEventHandlerComponent: PlayMakerFixedUpdate

AddEventHandlerComponent: PlayMakerFixedUpdate

AddEventHandlerComponent: PlayMakerFixedUpdate

AddEventHandlerComponent: PlayMakerFixedUpdate

AddEventHandlerComponent: PlayMakerFixedUpdate

AddEventHandlerComponent: PlayMakerFixedUpdate

AddEventHandlerComponent: PlayMakerFixedUpdate

AddEventHandlerComponent: PlayMakerFixedUpdate

AddEventHandlerComponent: PlayMakerFixedUpdate

AddEventHandlerComponent: PlayMakerFixedUpdate

Deferring level start (marked as manual).

AddEventHandlerComponent: PlayMakerFixedUpdate

AddEventHandlerComponent: PlayMakerFixedUpdate

AddEventHandlerComponent: PlayMakerFixedUpdate

AddEventHandlerComponent: PlayMakerFixedUpdate

AddEventHandlerComponent: PlayMakerFixedUpdate

AddEventHandlerComponent: PlayMakerFixedUpdate

Object Pool attached to GlobalPool has run out of Arrow Prompt prefabs, Instantiating an additional one.

PlayOneShot was called with a null AudioClip.

PlayOneShot was called with a null AudioClip.

AddEventHandlerComponent: PlayMakerFixedUpdate

AddEventHandlerComponent: PlayMakerFixedUpdate

AddEventHandlerComponent: PlayMakerFixedUpdate

AddEventHandlerComponent: PlayMakerFixedUpdate

AddEventHandlerComponent: PlayMakerFixedUpdate

AddEventHandlerComponent: PlayMakerFixedUpdate

AddEventHandlerComponent: PlayMakerFixedUpdate

AddEventHandlerComponent: PlayMakerFixedUpdate

AddEventHandlerComponent: PlayMakerFixedUpdate

AddEventHandlerComponent: PlayMakerFixedUpdate

AddEventHandlerComponent: PlayMakerFixedUpdate

AddEventHandlerComponent: PlayMakerFixedUpdate

PlayOneShot was called with a null AudioClip.

AddEventHandlerComponent: PlayMakerFixedUpdate

AddEventHandlerComponent: PlayMakerFixedUpdate

AddEventHandlerComponent: PlayMakerFixedUpdate

AddEventHandlerComponent: PlayMakerFixedUpdate

AddEventHandlerComponent: PlayMakerFixedUpdate

AddEventHandlerComponent: PlayMakerFixedUpdate

AddEventHandlerComponent: PlayMakerFixedUpdate

AddEventHandlerComponent: PlayMakerFixedUpdate

AddEventHandlerComponent: PlayMakerFixedUpdate

AddEventHandlerComponent: PlayMakerFixedUpdate

AddEventHandlerComponent: PlayMakerFixedUpdate

AddEventHandlerComponent: PlayMakerFixedUpdate

AddEventHandlerComponent: PlayMakerFixedUpdate

AddEventHandlerComponent: PlayMakerFixedUpdate

AddEventHandlerComponent: PlayMakerFixedUpdate

AddEventHandlerComponent: PlayMakerFixedUpdate

AddEventHandlerComponent: PlayMakerFixedUpdate

AddEventHandlerComponent: PlayMakerFixedUpdate

AddEventHandlerComponent: PlayMakerFixedUpdate

PlayOneShot was called with a null AudioClip.

AddEventHandlerComponent: PlayMakerFixedUpdate

AddEventHandlerComponent: PlayMakerFixedUpdate

AddEventHandlerComponent: PlayMakerFixedUpdate

AddEventHandlerComponent: PlayMakerFixedUpdate

AddEventHandlerComponent: PlayMakerFixedUpdate

AddEventHandlerComponent: PlayMakerFixedUpdate

Deferring level start (marked as manual).

PlayOneShot was called with a null AudioClip.

AddEventHandlerComponent: PlayMakerFixedUpdate

PlayOneShot was called with a null AudioClip.

PlayOneShot was called with a null AudioClip.

AddEventHandlerComponent: PlayMakerFixedUpdate

PlayOneShot was called with a null AudioClip.

Object Pool attached to GlobalPool could not find a copy of Spore Plat Dust, Instantiating a new one.

AddEventHandlerComponent: PlayMakerFixedUpdate

AddEventHandlerComponent: PlayMakerFixedUpdate

AddEventHandlerComponent: PlayMakerFixedUpdate

AddEventHandlerComponent: PlayMakerFixedUpdate

AddEventHandlerComponent: PlayMakerFixedUpdate

Deferring level start (marked as manual).

AddEventHandlerComponent: PlayMakerFixedUpdate

AddEventHandlerComponent: PlayMakerFixedUpdate

AddEventHandlerComponent: PlayMakerFixedUpdate

AddEventHandlerComponent: PlayMakerFixedUpdate

AddEventHandlerComponent: PlayMakerFixedUpdate

AddEventHandlerComponent: PlayMakerFixedUpdate

AddEventHandlerComponent: PlayMakerFixedUpdate

AddEventHandlerComponent: PlayMakerFixedUpdate

AddEventHandlerComponent: PlayMakerFixedUpdate

AddEventHandlerComponent: PlayMakerFixedUpdate

AddEventHandlerComponent: PlayMakerFixedUpdate

AddEventHandlerComponent: PlayMakerFixedUpdate

Deferring level start (marked as manual).

AddEventHandlerComponent: PlayMakerFixedUpdate

AddEventHandlerComponent: PlayMakerFixedUpdate

AddEventHandlerComponent: PlayMakerFixedUpdate

AddEventHandlerComponent: PlayMakerFixedUpdate

AddEventHandlerComponent: PlayMakerFixedUpdate

Deferring level start (marked as manual).

AddEventHandlerComponent: PlayMakerFixedUpdate

AddEventHandlerComponent: PlayMakerFixedUpdate

AddEventHandlerComponent: PlayMakerFixedUpdate

AddEventHandlerComponent: PlayMakerFixedUpdate

AddEventHandlerComponent: PlayMakerFixedUpdate

AddEventHandlerComponent: PlayMakerFixedUpdate

AddEventHandlerComponent: PlayMakerFixedUpdate

AddEventHandlerComponent: PlayMakerFixedUpdate

AddEventHandlerComponent: PlayMakerFixedUpdate

AddEventHandlerComponent: PlayMakerFixedUpdate

Deferring level start (marked as manual).

AddEventHandlerComponent: PlayMakerFixedUpdate

AddEventHandlerComponent: PlayMakerFixedUpdate

AddEventHandlerComponent: PlayMakerFixedUpdate

AddEventHandlerComponent: PlayMakerFixedUpdate

Object Pool attached to GlobalPool has run out of Spore Plat Dust prefabs, Instantiating an additional one.

AddEventHandlerComponent: PlayMakerFixedUpdate

AddEventHandlerComponent: PlayMakerFixedUpdate

AddEventHandlerComponent: PlayMakerFixedUpdate

AddEventHandlerComponent: PlayMakerFixedUpdate

AddEventHandlerComponent: PlayMakerFixedUpdate

Deferring level start (marked as manual).

AddEventHandlerComponent: PlayMakerFixedUpdate

AddEventHandlerComponent: PlayMakerFixedUpdate

AddEventHandlerComponent: PlayMakerFixedUpdate

AddEventHandlerComponent: PlayMakerFixedUpdate

AddEventHandlerComponent: PlayMakerFixedUpdate

PlayOneShot was called with a null AudioClip.

Object Pool attached to GlobalPool could not find a copy of Bounce Spore Hero, Instantiating a new one.

Object Pool attached to GlobalPool has run out of Bounce Spore Hero prefabs, Instantiating an additional one.

Object Pool attached to GlobalPool has run out of Bounce Spore Hero prefabs, Instantiating an additional one.

PlayOneShot was called with a null AudioClip.

AddEventHandlerComponent: PlayMakerFixedUpdate

AddEventHandlerComponent: PlayMakerFixedUpdate

AddEventHandlerComponent: PlayMakerFixedUpdate

AddEventHandlerComponent: PlayMakerFixedUpdate

AddEventHandlerComponent: PlayMakerFixedUpdate

AddEventHandlerComponent: PlayMakerFixedUpdate

AddEventHandlerComponent: PlayMakerFixedUpdate

AddEventHandlerComponent: PlayMakerFixedUpdate

AddEventHandlerComponent: PlayMakerFixedUpdate

AddEventHandlerComponent: PlayMakerFixedUpdate

AddEventHandlerComponent: PlayMakerFixedUpdate

AddEventHandlerComponent: PlayMakerFixedUpdate

AddEventHandlerComponent: PlayMakerFixedUpdate

Object Pool attached to GlobalPool has run out of Bounce Spore Hero prefabs, Instantiating an additional one.

AddEventHandlerComponent: PlayMakerFixedUpdate

AddEventHandlerComponent: PlayMakerFixedUpdate

AddEventHandlerComponent: PlayMakerFixedUpdate

AddEventHandlerComponent: PlayMakerFixedUpdate

AddEventHandlerComponent: PlayMakerFixedUpdate

AddEventHandlerComponent: PlayMakerFixedUpdate

PlayOneShot was called with a null AudioClip.

PlayOneShot was called with a null AudioClip.

PlayOneShot was called with a null AudioClip.

AddEventHandlerComponent: PlayMakerFixedUpdate

AddEventHandlerComponent: PlayMakerFixedUpdate

AddEventHandlerComponent: PlayMakerFixedUpdate

AddEventHandlerComponent: PlayMakerFixedUpdate

AddEventHandlerComponent: PlayMakerFixedUpdate

AddEventHandlerComponent: PlayMakerFixedUpdate

AddEventHandlerComponent: PlayMakerFixedUpdate

AddEventHandlerComponent: PlayMakerFixedUpdate

AddEventHandlerComponent: PlayMakerFixedUpdate

AddEventHandlerComponent: PlayMakerFixedUpdate

AddEventHandlerComponent: PlayMakerFixedUpdate

AddEventHandlerComponent: PlayMakerFixedUpdate

AddEventHandlerComponent: PlayMakerFixedUpdate

AddEventHandlerComponent: PlayMakerFixedUpdate

AddEventHandlerComponent: PlayMakerFixedUpdate

AddEventHandlerComponent: PlayMakerFixedUpdate

AddEventHandlerComponent: PlayMakerFixedUpdate

AddEventHandlerComponent: PlayMakerFixedUpdate

PlayOneShot was called with a null AudioClip.

AddEventHandlerComponent: PlayMakerFixedUpdate

AddEventHandlerComponent: PlayMakerFixedUpdate

AddEventHandlerComponent: PlayMakerFixedUpdate

AddEventHandlerComponent: PlayMakerFixedUpdate

AddEventHandlerComponent: PlayMakerFixedUpdate

AddEventHandlerComponent: PlayMakerFixedUpdate

AddEventHandlerComponent: PlayMakerFixedUpdate

AddEventHandlerComponent: PlayMakerFixedUpdate

AddEventHandlerComponent: PlayMakerFixedUpdate

AddEventHandlerComponent: PlayMakerFixedUpdate

AddEventHandlerComponent: PlayMakerFixedUpdate

AddEventHandlerComponent: PlayMakerFixedUpdate

AddEventHandlerComponent: PlayMakerFixedUpdate

AddEventHandlerComponent: PlayMakerFixedUpdate

AddEventHandlerComponent: PlayMakerFixedUpdate

AddEventHandlerComponent: PlayMakerFixedUpdate

AddEventHandlerComponent: PlayMakerFixedUpdate

AddEventHandlerComponent: PlayMakerFixedUpdate

AddEventHandlerComponent: PlayMakerFixedUpdate

AddEventHandlerComponent: PlayMakerFixedUpdate

AddEventHandlerComponent: PlayMakerFixedUpdate

AddEventHandlerComponent: PlayMakerFixedUpdate

AddEventHandlerComponent: PlayMakerFixedUpdate

AddEventHandlerComponent: PlayMakerFixedUpdate

AddEventHandlerComponent: PlayMakerFixedUpdate

Deferring level start (marked as manual).

AddEventHandlerComponent: PlayMakerCollisionEnter2D

AddEventHandlerComponent: PlayMakerFixedUpdate

AddEventHandlerComponent: PlayMakerCollisionEnter2D

AddEventHandlerComponent: PlayMakerFixedUpdate

AddEventHandlerComponent: PlayMakerCollisionEnter2D

AddEventHandlerComponent: PlayMakerFixedUpdate

AddEventHandlerComponent: PlayMakerCollisionEnter2D

AddEventHandlerComponent: PlayMakerFixedUpdate

AddEventHandlerComponent: PlayMakerCollisionEnter2D

AddEventHandlerComponent: PlayMakerFixedUpdate

AddEventHandlerComponent: PlayMakerFixedUpdate

AddEventHandlerComponent: PlayMakerFixedUpdate

AddEventHandlerComponent: PlayMakerFixedUpdate

AddEventHandlerComponent: PlayMakerFixedUpdate

AddEventHandlerComponent: PlayMakerFixedUpdate

AddEventHandlerComponent: PlayMakerFixedUpdate

AddEventHandlerComponent: PlayMakerFixedUpdate

AddEventHandlerComponent: PlayMakerFixedUpdate

AddEventHandlerComponent: PlayMakerFixedUpdate

AddEventHandlerComponent: PlayMakerFixedUpdate

Object Pool attached to GlobalPool has run out of Arrow Prompt prefabs, Instantiating an additional one.

PlayOneShot was called with a null AudioClip.

PlayOneShot was called with a null AudioClip.

PlayOneShot was called with a null AudioClip.

AddEventHandlerComponent: PlayMakerCollisionEnter2D

AddEventHandlerComponent: PlayMakerFixedUpdate

Object Pool attached to GlobalPool has run out of Plat Grass prefabs, Instantiating an additional one.

PlayOneShot was called with a null AudioClip.

Object Pool attached to GlobalPool has run out of Plat Grass prefabs, Instantiating an additional one.

Object Pool attached to GlobalPool has run out of Plat Grass prefabs, Instantiating an additional one.

PlayOneShot was called with a null AudioClip.

PlayOneShot was called with a null AudioClip.

Object Pool attached to GlobalPool has run out of Plat Grass prefabs, Instantiating an additional one.

Object Pool attached to GlobalPool has run out of Plat Grass prefabs, Instantiating an additional one.

PlayOneShot was called with a null AudioClip.

PlayOneShot was called with a null AudioClip.

AddEventHandlerComponent: PlayMakerFixedUpdate

AddEventHandlerComponent: PlayMakerFixedUpdate

AddEventHandlerComponent: PlayMakerFixedUpdate

AddEventHandlerComponent: PlayMakerFixedUpdate

AddEventHandlerComponent: PlayMakerFixedUpdate

AddEventHandlerComponent: PlayMakerFixedUpdate

AddEventHandlerComponent: PlayMakerFixedUpdate

AddEventHandlerComponent: PlayMakerFixedUpdate

AddEventHandlerComponent: PlayMakerFixedUpdate

AddEventHandlerComponent: PlayMakerFixedUpdate

AddEventHandlerComponent: PlayMakerFixedUpdate

AddEventHandlerComponent: PlayMakerFixedUpdate

AddEventHandlerComponent: PlayMakerFixedUpdate

AddEventHandlerComponent: PlayMakerFixedUpdate

AddEventHandlerComponent: PlayMakerFixedUpdate

Deferring level start (marked as manual).

AddEventHandlerComponent: PlayMakerCollisionEnter2D

AddEventHandlerComponent: PlayMakerFixedUpdate

AddEventHandlerComponent: PlayMakerCollisionEnter2D

AddEventHandlerComponent: PlayMakerFixedUpdate

AddEventHandlerComponent: PlayMakerCollisionEnter2D

AddEventHandlerComponent: PlayMakerFixedUpdate

AddEventHandlerComponent: PlayMakerCollisionEnter2D

AddEventHandlerComponent: PlayMakerFixedUpdate

AddEventHandlerComponent: PlayMakerCollisionEnter2D

AddEventHandlerComponent: PlayMakerFixedUpdate

AddEventHandlerComponent: PlayMakerFixedUpdate

AddEventHandlerComponent: PlayMakerFixedUpdate

AddEventHandlerComponent: PlayMakerFixedUpdate

AddEventHandlerComponent: PlayMakerFixedUpdate

AddEventHandlerComponent: PlayMakerFixedUpdate

AddEventHandlerComponent: PlayMakerFixedUpdate

AddEventHandlerComponent: PlayMakerFixedUpdate

AddEventHandlerComponent: PlayMakerFixedUpdate

AddEventHandlerComponent: PlayMakerFixedUpdate

AddEventHandlerComponent: PlayMakerFixedUpdate

PlayOneShot was called with a null AudioClip.

PlayOneShot was called with a null AudioClip.

PlayOneShot was called with a null AudioClip.

PlayOneShot was called with a null AudioClip.

PlayOneShot was called with a null AudioClip.

PlayOneShot was called with a null AudioClip.

PlayOneShot was called with a null AudioClip.

PlayOneShot was called with a null AudioClip.

PlayOneShot was called with a null AudioClip.

PlayOneShot was called with a null AudioClip.

PlayOneShot was called with a null AudioClip.

PlayOneShot was called with a null AudioClip.

PlayOneShot was called with a null AudioClip.

PlayOneShot was called with a null AudioClip.

PlayOneShot was called with a null AudioClip.

PlayOneShot was called with a null AudioClip.

PlayOneShot was called with a null AudioClip.

PlayOneShot was called with a null AudioClip.

PlayOneShot was called with a null AudioClip.

PlayOneShot was called with a null AudioClip.

PlayOneShot was called with a null AudioClip.

PlayOneShot was called with a null AudioClip.

PlayOneShot was called with a null AudioClip.

PlayOneShot was called with a null AudioClip.

PlayOneShot was called with a null AudioClip.

PlayOneShot was called with a null AudioClip.

PlayOneShot was called with a null AudioClip.

PlayOneShot was called with a null AudioClip.

PlayOneShot was called with a null AudioClip.

PlayOneShot was called with a null AudioClip.

PlayOneShot was called with a null AudioClip.

PlayOneShot was called with a null AudioClip.

PlayOneShot was called with a null AudioClip.

PlayOneShot was called with a null AudioClip.

PlayOneShot was called with a null AudioClip.

PlayOneShot was called with a null AudioClip.

PlayOneShot was called with a null AudioClip.

Object Pool attached to GlobalPool has run out of Gas Explosion Recycle L prefabs, Instantiating an additional one.

PlayOneShot was called with a null AudioClip.

Object Pool attached to GlobalPool has run out of Gas Explosion Recycle L prefabs, Instantiating an additional one.

PlayOneShot was called with a null AudioClip.

Object Pool attached to GlobalPool has run out of Gas Explosion Recycle L prefabs, Instantiating an additional one.

Object Pool attached to GlobalPool has run out of Gas Explosion Recycle L prefabs, Instantiating an additional one.

Object Pool attached to GlobalPool has run out of Gas Explosion Recycle L prefabs, Instantiating an additional one.

PlayOneShot was called with a null AudioClip.

PlayOneShot was called with a null AudioClip.

Object Pool attached to GlobalPool has run out of Death Wave Infected R prefabs, Instantiating an additional one.

PlayOneShot was called with a null AudioClip.

Object Pool attached to GlobalPool has run out of Death Wave Infected R prefabs, Instantiating an additional one.

PlayOneShot was called with a null AudioClip.

PlayOneShot was called with a null AudioClip.

PlayOneShot was called with a null AudioClip.

PlayOneShot was called with a null AudioClip.

PlayOneShot was called with a null AudioClip.

PlayOneShot was called with a null AudioClip.

PlayOneShot was called with a null AudioClip.

PlayOneShot was called with a null AudioClip.

PlayOneShot was called with a null AudioClip.

PlayOneShot was called with a null AudioClip.

PlayOneShot was called with a null AudioClip.

AddEventHandlerComponent: PlayMakerFixedUpdate

AddEventHandlerComponent: PlayMakerFixedUpdate

PlayOneShot was called with a null AudioClip.

PlayOneShot was called with a null AudioClip.

PlayOneShot was called with a null AudioClip.

PlayOneShot was called with a null AudioClip.

PlayOneShot was called with a null AudioClip.

PlayOneShot was called with a null AudioClip.

PlayOneShot was called with a null AudioClip.

PlayOneShot was called with a null AudioClip.

PlayOneShot was called with a null AudioClip.

PlayOneShot was called with a null AudioClip.

PlayOneShot was called with a null AudioClip.

PlayOneShot was called with a null AudioClip.

PlayOneShot was called with a null AudioClip.

PlayOneShot was called with a null AudioClip.

PlayOneShot was called with a null AudioClip.

PlayOneShot was called with a null AudioClip.

PlayOneShot was called with a null AudioClip.

AddEventHandlerComponent: PlayMakerFixedUpdate

AddEventHandlerComponent: PlayMakerFixedUpdate

AddEventHandlerComponent: PlayMakerFixedUpdate

AddEventHandlerComponent: PlayMakerFixedUpdate

AddEventHandlerComponent: PlayMakerFixedUpdate

AddEventHandlerComponent: PlayMakerFixedUpdate

AddEventHandlerComponent: PlayMakerFixedUpdate

AddEventHandlerComponent: PlayMakerFixedUpdate

AddEventHandlerComponent: PlayMakerFixedUpdate

AddEventHandlerComponent: PlayMakerFixedUpdate

AddEventHandlerComponent: PlayMakerFixedUpdate

AddEventHandlerComponent: PlayMakerFixedUpdate

AddEventHandlerComponent: PlayMakerFixedUpdate

AddEventHandlerComponent: PlayMakerFixedUpdate

AddEventHandlerComponent: PlayMakerFixedUpdate

AddEventHandlerComponent: PlayMakerFixedUpdate

AddEventHandlerComponent: PlayMakerFixedUpdate

AddEventHandlerComponent: PlayMakerFixedUpdate

AddEventHandlerComponent: PlayMakerFixedUpdate

AddEventHandlerComponent: PlayMakerFixedUpdate

AddEventHandlerComponent: PlayMakerFixedUpdate

AddEventHandlerComponent: PlayMakerFixedUpdate

Deferring level start (marked as manual).

AddEventHandlerComponent: PlayMakerCollisionEnter2D

AddEventHandlerComponent: PlayMakerFixedUpdate

AddEventHandlerComponent: PlayMakerCollisionEnter2D

AddEventHandlerComponent: PlayMakerFixedUpdate

AddEventHandlerComponent: PlayMakerCollisionEnter2D

AddEventHandlerComponent: PlayMakerFixedUpdate

AddEventHandlerComponent: PlayMakerCollisionEnter2D

AddEventHandlerComponent: PlayMakerFixedUpdate

AddEventHandlerComponent: PlayMakerCollisionEnter2D

AddEventHandlerComponent: PlayMakerFixedUpdate

AddEventHandlerComponent: PlayMakerFixedUpdate

AddEventHandlerComponent: PlayMakerFixedUpdate

AddEventHandlerComponent: PlayMakerFixedUpdate

AddEventHandlerComponent: PlayMakerFixedUpdate

AddEventHandlerComponent: PlayMakerFixedUpdate

AddEventHandlerComponent: PlayMakerFixedUpdate

AddEventHandlerComponent: PlayMakerFixedUpdate

AddEventHandlerComponent: PlayMakerFixedUpdate

AddEventHandlerComponent: PlayMakerFixedUpdate

AddEventHandlerComponent: PlayMakerFixedUpdate

PlayOneShot was called with a null AudioClip.

PlayOneShot was called with a null AudioClip.

PlayOneShot was called with a null AudioClip.

AddEventHandlerComponent: PlayMakerFixedUpdate

AddEventHandlerComponent: PlayMakerFixedUpdate

AddEventHandlerComponent: PlayMakerFixedUpdate

AddEventHandlerComponent: PlayMakerFixedUpdate

AddEventHandlerComponent: PlayMakerFixedUpdate

AddEventHandlerComponent: PlayMakerFixedUpdate

AddEventHandlerComponent: PlayMakerFixedUpdate

AddEventHandlerComponent: PlayMakerFixedUpdate

AddEventHandlerComponent: PlayMakerFixedUpdate

AddEventHandlerComponent: PlayMakerFixedUpdate

AddEventHandlerComponent: PlayMakerFixedUpdate

AddEventHandlerComponent: PlayMakerFixedUpdate

AddEventHandlerComponent: PlayMakerFixedUpdate

AddEventHandlerComponent: PlayMakerFixedUpdate

AddEventHandlerComponent: PlayMakerFixedUpdate

Deferring level start (marked as manual).

AddEventHandlerComponent: PlayMakerCollisionEnter2D

AddEventHandlerComponent: PlayMakerFixedUpdate

AddEventHandlerComponent: PlayMakerCollisionEnter2D

AddEventHandlerComponent: PlayMakerFixedUpdate

AddEventHandlerComponent: PlayMakerCollisionEnter2D

AddEventHandlerComponent: PlayMakerFixedUpdate

AddEventHandlerComponent: PlayMakerFixedUpdate

AddEventHandlerComponent: PlayMakerFixedUpdate

AddEventHandlerComponent: PlayMakerFixedUpdate

AddEventHandlerComponent: PlayMakerFixedUpdate

AddEventHandlerComponent: PlayMakerFixedUpdate

AddEventHandlerComponent: PlayMakerFixedUpdate

AddEventHandlerComponent: PlayMakerFixedUpdate

AddEventHandlerComponent: PlayMakerFixedUpdate

AddEventHandlerComponent: PlayMakerFixedUpdate

AddEventHandlerComponent: PlayMakerFixedUpdate

AddEventHandlerComponent: PlayMakerFixedUpdate

AddEventHandlerComponent: PlayMakerFixedUpdate

PlayOneShot was called with a null AudioClip.

PlayOneShot was called with a null AudioClip.

PlayOneShot was called with a null AudioClip.

PlayOneShot was called with a null AudioClip.

PlayOneShot was called with a null AudioClip.

PlayOneShot was called with a null AudioClip.

PlayOneShot was called with a null AudioClip.

Object Pool attached to GlobalPool has run out of Slash Impact R prefabs, Instantiating an additional one.

Object Pool attached to GlobalPool has run out of Slash Impact R prefabs, Instantiating an additional one.

AddEventHandlerComponent: PlayMakerFixedUpdate

AddEventHandlerComponent: PlayMakerFixedUpdate

AddEventHandlerComponent: PlayMakerFixedUpdate

AddEventHandlerComponent: PlayMakerFixedUpdate

AddEventHandlerComponent: PlayMakerFixedUpdate

AddEventHandlerComponent: PlayMakerFixedUpdate

AddEventHandlerComponent: PlayMakerFixedUpdate

AddEventHandlerComponent: PlayMakerFixedUpdate

AddEventHandlerComponent: PlayMakerFixedUpdate

AddEventHandlerComponent: PlayMakerFixedUpdate

AddEventHandlerComponent: PlayMakerFixedUpdate

AddEventHandlerComponent: PlayMakerFixedUpdate

AddEventHandlerComponent: PlayMakerFixedUpdate

AddEventHandlerComponent: PlayMakerFixedUpdate

AddEventHandlerComponent: PlayMakerFixedUpdate

AddEventHandlerComponent: PlayMakerFixedUpdate

AddEventHandlerComponent: PlayMakerFixedUpdate

AddEventHandlerComponent: PlayMakerFixedUpdate

AddEventHandlerComponent: PlayMakerFixedUpdate

AddEventHandlerComponent: PlayMakerFixedUpdate

AddEventHandlerComponent: PlayMakerFixedUpdate

Deferring level start (marked as manual).

AddEventHandlerComponent: PlayMakerCollisionEnter2D

AddEventHandlerComponent: PlayMakerFixedUpdate

AddEventHandlerComponent: PlayMakerCollisionEnter2D

AddEventHandlerComponent: PlayMakerFixedUpdate

AddEventHandlerComponent: PlayMakerCollisionEnter2D

AddEventHandlerComponent: PlayMakerFixedUpdate

AddEventHandlerComponent: PlayMakerCollisionEnter2D

AddEventHandlerComponent: PlayMakerFixedUpdate

AddEventHandlerComponent: PlayMakerCollisionEnter2D

AddEventHandlerComponent: PlayMakerFixedUpdate

AddEventHandlerComponent: PlayMakerCollisionEnter2D

AddEventHandlerComponent: PlayMakerFixedUpdate

AddEventHandlerComponent: PlayMakerFixedUpdate

AddEventHandlerComponent: PlayMakerFixedUpdate

AddEventHandlerComponent: PlayMakerFixedUpdate

AddEventHandlerComponent: PlayMakerFixedUpdate

AddEventHandlerComponent: PlayMakerFixedUpdate

AddEventHandlerComponent: PlayMakerFixedUpdate

AddEventHandlerComponent: PlayMakerFixedUpdate

AddEventHandlerComponent: PlayMakerFixedUpdate

AddEventHandlerComponent: PlayMakerFixedUpdate

AddEventHandlerComponent: PlayMakerFixedUpdate

AddEventHandlerComponent: PlayMakerFixedUpdate

AddEventHandlerComponent: PlayMakerFixedUpdate

AddEventHandlerComponent: PlayMakerFixedUpdate

PlayOneShot was called with a null AudioClip.

PlayOneShot was called with a null AudioClip.

PlayOneShot was called with a null AudioClip.

PlayOneShot was called with a null AudioClip.

PlayOneShot was called with a null AudioClip.

PlayOneShot was called with a null AudioClip.

PlayOneShot was called with a null AudioClip.

PlayOneShot was called with a null AudioClip.

PlayOneShot was called with a null AudioClip.

PlayOneShot was called with a null AudioClip.

PlayOneShot was called with a null AudioClip.

PlayOneShot was called with a null AudioClip.

PlayOneShot was called with a null AudioClip.

PlayOneShot was called with a null AudioClip.

PlayOneShot was called with a null AudioClip.

PlayOneShot was called with a null AudioClip.

PlayOneShot was called with a null AudioClip.

PlayOneShot was called with a null AudioClip.

PlayOneShot was called with a null AudioClip.

PlayOneShot was called with a null AudioClip.

PlayOneShot was called with a null AudioClip.

PlayOneShot was called with a null AudioClip.

PlayOneShot was called with a null AudioClip.

PlayOneShot was called with a null AudioClip.

PlayOneShot was called with a null AudioClip.

PlayOneShot was called with a null AudioClip.

PlayOneShot was called with a null AudioClip.

PlayOneShot was called with a null AudioClip.

AddEventHandlerComponent: PlayMakerFixedUpdate

AddEventHandlerComponent: PlayMakerFixedUpdate

AddEventHandlerComponent: PlayMakerFixedUpdate

AddEventHandlerComponent: PlayMakerFixedUpdate

AddEventHandlerComponent: PlayMakerFixedUpdate

AddEventHandlerComponent: PlayMakerFixedUpdate

AddEventHandlerComponent: PlayMakerFixedUpdate

AddEventHandlerComponent: PlayMakerFixedUpdate

AddEventHandlerComponent: PlayMakerFixedUpdate

AddEventHandlerComponent: PlayMakerFixedUpdate

AddEventHandlerComponent: PlayMakerFixedUpdate

AddEventHandlerComponent: PlayMakerFixedUpdate

AddEventHandlerComponent: PlayMakerFixedUpdate

AddEventHandlerComponent: PlayMakerFixedUpdate

AddEventHandlerComponent: PlayMakerFixedUpdate

Deferring level start (marked as manual).

AddEventHandlerComponent: PlayMakerCollisionEnter2D

AddEventHandlerComponent: PlayMakerFixedUpdate

AddEventHandlerComponent: PlayMakerCollisionEnter2D

AddEventHandlerComponent: PlayMakerFixedUpdate

AddEventHandlerComponent: PlayMakerCollisionEnter2D

AddEventHandlerComponent: PlayMakerFixedUpdate

AddEventHandlerComponent: PlayMakerFixedUpdate

AddEventHandlerComponent: PlayMakerFixedUpdate

AddEventHandlerComponent: PlayMakerFixedUpdate

AddEventHandlerComponent: PlayMakerFixedUpdate

AddEventHandlerComponent: PlayMakerFixedUpdate

AddEventHandlerComponent: PlayMakerFixedUpdate

AddEventHandlerComponent: PlayMakerFixedUpdate

AddEventHandlerComponent: PlayMakerFixedUpdate

AddEventHandlerComponent: PlayMakerFixedUpdate

AddEventHandlerComponent: PlayMakerFixedUpdate

AddEventHandlerComponent: PlayMakerFixedUpdate

AddEventHandlerComponent: PlayMakerFixedUpdate

PlayOneShot was called with a null AudioClip.

PlayOneShot was called with a null AudioClip.

PlayOneShot was called with a null AudioClip.

PlayOneShot was called with a null AudioClip.

PlayOneShot was called with a null AudioClip.

PlayOneShot was called with a null AudioClip.

PlayOneShot was called with a null AudioClip.

PlayOneShot was called with a null AudioClip.

PlayOneShot was called with a null AudioClip.

PlayOneShot was called with a null AudioClip.

AddEventHandlerComponent: PlayMakerFixedUpdate

AddEventHandlerComponent: PlayMakerFixedUpdate

AddEventHandlerComponent: PlayMakerFixedUpdate

AddEventHandlerComponent: PlayMakerFixedUpdate

AddEventHandlerComponent: PlayMakerFixedUpdate

AddEventHandlerComponent: PlayMakerFixedUpdate

AddEventHandlerComponent: PlayMakerFixedUpdate

AddEventHandlerComponent: PlayMakerFixedUpdate

AddEventHandlerComponent: PlayMakerFixedUpdate

AddEventHandlerComponent: PlayMakerFixedUpdate

AddEventHandlerComponent: PlayMakerFixedUpdate

AddEventHandlerComponent: PlayMakerFixedUpdate

AddEventHandlerComponent: PlayMakerFixedUpdate

AddEventHandlerComponent: PlayMakerFixedUpdate

AddEventHandlerComponent: PlayMakerFixedUpdate

AddEventHandlerComponent: PlayMakerFixedUpdate

AddEventHandlerComponent: PlayMakerFixedUpdate

AddEventHandlerComponent: PlayMakerFixedUpdate

AddEventHandlerComponent: PlayMakerFixedUpdate

AddEventHandlerComponent: PlayMakerFixedUpdate

AddEventHandlerComponent: PlayMakerFixedUpdate

AddEventHandlerComponent: PlayMakerFixedUpdate

Deferring level start (marked as manual).

AddEventHandlerComponent: PlayMakerCollisionEnter2D

AddEventHandlerComponent: PlayMakerFixedUpdate

AddEventHandlerComponent: PlayMakerCollisionEnter2D

AddEventHandlerComponent: PlayMakerFixedUpdate

AddEventHandlerComponent: PlayMakerCollisionEnter2D

AddEventHandlerComponent: PlayMakerFixedUpdate

AddEventHandlerComponent: PlayMakerCollisionEnter2D

AddEventHandlerComponent: PlayMakerFixedUpdate

AddEventHandlerComponent: PlayMakerCollisionEnter2D

AddEventHandlerComponent: PlayMakerFixedUpdate

AddEventHandlerComponent: PlayMakerFixedUpdate

AddEventHandlerComponent: PlayMakerFixedUpdate

AddEventHandlerComponent: PlayMakerFixedUpdate

AddEventHandlerComponent: PlayMakerFixedUpdate

AddEventHandlerComponent: PlayMakerFixedUpdate

AddEventHandlerComponent: PlayMakerFixedUpdate

AddEventHandlerComponent: PlayMakerFixedUpdate

AddEventHandlerComponent: PlayMakerFixedUpdate

AddEventHandlerComponent: PlayMakerFixedUpdate

AddEventHandlerComponent: PlayMakerFixedUpdate

PlayOneShot was called with a null AudioClip.

PlayOneShot was called with a null AudioClip.

AddEventHandlerComponent: PlayMakerFixedUpdate

AddEventHandlerComponent: PlayMakerFixedUpdate

AddEventHandlerComponent: PlayMakerFixedUpdate

AddEventHandlerComponent: PlayMakerFixedUpdate

AddEventHandlerComponent: PlayMakerFixedUpdate

AddEventHandlerComponent: PlayMakerFixedUpdate

AddEventHandlerComponent: PlayMakerFixedUpdate

AddEventHandlerComponent: PlayMakerFixedUpdate

AddEventHandlerComponent: PlayMakerFixedUpdate

AddEventHandlerComponent: PlayMakerFixedUpdate

AddEventHandlerComponent: PlayMakerFixedUpdate

AddEventHandlerComponent: PlayMakerFixedUpdate

AddEventHandlerComponent: PlayMakerFixedUpdate

Deferring level start (marked as manual).

AddEventHandlerComponent: PlayMakerCollisionEnter2D

AddEventHandlerComponent: PlayMakerFixedUpdate

AddEventHandlerComponent: PlayMakerCollisionEnter2D

AddEventHandlerComponent: PlayMakerFixedUpdate

AddEventHandlerComponent: PlayMakerCollisionEnter2D

AddEventHandlerComponent: PlayMakerFixedUpdate

AddEventHandlerComponent: PlayMakerCollisionEnter2D

AddEventHandlerComponent: PlayMakerFixedUpdate

AddEventHandlerComponent: PlayMakerFixedUpdate

AddEventHandlerComponent: PlayMakerFixedUpdate

AddEventHandlerComponent: PlayMakerFixedUpdate

AddEventHandlerComponent: PlayMakerFixedUpdate

AddEventHandlerComponent: PlayMakerFixedUpdate

AddEventHandlerComponent: PlayMakerFixedUpdate

AddEventHandlerComponent: PlayMakerFixedUpdate

AddEventHandlerComponent: PlayMakerFixedUpdate

AddEventHandlerComponent: PlayMakerFixedUpdate

PlayOneShot was called with a null AudioClip.

PlayOneShot was called with a null AudioClip.

PlayOneShot was called with a null AudioClip.

PlayOneShot was called with a null AudioClip.

PlayOneShot was called with a null AudioClip.

PlayOneShot was called with a null AudioClip.

PlayOneShot was called with a null AudioClip.

AddEventHandlerComponent: PlayMakerFixedUpdate

AddEventHandlerComponent: PlayMakerFixedUpdate

AddEventHandlerComponent: PlayMakerFixedUpdate

AddEventHandlerComponent: PlayMakerFixedUpdate

AddEventHandlerComponent: PlayMakerFixedUpdate

AddEventHandlerComponent: PlayMakerFixedUpdate

AddEventHandlerComponent: PlayMakerFixedUpdate

AddEventHandlerComponent: PlayMakerFixedUpdate

AddEventHandlerComponent: PlayMakerFixedUpdate

AddEventHandlerComponent: PlayMakerFixedUpdate

AddEventHandlerComponent: PlayMakerFixedUpdate

AddEventHandlerComponent: PlayMakerFixedUpdate

Deferring level start (marked as manual).

AddEventHandlerComponent: PlayMakerCollisionEnter2D

AddEventHandlerComponent: PlayMakerFixedUpdate

AddEventHandlerComponent: PlayMakerCollisionEnter2D

AddEventHandlerComponent: PlayMakerFixedUpdate

AddEventHandlerComponent: PlayMakerCollisionEnter2D

AddEventHandlerComponent: PlayMakerFixedUpdate

AddEventHandlerComponent: PlayMakerCollisionEnter2D

AddEventHandlerComponent: PlayMakerFixedUpdate

AddEventHandlerComponent: PlayMakerCollisionEnter2D

AddEventHandlerComponent: PlayMakerFixedUpdate

AddEventHandlerComponent: PlayMakerCollisionEnter2D

AddEventHandlerComponent: PlayMakerFixedUpdate

AddEventHandlerComponent: PlayMakerCollisionEnter2D

AddEventHandlerComponent: PlayMakerFixedUpdate

AddEventHandlerComponent: PlayMakerCollisionEnter2D

AddEventHandlerComponent: PlayMakerFixedUpdate

AddEventHandlerComponent: PlayMakerCollisionEnter2D

AddEventHandlerComponent: PlayMakerFixedUpdate

AddEventHandlerComponent: PlayMakerCollisionEnter2D

AddEventHandlerComponent: PlayMakerFixedUpdate

AddEventHandlerComponent: PlayMakerCollisionEnter2D

AddEventHandlerComponent: PlayMakerFixedUpdate

AddEventHandlerComponent: PlayMakerFixedUpdate

Deferring level start (marked as manual).

No area with identifier "MONOMON_ARCHIVE" found in area list. Creating default SubArea.

PlayOneShot was called with a null AudioClip.

AddEventHandlerComponent: PlayMakerFixedUpdate

AddEventHandlerComponent: PlayMakerFixedUpdate

AddEventHandlerComponent: PlayMakerFixedUpdate

AddEventHandlerComponent: PlayMakerFixedUpdate

AddEventHandlerComponent: PlayMakerFixedUpdate

AddEventHandlerComponent: PlayMakerFixedUpdate

AddEventHandlerComponent: PlayMakerFixedUpdate

AddEventHandlerComponent: PlayMakerFixedUpdate

AddEventHandlerComponent: PlayMakerFixedUpdate

AddEventHandlerComponent: PlayMakerFixedUpdate

AddEventHandlerComponent: PlayMakerFixedUpdate

AddEventHandlerComponent: PlayMakerFixedUpdate

AddEventHandlerComponent: PlayMakerFixedUpdate

AddEventHandlerComponent: PlayMakerFixedUpdate

AddEventHandlerComponent: PlayMakerFixedUpdate

AddEventHandlerComponent: PlayMakerFixedUpdate

AddEventHandlerComponent: PlayMakerFixedUpdate

AddEventHandlerComponent: PlayMakerFixedUpdate

AddEventHandlerComponent: PlayMakerFixedUpdate

AddEventHandlerComponent: PlayMakerFixedUpdate

AddEventHandlerComponent: PlayMakerFixedUpdate

AddEventHandlerComponent: PlayMakerFixedUpdate

AddEventHandlerComponent: PlayMakerFixedUpdate

AddEventHandlerComponent: PlayMakerFixedUpdate

AddEventHandlerComponent: PlayMakerFixedUpdate

AddEventHandlerComponent: PlayMakerFixedUpdate

AddEventHandlerComponent: PlayMakerFixedUpdate

AddEventHandlerComponent: PlayMakerFixedUpdate

AddEventHandlerComponent: PlayMakerFixedUpdate

AddEventHandlerComponent: PlayMakerFixedUpdate

AddEventHandlerComponent: PlayMakerFixedUpdate

AddEventHandlerComponent: PlayMakerFixedUpdate

AddEventHandlerComponent: PlayMakerFixedUpdate

AddEventHandlerComponent: PlayMakerFixedUpdate

AddEventHandlerComponent: PlayMakerFixedUpdate

AddEventHandlerComponent: PlayMakerFixedUpdate

AddEventHandlerComponent: PlayMakerFixedUpdate

AddEventHandlerComponent: PlayMakerFixedUpdate

AddEventHandlerComponent: PlayMakerFixedUpdate

AddEventHandlerComponent: PlayMakerFixedUpdate

AddEventHandlerComponent: PlayMakerFixedUpdate

AddEventHandlerComponent: PlayMakerFixedUpdate

AddEventHandlerComponent: PlayMakerFixedUpdate

AddEventHandlerComponent: PlayMakerFixedUpdate

AddEventHandlerComponent: PlayMakerFixedUpdate

AddEventHandlerComponent: PlayMakerFixedUpdate

AddEventHandlerComponent: PlayMakerFixedUpdate

AddEventHandlerComponent: PlayMakerFixedUpdate

AddEventHandlerComponent: PlayMakerFixedUpdate

AddEventHandlerComponent: PlayMakerFixedUpdate

AddEventHandlerComponent: PlayMakerFixedUpdate

AddEventHandlerComponent: PlayMakerFixedUpdate

AddEventHandlerComponent: PlayMakerFixedUpdate

AddEventHandlerComponent: PlayMakerFixedUpdate

AddEventHandlerComponent: PlayMakerFixedUpdate

AddEventHandlerComponent: PlayMakerFixedUpdate

AddEventHandlerComponent: PlayMakerFixedUpdate

AddEventHandlerComponent: PlayMakerFixedUpdate

AddEventHandlerComponent: PlayMakerFixedUpdate

Deferring level start (marked as manual).

AddEventHandlerComponent: PlayMakerCollisionEnter2D

AddEventHandlerComponent: PlayMakerFixedUpdate

AddEventHandlerComponent: PlayMakerCollisionEnter2D

AddEventHandlerComponent: PlayMakerFixedUpdate

AddEventHandlerComponent: PlayMakerCollisionEnter2D

AddEventHandlerComponent: PlayMakerFixedUpdate

AddEventHandlerComponent: PlayMakerCollisionEnter2D

AddEventHandlerComponent: PlayMakerFixedUpdate

AddEventHandlerComponent: PlayMakerCollisionEnter2D

AddEventHandlerComponent: PlayMakerFixedUpdate

AddEventHandlerComponent: PlayMakerCollisionEnter2D

AddEventHandlerComponent: PlayMakerFixedUpdate

AddEventHandlerComponent: PlayMakerCollisionEnter2D

AddEventHandlerComponent: PlayMakerFixedUpdate

AddEventHandlerComponent: PlayMakerFixedUpdate

AddEventHandlerComponent: PlayMakerFixedUpdate

AddEventHandlerComponent: PlayMakerFixedUpdate

AddEventHandlerComponent: PlayMakerFixedUpdate

AddEventHandlerComponent: PlayMakerFixedUpdate

AddEventHandlerComponent: PlayMakerFixedUpdate

AddEventHandlerComponent: PlayMakerFixedUpdate

AddEventHandlerComponent: PlayMakerFixedUpdate

AddEventHandlerComponent: PlayMakerFixedUpdate

AddEventHandlerComponent: PlayMakerFixedUpdate

AddEventHandlerComponent: PlayMakerFixedUpdate

AddEventHandlerComponent: PlayMakerFixedUpdate

AddEventHandlerComponent: PlayMakerFixedUpdate

AddEventHandlerComponent: PlayMakerFixedUpdate

AddEventHandlerComponent: PlayMakerFixedUpdate

AddEventHandlerComponent: PlayMakerFixedUpdate

AddEventHandlerComponent: PlayMakerFixedUpdate

AddEventHandlerComponent: PlayMakerFixedUpdate

AddEventHandlerComponent: PlayMakerFixedUpdate

AddEventHandlerComponent: PlayMakerFixedUpdate

AddEventHandlerComponent: PlayMakerFixedUpdate

AddEventHandlerComponent: PlayMakerFixedUpdate

AddEventHandlerComponent: PlayMakerFixedUpdate

AddEventHandlerComponent: PlayMakerFixedUpdate

AddEventHandlerComponent: PlayMakerFixedUpdate

AddEventHandlerComponent: PlayMakerFixedUpdate

AddEventHandlerComponent: PlayMakerFixedUpdate

AddEventHandlerComponent: PlayMakerFixedUpdate

AddEventHandlerComponent: PlayMakerFixedUpdate

AddEventHandlerComponent: PlayMakerFixedUpdate

AddEventHandlerComponent: PlayMakerFixedUpdate

AddEventHandlerComponent: PlayMakerFixedUpdate

AddEventHandlerComponent: PlayMakerFixedUpdate

AddEventHandlerComponent: PlayMakerFixedUpdate

AddEventHandlerComponent: PlayMakerFixedUpdate

AddEventHandlerComponent: PlayMakerFixedUpdate

Additively loaded scene: Fungus3_archive_02_boss in sequence

PlayOneShot was called with a null AudioClip.

PlayOneShot was called with a null AudioClip.

PlayOneShot was called with a null AudioClip.

PlayOneShot was called with a null AudioClip.

PlayOneShot was called with a null AudioClip.

PlayOneShot was called with a null AudioClip.

PlayOneShot was called with a null AudioClip.

PlayOneShot was called with a null AudioClip.

PlayOneShot was called with a null AudioClip.

PlayOneShot was called with a null AudioClip.

PlayOneShot was called with a null AudioClip.

PlayOneShot was called with a null AudioClip.

PlayOneShot was called with a null AudioClip.

PlayOneShot was called with a null AudioClip.

PlayOneShot was called with a null AudioClip.

PlayOneShot was called with a null AudioClip.

PlayOneShot was called with a null AudioClip.

PlayOneShot was called with a null AudioClip.

PlayOneShot was called with a null AudioClip.

PlayOneShot was called with a null AudioClip.

PlayOneShot was called with a null AudioClip.

PlayOneShot was called with a null AudioClip.

PlayOneShot was called with a null AudioClip.

PlayOneShot was called with a null AudioClip.

PlayOneShot was called with a null AudioClip.

PlayOneShot was called with a null AudioClip.

Could not find FSM: Control

Could not find FSM: Control

Could not find FSM: Control

Could not find FSM: Control

Could not find FSM: Control

Could not find FSM: Control

Could not find FSM: Control

Could not find FSM: Control

Could not find FSM: Control

PlayOneShot was called with a null AudioClip.

PlayOneShot was called with a null AudioClip.

PlayOneShot was called with a null AudioClip.

PlayOneShot was called with a null AudioClip.

PlayOneShot was called with a null AudioClip.

PlayOneShot was called with a null AudioClip.

PlayOneShot was called with a null AudioClip.

Object Pool attached to GlobalPool could not find a copy of Hit Puff Large, Instantiating a new one.

Object Pool attached to GlobalPool has run out of Hit Puff Large prefabs, Instantiating an additional one.

PlayOneShot was called with a null AudioClip.

PlayOneShot was called with a null AudioClip.

PlayOneShot was called with a null AudioClip.

PlayOneShot was called with a null AudioClip.

PlayOneShot was called with a null AudioClip.

PlayOneShot was called with a null AudioClip.

Could not find FSM: Control

Could not find FSM: Control

Could not find FSM: Control

Could not find FSM: Control

Could not find FSM: Control

Could not find FSM: Control

Could not find FSM: Control

Could not find FSM: Control

Could not find FSM: Control

PlayOneShot was called with a null AudioClip.

PlayOneShot was called with a null AudioClip.

PlayOneShot was called with a null AudioClip.

PlayOneShot was called with a null AudioClip.

PlayOneShot was called with a null AudioClip.

PlayOneShot was called with a null AudioClip.

PlayOneShot was called with a null AudioClip.

PlayOneShot was called with a null AudioClip.

PlayOneShot was called with a null AudioClip.

PlayOneShot was called with a null AudioClip.

Could not find FSM: Control

Could not find FSM: Control

Could not find FSM: Control

Could not find FSM: Control

Could not find FSM: Control

Could not find FSM: Control

Could not find FSM: Control

Could not find FSM: Control

Could not find FSM: Control

PlayOneShot was called with a null AudioClip.

PlayOneShot was called with a null AudioClip.

PlayOneShot was called with a null AudioClip.

Persistent Bool Item - Couldn't reset value on FSM because it's missing.

Persistent Bool Item - Couldn't reset value on FSM because it's missing.

Persistent Bool Item - Couldn't reset value on FSM because it's missing.

Persistent Bool Item - Couldn't reset value on FSM because it's missing.

Persistent Bool Item - Couldn't reset value on FSM because it's missing.

Persistent Bool Item - Couldn't reset value on FSM because it's missing.

Persistent Bool Item - Couldn't reset value on FSM because it's missing.

Deferring level start (marked as manual).

Deferring level start (marked as manual).

Setting skip mode: NOT_SKIPPABLE

PlayOneShot was called with a null AudioClip.

Material 'Particle_Dream_03 (Instance)' with Shader 'Legacy Shaders/Particles/Additive (Soft)' doesn't have a color property '_Color'

Material 'Particle_Dream_03 (Instance)' with Shader 'Legacy Shaders/Particles/Additive (Soft)' doesn't have a color property '_Color'

PlayOneShot was called with a null AudioClip.

AddEventHandlerComponent: PlayMakerFixedUpdate

AddEventHandlerComponent: PlayMakerFixedUpdate

AddEventHandlerComponent: PlayMakerFixedUpdate

AddEventHandlerComponent: PlayMakerFixedUpdate

AddEventHandlerComponent: PlayMakerFixedUpdate

AddEventHandlerComponent: PlayMakerFixedUpdate

AddEventHandlerComponent: PlayMakerFixedUpdate

AddEventHandlerComponent: PlayMakerFixedUpdate

AddEventHandlerComponent: PlayMakerFixedUpdate

AddEventHandlerComponent: PlayMakerFixedUpdate

AddEventHandlerComponent: PlayMakerFixedUpdate

AddEventHandlerComponent: PlayMakerFixedUpdate

AddEventHandlerComponent: PlayMakerFixedUpdate

AddEventHandlerComponent: PlayMakerFixedUpdate

AddEventHandlerComponent: PlayMakerFixedUpdate

AddEventHandlerComponent: PlayMakerFixedUpdate

AddEventHandlerComponent: PlayMakerFixedUpdate

AddEventHandlerComponent: PlayMakerFixedUpdate

AddEventHandlerComponent: PlayMakerFixedUpdate

AddEventHandlerComponent: PlayMakerFixedUpdate

AddEventHandlerComponent: PlayMakerFixedUpdate

AddEventHandlerComponent: PlayMakerFixedUpdate

AddEventHandlerComponent: PlayMakerFixedUpdate

AddEventHandlerComponent: PlayMakerFixedUpdate

AddEventHandlerComponent: PlayMakerFixedUpdate

AddEventHandlerComponent: PlayMakerFixedUpdate

AddEventHandlerComponent: PlayMakerFixedUpdate

AddEventHandlerComponent: PlayMakerFixedUpdate

AddEventHandlerComponent: PlayMakerFixedUpdate

AddEventHandlerComponent: PlayMakerFixedUpdate

AddEventHandlerComponent: PlayMakerFixedUpdate

AddEventHandlerComponent: PlayMakerFixedUpdate

AddEventHandlerComponent: PlayMakerFixedUpdate

AddEventHandlerComponent: PlayMakerFixedUpdate

AddEventHandlerComponent: PlayMakerFixedUpdate

AddEventHandlerComponent: PlayMakerFixedUpdate

AddEventHandlerComponent: PlayMakerFixedUpdate

AddEventHandlerComponent: PlayMakerFixedUpdate

AddEventHandlerComponent: PlayMakerFixedUpdate

AddEventHandlerComponent: PlayMakerFixedUpdate

AddEventHandlerComponent: PlayMakerFixedUpdate

AddEventHandlerComponent: PlayMakerFixedUpdate

AddEventHandlerComponent: PlayMakerFixedUpdate

AddEventHandlerComponent: PlayMakerFixedUpdate

AddEventHandlerComponent: PlayMakerFixedUpdate

AddEventHandlerComponent: PlayMakerFixedUpdate

AddEventHandlerComponent: PlayMakerFixedUpdate

AddEventHandlerComponent: PlayMakerFixedUpdate

AddEventHandlerComponent: PlayMakerFixedUpdate

AddEventHandlerComponent: PlayMakerFixedUpdate

Creating new CinematicVideoPlayer for in game video

Waiting for CinematicVideoPlayer in game video load...

Starting cinematic video player in game video.

Finishing in-game video.

Deferring level start (marked as manual).

Setting skip mode: NOT_SKIPPABLE

AddEventHandlerComponent: PlayMakerFixedUpdate

AddEventHandlerComponent: PlayMakerFixedUpdate

AddEventHandlerComponent: PlayMakerFixedUpdate

AddEventHandlerComponent: PlayMakerFixedUpdate

AddEventHandlerComponent: PlayMakerFixedUpdate

AddEventHandlerComponent: PlayMakerFixedUpdate

AddEventHandlerComponent: PlayMakerFixedUpdate

AddEventHandlerComponent: PlayMakerFixedUpdate

AddEventHandlerComponent: PlayMakerFixedUpdate

AddEventHandlerComponent: PlayMakerFixedUpdate

AddEventHandlerComponent: PlayMakerFixedUpdate

AddEventHandlerComponent: PlayMakerFixedUpdate

AddEventHandlerComponent: PlayMakerFixedUpdate

AddEventHandlerComponent: PlayMakerFixedUpdate

AddEventHandlerComponent: PlayMakerFixedUpdate

AddEventHandlerComponent: PlayMakerFixedUpdate

AddEventHandlerComponent: PlayMakerFixedUpdate

AddEventHandlerComponent: PlayMakerFixedUpdate

AddEventHandlerComponent: PlayMakerFixedUpdate

AddEventHandlerComponent: PlayMakerFixedUpdate

AddEventHandlerComponent: PlayMakerFixedUpdate

AddEventHandlerComponent: PlayMakerFixedUpdate

AddEventHandlerComponent: PlayMakerFixedUpdate

AddEventHandlerComponent: PlayMakerFixedUpdate

AddEventHandlerComponent: PlayMakerFixedUpdate

AddEventHandlerComponent: PlayMakerFixedUpdate

AddEventHandlerComponent: PlayMakerFixedUpdate

AddEventHandlerComponent: PlayMakerFixedUpdate

AddEventHandlerComponent: PlayMakerFixedUpdate

AddEventHandlerComponent: PlayMakerFixedUpdate

AddEventHandlerComponent: PlayMakerFixedUpdate

AddEventHandlerComponent: PlayMakerFixedUpdate

AddEventHandlerComponent: PlayMakerFixedUpdate

AddEventHandlerComponent: PlayMakerFixedUpdate

AddEventHandlerComponent: PlayMakerFixedUpdate

AddEventHandlerComponent: PlayMakerFixedUpdate

AddEventHandlerComponent: PlayMakerFixedUpdate

AddEventHandlerComponent: PlayMakerFixedUpdate

AddEventHandlerComponent: PlayMakerFixedUpdate

AddEventHandlerComponent: PlayMakerFixedUpdate

AddEventHandlerComponent: PlayMakerFixedUpdate

AddEventHandlerComponent: PlayMakerFixedUpdate

AddEventHandlerComponent: PlayMakerFixedUpdate

AddEventHandlerComponent: PlayMakerFixedUpdate

AddEventHandlerComponent: PlayMakerFixedUpdate

AddEventHandlerComponent: PlayMakerFixedUpdate

AddEventHandlerComponent: PlayMakerFixedUpdate

AddEventHandlerComponent: PlayMakerFixedUpdate

AddEventHandlerComponent: PlayMakerFixedUpdate

AddEventHandlerComponent: PlayMakerFixedUpdate

AddEventHandlerComponent: PlayMakerFixedUpdate

AddEventHandlerComponent: PlayMakerFixedUpdate

AddEventHandlerComponent: PlayMakerFixedUpdate

AddEventHandlerComponent: PlayMakerFixedUpdate

AddEventHandlerComponent: PlayMakerFixedUpdate

AddEventHandlerComponent: PlayMakerFixedUpdate

AddEventHandlerComponent: PlayMakerFixedUpdate

AddEventHandlerComponent: PlayMakerFixedUpdate

AddEventHandlerComponent: PlayMakerFixedUpdate

Deferring level start (marked as manual).

AddEventHandlerComponent: PlayMakerCollisionEnter2D

AddEventHandlerComponent: PlayMakerFixedUpdate

AddEventHandlerComponent: PlayMakerCollisionEnter2D

AddEventHandlerComponent: PlayMakerFixedUpdate

AddEventHandlerComponent: PlayMakerCollisionEnter2D

AddEventHandlerComponent: PlayMakerFixedUpdate

AddEventHandlerComponent: PlayMakerCollisionEnter2D

AddEventHandlerComponent: PlayMakerFixedUpdate

AddEventHandlerComponent: PlayMakerCollisionEnter2D

AddEventHandlerComponent: PlayMakerFixedUpdate

AddEventHandlerComponent: PlayMakerCollisionEnter2D

AddEventHandlerComponent: PlayMakerFixedUpdate

AddEventHandlerComponent: PlayMakerCollisionEnter2D

AddEventHandlerComponent: PlayMakerFixedUpdate

AddEventHandlerComponent: PlayMakerFixedUpdate

AddEventHandlerComponent: PlayMakerFixedUpdate

AddEventHandlerComponent: PlayMakerFixedUpdate

AddEventHandlerComponent: PlayMakerFixedUpdate

AddEventHandlerComponent: PlayMakerFixedUpdate

AddEventHandlerComponent: PlayMakerFixedUpdate

AddEventHandlerComponent: PlayMakerFixedUpdate

AddEventHandlerComponent: PlayMakerFixedUpdate

AddEventHandlerComponent: PlayMakerFixedUpdate

AddEventHandlerComponent: PlayMakerFixedUpdate

AddEventHandlerComponent: PlayMakerFixedUpdate

AddEventHandlerComponent: PlayMakerFixedUpdate

AddEventHandlerComponent: PlayMakerFixedUpdate

AddEventHandlerComponent: PlayMakerFixedUpdate

AddEventHandlerComponent: PlayMakerFixedUpdate

AddEventHandlerComponent: PlayMakerFixedUpdate

AddEventHandlerComponent: PlayMakerFixedUpdate

AddEventHandlerComponent: PlayMakerFixedUpdate

AddEventHandlerComponent: PlayMakerFixedUpdate

AddEventHandlerComponent: PlayMakerFixedUpdate

AddEventHandlerComponent: PlayMakerFixedUpdate

AddEventHandlerComponent: PlayMakerFixedUpdate

AddEventHandlerComponent: PlayMakerFixedUpdate

AddEventHandlerComponent: PlayMakerFixedUpdate

AddEventHandlerComponent: PlayMakerFixedUpdate

AddEventHandlerComponent: PlayMakerFixedUpdate

AddEventHandlerComponent: PlayMakerFixedUpdate

AddEventHandlerComponent: PlayMakerFixedUpdate

AddEventHandlerComponent: PlayMakerFixedUpdate

AddEventHandlerComponent: PlayMakerFixedUpdate

AddEventHandlerComponent: PlayMakerFixedUpdate

AddEventHandlerComponent: PlayMakerFixedUpdate

AddEventHandlerComponent: PlayMakerFixedUpdate

AddEventHandlerComponent: PlayMakerFixedUpdate

PlayOneShot was called with a null AudioClip.

PlayOneShot was called with a null AudioClip.

PlayOneShot was called with a null AudioClip.

PlayOneShot was called with a null AudioClip.

PlayOneShot was called with a null AudioClip.

PlayOneShot was called with a null AudioClip.

PlayOneShot was called with a null AudioClip.

PlayOneShot was called with a null AudioClip.

AddEventHandlerComponent: PlayMakerCollisionEnter2D

AddEventHandlerComponent: PlayMakerFixedUpdate

PlayOneShot was called with a null AudioClip.

PlayOneShot was called with a null AudioClip.

PlayOneShot was called with a null AudioClip.

PlayOneShot was called with a null AudioClip.

PlayOneShot was called with a null AudioClip.

PlayOneShot was called with a null AudioClip.

PlayOneShot was called with a null AudioClip.

AddEventHandlerComponent: PlayMakerCollisionEnter2D

AddEventHandlerComponent: PlayMakerFixedUpdate

PlayOneShot was called with a null AudioClip.

PlayOneShot was called with a null AudioClip.

PlayOneShot was called with a null AudioClip.

PlayOneShot was called with a null AudioClip.

PlayOneShot was called with a null AudioClip.

PlayOneShot was called with a null AudioClip.

PlayOneShot was called with a null AudioClip.

PlayOneShot was called with a null AudioClip.

PlayOneShot was called with a null AudioClip.

PlayOneShot was called with a null AudioClip.

PlayOneShot was called with a null AudioClip.

PlayOneShot was called with a null AudioClip.

PlayOneShot was called with a null AudioClip.

PlayOneShot was called with a null AudioClip.

PlayOneShot was called with a null AudioClip.

PlayOneShot was called with a null AudioClip.

PlayOneShot was called with a null AudioClip.

PlayOneShot was called with a null AudioClip.

PlayOneShot was called with a null AudioClip.

PlayOneShot was called with a null AudioClip.

PlayOneShot was called with a null AudioClip.

PlayOneShot was called with a null AudioClip.

PlayOneShot was called with a null AudioClip.

PlayOneShot was called with a null AudioClip.

AddEventHandlerComponent: PlayMakerFixedUpdate

Deferring level start (marked as manual).

AddEventHandlerComponent: PlayMakerFixedUpdate

AddEventHandlerComponent: PlayMakerFixedUpdate

AddEventHandlerComponent: PlayMakerFixedUpdate

AddEventHandlerComponent: PlayMakerFixedUpdate

AddEventHandlerComponent: PlayMakerFixedUpdate

AddEventHandlerComponent: PlayMakerFixedUpdate

AddEventHandlerComponent: PlayMakerFixedUpdate

AddEventHandlerComponent: PlayMakerFixedUpdate

AddEventHandlerComponent: PlayMakerFixedUpdate

AddEventHandlerComponent: PlayMakerFixedUpdate

AddEventHandlerComponent: PlayMakerFixedUpdate

AddEventHandlerComponent: PlayMakerFixedUpdate

Deferring level start (marked as manual).

AddEventHandlerComponent: PlayMakerCollisionEnter2D

AddEventHandlerComponent: PlayMakerFixedUpdate

AddEventHandlerComponent: PlayMakerCollisionEnter2D

AddEventHandlerComponent: PlayMakerFixedUpdate

AddEventHandlerComponent: PlayMakerCollisionEnter2D

AddEventHandlerComponent: PlayMakerFixedUpdate

AddEventHandlerComponent: PlayMakerCollisionEnter2D

AddEventHandlerComponent: PlayMakerFixedUpdate

AddEventHandlerComponent: PlayMakerCollisionEnter2D

AddEventHandlerComponent: PlayMakerFixedUpdate

AddEventHandlerComponent: PlayMakerCollisionEnter2D

AddEventHandlerComponent: PlayMakerFixedUpdate

AddEventHandlerComponent: PlayMakerCollisionEnter2D

AddEventHandlerComponent: PlayMakerFixedUpdate

AddEventHandlerComponent: PlayMakerCollisionEnter2D

AddEventHandlerComponent: PlayMakerFixedUpdate

AddEventHandlerComponent: PlayMakerCollisionEnter2D

AddEventHandlerComponent: PlayMakerFixedUpdate

AddEventHandlerComponent: PlayMakerCollisionEnter2D

AddEventHandlerComponent: PlayMakerFixedUpdate

AddEventHandlerComponent: PlayMakerCollisionEnter2D

AddEventHandlerComponent: PlayMakerFixedUpdate

AddEventHandlerComponent: PlayMakerFixedUpdate

AddEventHandlerComponent: PlayMakerFixedUpdate

AddEventHandlerComponent: PlayMakerFixedUpdate

AddEventHandlerComponent: PlayMakerFixedUpdate

AddEventHandlerComponent: PlayMakerFixedUpdate

AddEventHandlerComponent: PlayMakerFixedUpdate

AddEventHandlerComponent: PlayMakerFixedUpdate

AddEventHandlerComponent: PlayMakerFixedUpdate

AddEventHandlerComponent: PlayMakerFixedUpdate

AddEventHandlerComponent: PlayMakerFixedUpdate

AddEventHandlerComponent: PlayMakerFixedUpdate

AddEventHandlerComponent: PlayMakerFixedUpdate

AddEventHandlerComponent: PlayMakerFixedUpdate

AddEventHandlerComponent: PlayMakerFixedUpdate

AddEventHandlerComponent: PlayMakerFixedUpdate

Deferring level start (marked as manual).

AddEventHandlerComponent: PlayMakerCollisionEnter2D

AddEventHandlerComponent: PlayMakerFixedUpdate

AddEventHandlerComponent: PlayMakerCollisionEnter2D

AddEventHandlerComponent: PlayMakerFixedUpdate

AddEventHandlerComponent: PlayMakerCollisionEnter2D

AddEventHandlerComponent: PlayMakerFixedUpdate

AddEventHandlerComponent: PlayMakerCollisionEnter2D

AddEventHandlerComponent: PlayMakerFixedUpdate

AddEventHandlerComponent: PlayMakerCollisionEnter2D

AddEventHandlerComponent: PlayMakerFixedUpdate

AddEventHandlerComponent: PlayMakerFixedUpdate

AddEventHandlerComponent: PlayMakerFixedUpdate

AddEventHandlerComponent: PlayMakerFixedUpdate

AddEventHandlerComponent: PlayMakerFixedUpdate

AddEventHandlerComponent: PlayMakerFixedUpdate

AddEventHandlerComponent: PlayMakerFixedUpdate

AddEventHandlerComponent: PlayMakerFixedUpdate

AddEventHandlerComponent: PlayMakerFixedUpdate

AddEventHandlerComponent: PlayMakerFixedUpdate

AddEventHandlerComponent: PlayMakerFixedUpdate

PlayOneShot was called with a null AudioClip.

PlayOneShot was called with a null AudioClip.

PlayOneShot was called with a null AudioClip.

PlayOneShot was called with a null AudioClip.

PlayOneShot was called with a null AudioClip.

PlayOneShot was called with a null AudioClip.

PlayOneShot was called with a null AudioClip.

PlayOneShot was called with a null AudioClip.

PlayOneShot was called with a null AudioClip.

AddEventHandlerComponent: PlayMakerFixedUpdate

AddEventHandlerComponent: PlayMakerFixedUpdate

Deferring level start (marked as manual).

AddEventHandlerComponent: PlayMakerFixedUpdate

AddEventHandlerComponent: PlayMakerFixedUpdate

AddEventHandlerComponent: PlayMakerFixedUpdate

AddEventHandlerComponent: PlayMakerFixedUpdate

Deferring level start (marked as manual).

PlayOneShot was called with a null AudioClip.

PlayOneShot was called with a null AudioClip.

Could not find FSM: advance_conversation

PlayOneShot was called with a null AudioClip.

PlayOneShot was called with a null AudioClip.

AddEventHandlerComponent: PlayMakerFixedUpdate

AddEventHandlerComponent: PlayMakerFixedUpdate

Deferring level start (marked as manual).

Coroutine couldn't be started because the the game object 'Area Title Controller (2)' is inactive!

AddEventHandlerComponent: PlayMakerFixedUpdate

AddEventHandlerComponent: PlayMakerFixedUpdate

AddEventHandlerComponent: PlayMakerFixedUpdate

AddEventHandlerComponent: PlayMakerFixedUpdate

AddEventHandlerComponent: PlayMakerFixedUpdate

AddEventHandlerComponent: PlayMakerFixedUpdate

AddEventHandlerComponent: PlayMakerFixedUpdate

AddEventHandlerComponent: PlayMakerFixedUpdate

AddEventHandlerComponent: PlayMakerFixedUpdate

AddEventHandlerComponent: PlayMakerFixedUpdate

AddEventHandlerComponent: PlayMakerFixedUpdate

AddEventHandlerComponent: PlayMakerFixedUpdate

AddEventHandlerComponent: PlayMakerFixedUpdate

AddEventHandlerComponent: PlayMakerFixedUpdate

AddEventHandlerComponent: PlayMakerFixedUpdate

Deferring level start (marked as manual).

AddEventHandlerComponent: PlayMakerFixedUpdate

AddEventHandlerComponent: PlayMakerFixedUpdate

AddEventHandlerComponent: PlayMakerFixedUpdate

AddEventHandlerComponent: PlayMakerFixedUpdate

AddEventHandlerComponent: PlayMakerFixedUpdate

AddEventHandlerComponent: PlayMakerFixedUpdate

PlayOneShot was called with a null AudioClip.

PlayOneShot was called with a null AudioClip.

AddEventHandlerComponent: PlayMakerFixedUpdate

AddEventHandlerComponent: PlayMakerFixedUpdate

AddEventHandlerComponent: PlayMakerFixedUpdate

AddEventHandlerComponent: PlayMakerFixedUpdate

AddEventHandlerComponent: PlayMakerFixedUpdate

AddEventHandlerComponent: PlayMakerFixedUpdate

AddEventHandlerComponent: PlayMakerFixedUpdate

AddEventHandlerComponent: PlayMakerFixedUpdate

AddEventHandlerComponent: PlayMakerFixedUpdate

AddEventHandlerComponent: PlayMakerFixedUpdate

AddEventHandlerComponent: PlayMakerFixedUpdate

AddEventHandlerComponent: PlayMakerFixedUpdate

AddEventHandlerComponent: PlayMakerFixedUpdate

AddEventHandlerComponent: PlayMakerFixedUpdate

AddEventHandlerComponent: PlayMakerFixedUpdate

AddEventHandlerComponent: PlayMakerFixedUpdate

AddEventHandlerComponent: PlayMakerFixedUpdate

AddEventHandlerComponent: PlayMakerFixedUpdate

AddEventHandlerComponent: PlayMakerFixedUpdate

AddEventHandlerComponent: PlayMakerFixedUpdate

AddEventHandlerComponent: PlayMakerFixedUpdate

AddEventHandlerComponent: PlayMakerFixedUpdate

AddEventHandlerComponent: PlayMakerFixedUpdate

AddEventHandlerComponent: PlayMakerFixedUpdate

AddEventHandlerComponent: PlayMakerFixedUpdate

AddEventHandlerComponent: PlayMakerFixedUpdate

AddEventHandlerComponent: PlayMakerFixedUpdate

AddEventHandlerComponent: PlayMakerFixedUpdate

AddEventHandlerComponent: PlayMakerFixedUpdate

AddEventHandlerComponent: PlayMakerFixedUpdate

AddEventHandlerComponent: PlayMakerFixedUpdate

AddEventHandlerComponent: PlayMakerFixedUpdate

AddEventHandlerComponent: PlayMakerFixedUpdate

AddEventHandlerComponent: PlayMakerFixedUpdate

Deferring level start (marked as manual).

AddEventHandlerComponent: PlayMakerFixedUpdate

AddEventHandlerComponent: PlayMakerFixedUpdate

AddEventHandlerComponent: PlayMakerFixedUpdate

AddEventHandlerComponent: PlayMakerFixedUpdate

AddEventHandlerComponent: PlayMakerFixedUpdate

AddEventHandlerComponent: PlayMakerFixedUpdate

AddEventHandlerComponent: PlayMakerFixedUpdate

AddEventHandlerComponent: PlayMakerFixedUpdate

AddEventHandlerComponent: PlayMakerFixedUpdate

AddEventHandlerComponent: PlayMakerFixedUpdate

AddEventHandlerComponent: PlayMakerFixedUpdate

AddEventHandlerComponent: PlayMakerFixedUpdate

PlayOneShot was called with a null AudioClip.

PlayOneShot was called with a null AudioClip.

PlayOneShot was called with a null AudioClip.

PlayOneShot was called with a null AudioClip.

PlayOneShot was called with a null AudioClip.

PlayOneShot was called with a null AudioClip.

AddEventHandlerComponent: PlayMakerFixedUpdate

AddEventHandlerComponent: PlayMakerFixedUpdate

AddEventHandlerComponent: PlayMakerFixedUpdate

Deferring level start (marked as manual).

AddEventHandlerComponent: PlayMakerFixedUpdate

AddEventHandlerComponent: PlayMakerFixedUpdate

AddEventHandlerComponent: PlayMakerFixedUpdate

AddEventHandlerComponent: PlayMakerFixedUpdate

AddEventHandlerComponent: PlayMakerFixedUpdate

AddEventHandlerComponent: PlayMakerFixedUpdate

AddEventHandlerComponent: PlayMakerFixedUpdate

AddEventHandlerComponent: PlayMakerFixedUpdate

AddEventHandlerComponent: PlayMakerFixedUpdate

AddEventHandlerComponent: PlayMakerFixedUpdate

AddEventHandlerComponent: PlayMakerFixedUpdate

AddEventHandlerComponent: PlayMakerFixedUpdate

AddEventHandlerComponent: PlayMakerFixedUpdate

AddEventHandlerComponent: PlayMakerFixedUpdate

Deferring level start (marked as manual).

AddEventHandlerComponent: PlayMakerFixedUpdate

AddEventHandlerComponent: PlayMakerFixedUpdate

AddEventHandlerComponent: PlayMakerFixedUpdate

AddEventHandlerComponent: PlayMakerFixedUpdate

AddEventHandlerComponent: PlayMakerFixedUpdate

PlayOneShot was called with a null AudioClip.

PlayOneShot was called with a null AudioClip.

PlayOneShot was called with a null AudioClip.

PlayOneShot was called with a null AudioClip.

PlayOneShot was called with a null AudioClip.

PlayOneShot was called with a null AudioClip.

PlayOneShot was called with a null AudioClip.

PlayOneShot was called with a null AudioClip.

PlayOneShot was called with a null AudioClip.

PlayOneShot was called with a null AudioClip.

PlayOneShot was called with a null AudioClip.

PlayOneShot was called with a null AudioClip.

PlayOneShot was called with a null AudioClip.

PlayOneShot was called with a null AudioClip.

AddEventHandlerComponent: PlayMakerFixedUpdate

AddEventHandlerComponent: PlayMakerFixedUpdate

AddEventHandlerComponent: PlayMakerFixedUpdate

AddEventHandlerComponent: PlayMakerFixedUpdate

AddEventHandlerComponent: PlayMakerFixedUpdate

AddEventHandlerComponent: PlayMakerFixedUpdate

AddEventHandlerComponent: PlayMakerFixedUpdate

AddEventHandlerComponent: PlayMakerFixedUpdate

AddEventHandlerComponent: PlayMakerFixedUpdate

AddEventHandlerComponent: PlayMakerFixedUpdate

AddEventHandlerComponent: PlayMakerFixedUpdate

AddEventHandlerComponent: PlayMakerFixedUpdate

Deferring level start (marked as manual).

AddEventHandlerComponent: PlayMakerFixedUpdate

AddEventHandlerComponent: PlayMakerFixedUpdate

AddEventHandlerComponent: PlayMakerFixedUpdate

AddEventHandlerComponent: PlayMakerFixedUpdate

AddEventHandlerComponent: PlayMakerFixedUpdate

AddEventHandlerComponent: PlayMakerFixedUpdate

AddEventHandlerComponent: PlayMakerFixedUpdate

AddEventHandlerComponent: PlayMakerFixedUpdate

AddEventHandlerComponent: PlayMakerFixedUpdate

AddEventHandlerComponent: PlayMakerFixedUpdate

AddEventHandlerComponent: PlayMakerFixedUpdate

AddEventHandlerComponent: PlayMakerFixedUpdate

AddEventHandlerComponent: PlayMakerFixedUpdate

AddEventHandlerComponent: PlayMakerFixedUpdate

AddEventHandlerComponent: PlayMakerFixedUpdate

AddEventHandlerComponent: PlayMakerFixedUpdate

AddEventHandlerComponent: PlayMakerFixedUpdate

AddEventHandlerComponent: PlayMakerFixedUpdate

AddEventHandlerComponent: PlayMakerFixedUpdate

AddEventHandlerComponent: PlayMakerFixedUpdate

AddEventHandlerComponent: PlayMakerFixedUpdate

AddEventHandlerComponent: PlayMakerFixedUpdate

AddEventHandlerComponent: PlayMakerFixedUpdate

AddEventHandlerComponent: PlayMakerFixedUpdate

AddEventHandlerComponent: PlayMakerFixedUpdate

AddEventHandlerComponent: PlayMakerFixedUpdate

AddEventHandlerComponent: PlayMakerFixedUpdate

AddEventHandlerComponent: PlayMakerFixedUpdate

AddEventHandlerComponent: PlayMakerFixedUpdate

AddEventHandlerComponent: PlayMakerFixedUpdate

AddEventHandlerComponent: PlayMakerFixedUpdate

AddEventHandlerComponent: PlayMakerFixedUpdate

AddEventHandlerComponent: PlayMakerFixedUpdate

AddEventHandlerComponent: PlayMakerFixedUpdate

AddEventHandlerComponent: PlayMakerFixedUpdate

AddEventHandlerComponent: PlayMakerFixedUpdate

AddEventHandlerComponent: PlayMakerFixedUpdate

AddEventHandlerComponent: PlayMakerFixedUpdate

AddEventHandlerComponent: PlayMakerFixedUpdate

AddEventHandlerComponent: PlayMakerFixedUpdate

AddEventHandlerComponent: PlayMakerFixedUpdate

AddEventHandlerComponent: PlayMakerFixedUpdate

AddEventHandlerComponent: PlayMakerFixedUpdate

AddEventHandlerComponent: PlayMakerFixedUpdate

AddEventHandlerComponent: PlayMakerFixedUpdate

AddEventHandlerComponent: PlayMakerFixedUpdate

AddEventHandlerComponent: PlayMakerFixedUpdate

AddEventHandlerComponent: PlayMakerFixedUpdate

AddEventHandlerComponent: PlayMakerFixedUpdate

AddEventHandlerComponent: PlayMakerFixedUpdate

AddEventHandlerComponent: PlayMakerFixedUpdate

Deferring level start (marked as manual).

AddEventHandlerComponent: PlayMakerFixedUpdate

AddEventHandlerComponent: PlayMakerFixedUpdate

AddEventHandlerComponent: PlayMakerFixedUpdate

AddEventHandlerComponent: PlayMakerFixedUpdate

AddEventHandlerComponent: PlayMakerFixedUpdate

AddEventHandlerComponent: PlayMakerFixedUpdate

AddEventHandlerComponent: PlayMakerFixedUpdate

AddEventHandlerComponent: PlayMakerFixedUpdate

AddEventHandlerComponent: PlayMakerFixedUpdate

AddEventHandlerComponent: PlayMakerFixedUpdate

AddEventHandlerComponent: PlayMakerFixedUpdate

AddEventHandlerComponent: PlayMakerFixedUpdate

AddEventHandlerComponent: PlayMakerFixedUpdate

AddEventHandlerComponent: PlayMakerFixedUpdate

AddEventHandlerComponent: PlayMakerFixedUpdate

AddEventHandlerComponent: PlayMakerFixedUpdate

AddEventHandlerComponent: PlayMakerFixedUpdate

AddEventHandlerComponent: PlayMakerFixedUpdate

AddEventHandlerComponent: PlayMakerFixedUpdate

AddEventHandlerComponent: PlayMakerFixedUpdate

AddEventHandlerComponent: PlayMakerFixedUpdate

AddEventHandlerComponent: PlayMakerFixedUpdate

AddEventHandlerComponent: PlayMakerFixedUpdate

AddEventHandlerComponent: PlayMakerFixedUpdate

AddEventHandlerComponent: PlayMakerFixedUpdate

AddEventHandlerComponent: PlayMakerFixedUpdate

AddEventHandlerComponent: PlayMakerFixedUpdate

AddEventHandlerComponent: PlayMakerFixedUpdate

AddEventHandlerComponent: PlayMakerFixedUpdate

AddEventHandlerComponent: PlayMakerFixedUpdate

AddEventHandlerComponent: PlayMakerFixedUpdate

AddEventHandlerComponent: PlayMakerFixedUpdate

AddEventHandlerComponent: PlayMakerFixedUpdate

AddEventHandlerComponent: PlayMakerFixedUpdate

AddEventHandlerComponent: PlayMakerFixedUpdate

Additively loaded scene: Fungus2_15_boss_defeated in sequence

AddEventHandlerComponent: PlayMakerFixedUpdate

AddEventHandlerComponent: PlayMakerFixedUpdate

Deferring level start (marked as manual).

Deferring level start (marked as manual).

AddEventHandlerComponent: PlayMakerFixedUpdate

AddEventHandlerComponent: PlayMakerFixedUpdate

AddEventHandlerComponent: PlayMakerFixedUpdate

AddEventHandlerComponent: PlayMakerLateUpdate

AddEventHandlerComponent: PlayMakerFixedUpdate

AddEventHandlerComponent: PlayMakerFixedUpdate

AddEventHandlerComponent: PlayMakerFixedUpdate

AddEventHandlerComponent: PlayMakerFixedUpdate

AddEventHandlerComponent: PlayMakerFixedUpdate

AddEventHandlerComponent: PlayMakerLateUpdate

AddEventHandlerComponent: PlayMakerFixedUpdate

AddEventHandlerComponent: PlayMakerLateUpdate

AddEventHandlerComponent: PlayMakerFixedUpdate

AddEventHandlerComponent: PlayMakerFixedUpdate

AddEventHandlerComponent: PlayMakerFixedUpdate

AddEventHandlerComponent: PlayMakerFixedUpdate

AddEventHandlerComponent: PlayMakerFixedUpdate

AddEventHandlerComponent: PlayMakerLateUpdate

AddEventHandlerComponent: PlayMakerFixedUpdate

AddEventHandlerComponent: PlayMakerLateUpdate

AddEventHandlerComponent: PlayMakerFixedUpdate

AddEventHandlerComponent: PlayMakerLateUpdate

AddEventHandlerComponent: PlayMakerFixedUpdate

AddEventHandlerComponent: PlayMakerFixedUpdate

AddEventHandlerComponent: PlayMakerFixedUpdate

AddEventHandlerComponent: PlayMakerFixedUpdate

AddEventHandlerComponent: PlayMakerFixedUpdate

AddEventHandlerComponent: PlayMakerFixedUpdate

AddEventHandlerComponent: PlayMakerFixedUpdate

AddEventHandlerComponent: PlayMakerFixedUpdate

Deferring level start (marked as manual).

Object Pool attached to GlobalPool has run out of Arrow Prompt prefabs, Instantiating an additional one.

Could not find FSM: recoil

AddEventHandlerComponent: PlayMakerFixedUpdate

AddEventHandlerComponent: PlayMakerLateUpdate

Could not find FSM: recoil

Could not find FSM: recoil

AddEventHandlerComponent: PlayMakerFixedUpdate

AddEventHandlerComponent: PlayMakerLateUpdate

AddEventHandlerComponent: PlayMakerFixedUpdate

AddEventHandlerComponent: PlayMakerLateUpdate

Could not find FSM: recoil

AddEventHandlerComponent: PlayMakerFixedUpdate

AddEventHandlerComponent: PlayMakerLateUpdate

Could not find FSM: recoil

Could not find FSM: recoil

AddEventHandlerComponent: PlayMakerFixedUpdate

AddEventHandlerComponent: PlayMakerFixedUpdate

Deferring level start (marked as manual).

Object Pool attached to GlobalPool has run out of Baby Centipede prefabs, Instantiating an additional one.

AddEventHandlerComponent: PlayMakerFixedUpdate

AddEventHandlerComponent: PlayMakerLateUpdate

NullReferenceException: Object reference not set to an instance of an object
  at HutongGames.PlayMaker.Actions.GetColliderRange.GetRange () [0x00011] in <2b54cdaf7a934f0eb297d50c4090ea9f>:0 
  at HutongGames.PlayMaker.Actions.GetColliderRange.OnEnter () [0x00000] in <2b54cdaf7a934f0eb297d50c4090ea9f>:0 
  at HutongGames.PlayMaker.FsmState.ActivateActions (System.Int32 startIndex) [0x0004b] in <29eb59fa5c9943cd8f336db074533d31>:0 
  at HutongGames.PlayMaker.FsmState.OnEnter () [0x00064] in <29eb59fa5c9943cd8f336db074533d31>:0 
  at HutongGames.PlayMaker.Fsm.EnterState (HutongGames.PlayMaker.FsmState state) [0x0008a] in <29eb59fa5c9943cd8f336db074533d31>:0 
  at HutongGames.PlayMaker.Fsm.SwitchState (HutongGames.PlayMaker.FsmState toState) [0x0005b] in <29eb59fa5c9943cd8f336db074533d31>:0 
  at HutongGames.PlayMaker.Fsm.UpdateStateChanges () [0x00002] in <29eb59fa5c9943cd8f336db074533d31>:0 
  at HutongGames.PlayMaker.Fsm.UpdateState (HutongGames.PlayMaker.FsmState state) [0x0000d] in <29eb59fa5c9943cd8f336db074533d31>:0 
  at HutongGames.PlayMaker.Fsm.Update () [0x0004b] in <29eb59fa5c9943cd8f336db074533d31>:0 
  at PlayMakerFSM.Update () [0x0001a] in <29eb59fa5c9943cd8f336db074533d31>:0 

AddEventHandlerComponent: PlayMakerFixedUpdate

AddEventHandlerComponent: PlayMakerFixedUpdate

AddEventHandlerComponent: PlayMakerFixedUpdate

AddEventHandlerComponent: PlayMakerLateUpdate

AddEventHandlerComponent: PlayMakerFixedUpdate

AddEventHandlerComponent: PlayMakerFixedUpdate

AddEventHandlerComponent: PlayMakerFixedUpdate

AddEventHandlerComponent: PlayMakerFixedUpdate

AddEventHandlerComponent: PlayMakerFixedUpdate

AddEventHandlerComponent: PlayMakerLateUpdate

AddEventHandlerComponent: PlayMakerFixedUpdate

AddEventHandlerComponent: PlayMakerLateUpdate

AddEventHandlerComponent: PlayMakerFixedUpdate

AddEventHandlerComponent: PlayMakerFixedUpdate

AddEventHandlerComponent: PlayMakerFixedUpdate

AddEventHandlerComponent: PlayMakerFixedUpdate

AddEventHandlerComponent: PlayMakerFixedUpdate

AddEventHandlerComponent: PlayMakerLateUpdate

AddEventHandlerComponent: PlayMakerFixedUpdate

AddEventHandlerComponent: PlayMakerLateUpdate

AddEventHandlerComponent: PlayMakerFixedUpdate

AddEventHandlerComponent: PlayMakerLateUpdate

AddEventHandlerComponent: PlayMakerFixedUpdate

AddEventHandlerComponent: PlayMakerFixedUpdate

AddEventHandlerComponent: PlayMakerFixedUpdate

AddEventHandlerComponent: PlayMakerFixedUpdate

AddEventHandlerComponent: PlayMakerFixedUpdate

AddEventHandlerComponent: PlayMakerFixedUpdate

AddEventHandlerComponent: PlayMakerFixedUpdate

AddEventHandlerComponent: PlayMakerFixedUpdate

Deferring level start (marked as manual).

Could not find FSM: recoil

Could not find FSM: recoil

Could not find FSM: recoil

AddEventHandlerComponent: PlayMakerFixedUpdate

AddEventHandlerComponent: PlayMakerLateUpdate

Could not find FSM: recoil

Could not find FSM: recoil

AddEventHandlerComponent: PlayMakerFixedUpdate

AddEventHandlerComponent: PlayMakerLateUpdate

AddEventHandlerComponent: PlayMakerFixedUpdate

AddEventHandlerComponent: PlayMakerLateUpdate

AddEventHandlerComponent: PlayMakerFixedUpdate

AddEventHandlerComponent: PlayMakerLateUpdate

Deferring level start (marked as manual).

AddEventHandlerComponent: PlayMakerFixedUpdate

AddEventHandlerComponent: PlayMakerFixedUpdate

AddEventHandlerComponent: PlayMakerFixedUpdate

AddEventHandlerComponent: PlayMakerLateUpdate

AddEventHandlerComponent: PlayMakerFixedUpdate

AddEventHandlerComponent: PlayMakerLateUpdate

AddEventHandlerComponent: PlayMakerFixedUpdate

AddEventHandlerComponent: PlayMakerFixedUpdate

AddEventHandlerComponent: PlayMakerLateUpdate

Deferring level start (marked as manual).

Could not find FSM: recoil

Bump Height: 0.003601074

AddEventHandlerComponent: PlayMakerFixedUpdate

AddEventHandlerComponent: PlayMakerFixedUpdate

AddEventHandlerComponent: PlayMakerFixedUpdate

AddEventHandlerComponent: PlayMakerFixedUpdate

AddEventHandlerComponent: PlayMakerFixedUpdate

AddEventHandlerComponent: PlayMakerFixedUpdate

AddEventHandlerComponent: PlayMakerFixedUpdate

AddEventHandlerComponent: PlayMakerFixedUpdate

AddEventHandlerComponent: PlayMakerFixedUpdate

AddEventHandlerComponent: PlayMakerFixedUpdate

AddEventHandlerComponent: PlayMakerFixedUpdate

AddEventHandlerComponent: PlayMakerFixedUpdate

AddEventHandlerComponent: PlayMakerFixedUpdate

AddEventHandlerComponent: PlayMakerFixedUpdate

AddEventHandlerComponent: PlayMakerFixedUpdate

AddEventHandlerComponent: PlayMakerFixedUpdate

AddEventHandlerComponent: PlayMakerFixedUpdate

AddEventHandlerComponent: PlayMakerFixedUpdate

AddEventHandlerComponent: PlayMakerFixedUpdate

AddEventHandlerComponent: PlayMakerFixedUpdate

AddEventHandlerComponent: PlayMakerFixedUpdate

AddEventHandlerComponent: PlayMakerFixedUpdate

Deferring level start (marked as manual).

AddEventHandlerComponent: PlayMakerFixedUpdate

AddEventHandlerComponent: PlayMakerFixedUpdate

AddEventHandlerComponent: PlayMakerFixedUpdate

AddEventHandlerComponent: PlayMakerFixedUpdate

AddEventHandlerComponent: PlayMakerFixedUpdate

AddEventHandlerComponent: PlayMakerFixedUpdate

AddEventHandlerComponent: PlayMakerFixedUpdate

AddEventHandlerComponent: PlayMakerFixedUpdate

AddEventHandlerComponent: PlayMakerFixedUpdate

AddEventHandlerComponent: PlayMakerFixedUpdate

AddEventHandlerComponent: PlayMakerLateUpdate

AddEventHandlerComponent: PlayMakerFixedUpdate

AddEventHandlerComponent: PlayMakerLateUpdate

AddEventHandlerComponent: PlayMakerFixedUpdate

AddEventHandlerComponent: PlayMakerFixedUpdate

AddEventHandlerComponent: PlayMakerLateUpdate

Deferring level start (marked as manual).

PlayOneShot was called with a null AudioClip.

AddEventHandlerComponent: PlayMakerFixedUpdate

AddEventHandlerComponent: PlayMakerFixedUpdate

AddEventHandlerComponent: PlayMakerFixedUpdate

AddEventHandlerComponent: PlayMakerFixedUpdate

AddEventHandlerComponent: PlayMakerFixedUpdate

AddEventHandlerComponent: PlayMakerFixedUpdate

AddEventHandlerComponent: PlayMakerFixedUpdate

AddEventHandlerComponent: PlayMakerFixedUpdate

AddEventHandlerComponent: PlayMakerFixedUpdate

AddEventHandlerComponent: PlayMakerFixedUpdate

AddEventHandlerComponent: PlayMakerFixedUpdate

AddEventHandlerComponent: PlayMakerFixedUpdate

AddEventHandlerComponent: PlayMakerFixedUpdate

AddEventHandlerComponent: PlayMakerFixedUpdate

AddEventHandlerComponent: PlayMakerFixedUpdate

AddEventHandlerComponent: PlayMakerFixedUpdate

AddEventHandlerComponent: PlayMakerFixedUpdate

AddEventHandlerComponent: PlayMakerFixedUpdate

AddEventHandlerComponent: PlayMakerFixedUpdate

AddEventHandlerComponent: PlayMakerFixedUpdate

AddEventHandlerComponent: PlayMakerFixedUpdate

AddEventHandlerComponent: PlayMakerFixedUpdate

Deferring level start (marked as manual).

AddEventHandlerComponent: PlayMakerFixedUpdate

AddEventHandlerComponent: PlayMakerFixedUpdate

AddEventHandlerComponent: PlayMakerFixedUpdate

AddEventHandlerComponent: PlayMakerFixedUpdate

AddEventHandlerComponent: PlayMakerFixedUpdate

AddEventHandlerComponent: PlayMakerFixedUpdate

AddEventHandlerComponent: PlayMakerFixedUpdate

AddEventHandlerComponent: PlayMakerFixedUpdate

AddEventHandlerComponent: PlayMakerFixedUpdate

AddEventHandlerComponent: PlayMakerFixedUpdate

AddEventHandlerComponent: PlayMakerFixedUpdate

AddEventHandlerComponent: PlayMakerFixedUpdate

AddEventHandlerComponent: PlayMakerFixedUpdate

AddEventHandlerComponent: PlayMakerFixedUpdate

AddEventHandlerComponent: PlayMakerFixedUpdate

AddEventHandlerComponent: PlayMakerFixedUpdate

AddEventHandlerComponent: PlayMakerFixedUpdate

Deferring level start (marked as manual).

AddEventHandlerComponent: PlayMakerFixedUpdate

AddEventHandlerComponent: PlayMakerFixedUpdate

AddEventHandlerComponent: PlayMakerFixedUpdate

AddEventHandlerComponent: PlayMakerFixedUpdate

AddEventHandlerComponent: PlayMakerFixedUpdate

AddEventHandlerComponent: PlayMakerFixedUpdate

AddEventHandlerComponent: PlayMakerFixedUpdate

AddEventHandlerComponent: PlayMakerFixedUpdate

AddEventHandlerComponent: PlayMakerFixedUpdate

AddEventHandlerComponent: PlayMakerFixedUpdate

AddEventHandlerComponent: PlayMakerFixedUpdate

AddEventHandlerComponent: PlayMakerFixedUpdate

AddEventHandlerComponent: PlayMakerFixedUpdate

AddEventHandlerComponent: PlayMakerFixedUpdate

AddEventHandlerComponent: PlayMakerFixedUpdate

AddEventHandlerComponent: PlayMakerFixedUpdate

AddEventHandlerComponent: PlayMakerFixedUpdate

AddEventHandlerComponent: PlayMakerFixedUpdate

AddEventHandlerComponent: PlayMakerFixedUpdate

AddEventHandlerComponent: PlayMakerFixedUpdate

AddEventHandlerComponent: PlayMakerFixedUpdate

AddEventHandlerComponent: PlayMakerFixedUpdate

AddEventHandlerComponent: PlayMakerFixedUpdate

AddEventHandlerComponent: PlayMakerFixedUpdate

AddEventHandlerComponent: PlayMakerFixedUpdate

AddEventHandlerComponent: PlayMakerFixedUpdate

AddEventHandlerComponent: PlayMakerFixedUpdate

AddEventHandlerComponent: PlayMakerFixedUpdate

AddEventHandlerComponent: PlayMakerFixedUpdate

AddEventHandlerComponent: PlayMakerFixedUpdate

AddEventHandlerComponent: PlayMakerFixedUpdate

AddEventHandlerComponent: PlayMakerFixedUpdate

AddEventHandlerComponent: PlayMakerFixedUpdate

AddEventHandlerComponent: PlayMakerFixedUpdate

AddEventHandlerComponent: PlayMakerFixedUpdate

AddEventHandlerComponent: PlayMakerFixedUpdate

Deferring level start (marked as manual).

AddEventHandlerComponent: PlayMakerFixedUpdate

PlayOneShot was called with a null AudioClip.

AddEventHandlerComponent: PlayMakerFixedUpdate

AddEventHandlerComponent: PlayMakerFixedUpdate

AddEventHandlerComponent: PlayMakerFixedUpdate

PlayOneShot was called with a null AudioClip.

PlayOneShot was called with a null AudioClip.

PlayOneShot was called with a null AudioClip.

Bump Height: 0.005573273

PlayOneShot was called with a null AudioClip.

PlayOneShot was called with a null AudioClip.

AddEventHandlerComponent: PlayMakerFixedUpdate

AddEventHandlerComponent: PlayMakerFixedUpdate

AddEventHandlerComponent: PlayMakerFixedUpdate

AddEventHandlerComponent: PlayMakerFixedUpdate

AddEventHandlerComponent: PlayMakerFixedUpdate

AddEventHandlerComponent: PlayMakerFixedUpdate

AddEventHandlerComponent: PlayMakerFixedUpdate

AddEventHandlerComponent: PlayMakerFixedUpdate

AddEventHandlerComponent: PlayMakerFixedUpdate

AddEventHandlerComponent: PlayMakerFixedUpdate

AddEventHandlerComponent: PlayMakerFixedUpdate

AddEventHandlerComponent: PlayMakerFixedUpdate

AddEventHandlerComponent: PlayMakerFixedUpdate

AddEventHandlerComponent: PlayMakerFixedUpdate

AddEventHandlerComponent: PlayMakerFixedUpdate

AddEventHandlerComponent: PlayMakerFixedUpdate

AddEventHandlerComponent: PlayMakerFixedUpdate

AddEventHandlerComponent: PlayMakerFixedUpdate

AddEventHandlerComponent: PlayMakerFixedUpdate

AddEventHandlerComponent: PlayMakerFixedUpdate

AddEventHandlerComponent: PlayMakerFixedUpdate

AddEventHandlerComponent: PlayMakerFixedUpdate

AddEventHandlerComponent: PlayMakerFixedUpdate

Deferring level start (marked as manual).

AddEventHandlerComponent: PlayMakerFixedUpdate

AddEventHandlerComponent: PlayMakerFixedUpdate

Bump Height: 0.001411438

PlayOneShot was called with a null AudioClip.

Bump Height: 0.001411438

PlayOneShot was called with a null AudioClip.

Deferring level start (marked as manual).

AddEventHandlerComponent: PlayMakerFixedUpdate

AddEventHandlerComponent: PlayMakerFixedUpdate

AddEventHandlerComponent: PlayMakerFixedUpdate

AddEventHandlerComponent: PlayMakerFixedUpdate

AddEventHandlerComponent: PlayMakerFixedUpdate

AddEventHandlerComponent: PlayMakerFixedUpdate

AddEventHandlerComponent: PlayMakerFixedUpdate

AddEventHandlerComponent: PlayMakerFixedUpdate

AddEventHandlerComponent: PlayMakerFixedUpdate

AddEventHandlerComponent: PlayMakerFixedUpdate

AddEventHandlerComponent: PlayMakerFixedUpdate

AddEventHandlerComponent: PlayMakerFixedUpdate

AddEventHandlerComponent: PlayMakerFixedUpdate

AddEventHandlerComponent: PlayMakerFixedUpdate

AddEventHandlerComponent: PlayMakerFixedUpdate

AddEventHandlerComponent: PlayMakerFixedUpdate

AddEventHandlerComponent: PlayMakerFixedUpdate

AddEventHandlerComponent: PlayMakerFixedUpdate

AddEventHandlerComponent: PlayMakerFixedUpdate

AddEventHandlerComponent: PlayMakerFixedUpdate

AddEventHandlerComponent: PlayMakerFixedUpdate

AddEventHandlerComponent: PlayMakerFixedUpdate

AddEventHandlerComponent: PlayMakerFixedUpdate

AddEventHandlerComponent: PlayMakerFixedUpdate

AddEventHandlerComponent: PlayMakerFixedUpdate

AddEventHandlerComponent: PlayMakerFixedUpdate

AddEventHandlerComponent: PlayMakerFixedUpdate

AddEventHandlerComponent: PlayMakerFixedUpdate

AddEventHandlerComponent: PlayMakerFixedUpdate

AddEventHandlerComponent: PlayMakerFixedUpdate

AddEventHandlerComponent: PlayMakerFixedUpdate

AddEventHandlerComponent: PlayMakerFixedUpdate

AddEventHandlerComponent: PlayMakerFixedUpdate

AddEventHandlerComponent: PlayMakerFixedUpdate

AddEventHandlerComponent: PlayMakerFixedUpdate

AddEventHandlerComponent: PlayMakerFixedUpdate

AddEventHandlerComponent: PlayMakerFixedUpdate

AddEventHandlerComponent: PlayMakerFixedUpdate

AddEventHandlerComponent: PlayMakerFixedUpdate

AddEventHandlerComponent: PlayMakerFixedUpdate

AddEventHandlerComponent: PlayMakerFixedUpdate

AddEventHandlerComponent: PlayMakerFixedUpdate

AddEventHandlerComponent: PlayMakerFixedUpdate

AddEventHandlerComponent: PlayMakerFixedUpdate

AddEventHandlerComponent: PlayMakerFixedUpdate

AddEventHandlerComponent: PlayMakerFixedUpdate

AddEventHandlerComponent: PlayMakerFixedUpdate

AddEventHandlerComponent: PlayMakerFixedUpdate

AddEventHandlerComponent: PlayMakerFixedUpdate

AddEventHandlerComponent: PlayMakerFixedUpdate

AddEventHandlerComponent: PlayMakerFixedUpdate

AddEventHandlerComponent: PlayMakerFixedUpdate

Deferring level start (marked as manual).

AddEventHandlerComponent: PlayMakerFixedUpdate

AddEventHandlerComponent: PlayMakerFixedUpdate

AddEventHandlerComponent: PlayMakerFixedUpdate

AddEventHandlerComponent: PlayMakerFixedUpdate

AddEventHandlerComponent: PlayMakerFixedUpdate

AddEventHandlerComponent: PlayMakerFixedUpdate

AddEventHandlerComponent: PlayMakerFixedUpdate

Bump Height: 0.0004615784

Bump Height: 0.0004615784

Object Pool attached to GlobalPool has run out of Arrow Prompt prefabs, Instantiating an additional one.

Bump Height: 0.00112915

PlayOneShot was called with a null AudioClip.

Persistent Bool Item - Couldn't reset value on FSM because it's missing.

Deferring level start (marked as manual).

Setting skip mode: NOT_SKIPPABLE

PlayOneShot was called with a null AudioClip.

Material 'Particle_Dream_03 (Instance)' with Shader 'Legacy Shaders/Particles/Additive (Soft)' doesn't have a color property '_Color'

Material 'Particle_Dream_03 (Instance)' with Shader 'Legacy Shaders/Particles/Additive (Soft)' doesn't have a color property '_Color'

PlayOneShot was called with a null AudioClip.

PlayOneShot was called with a null AudioClip.

AddEventHandlerComponent: PlayMakerFixedUpdate

AddEventHandlerComponent: PlayMakerFixedUpdate

AddEventHandlerComponent: PlayMakerFixedUpdate

AddEventHandlerComponent: PlayMakerFixedUpdate

AddEventHandlerComponent: PlayMakerFixedUpdate

AddEventHandlerComponent: PlayMakerFixedUpdate

AddEventHandlerComponent: PlayMakerFixedUpdate

AddEventHandlerComponent: PlayMakerFixedUpdate

AddEventHandlerComponent: PlayMakerFixedUpdate

AddEventHandlerComponent: PlayMakerFixedUpdate

AddEventHandlerComponent: PlayMakerFixedUpdate

AddEventHandlerComponent: PlayMakerFixedUpdate

AddEventHandlerComponent: PlayMakerFixedUpdate

AddEventHandlerComponent: PlayMakerFixedUpdate

AddEventHandlerComponent: PlayMakerFixedUpdate

AddEventHandlerComponent: PlayMakerFixedUpdate

AddEventHandlerComponent: PlayMakerFixedUpdate

AddEventHandlerComponent: PlayMakerFixedUpdate

AddEventHandlerComponent: PlayMakerFixedUpdate

AddEventHandlerComponent: PlayMakerFixedUpdate

AddEventHandlerComponent: PlayMakerFixedUpdate

AddEventHandlerComponent: PlayMakerFixedUpdate

AddEventHandlerComponent: PlayMakerFixedUpdate

AddEventHandlerComponent: PlayMakerFixedUpdate

AddEventHandlerComponent: PlayMakerFixedUpdate

AddEventHandlerComponent: PlayMakerFixedUpdate

AddEventHandlerComponent: PlayMakerFixedUpdate

AddEventHandlerComponent: PlayMakerFixedUpdate

AddEventHandlerComponent: PlayMakerFixedUpdate

AddEventHandlerComponent: PlayMakerFixedUpdate

AddEventHandlerComponent: PlayMakerFixedUpdate

AddEventHandlerComponent: PlayMakerFixedUpdate

AddEventHandlerComponent: PlayMakerFixedUpdate

AddEventHandlerComponent: PlayMakerFixedUpdate

AddEventHandlerComponent: PlayMakerFixedUpdate

AddEventHandlerComponent: PlayMakerFixedUpdate

AddEventHandlerComponent: PlayMakerFixedUpdate

AddEventHandlerComponent: PlayMakerFixedUpdate

AddEventHandlerComponent: PlayMakerFixedUpdate

AddEventHandlerComponent: PlayMakerFixedUpdate

AddEventHandlerComponent: PlayMakerFixedUpdate

AddEventHandlerComponent: PlayMakerFixedUpdate

AddEventHandlerComponent: PlayMakerFixedUpdate

AddEventHandlerComponent: PlayMakerFixedUpdate

AddEventHandlerComponent: PlayMakerFixedUpdate

AddEventHandlerComponent: PlayMakerFixedUpdate

AddEventHandlerComponent: PlayMakerFixedUpdate

AddEventHandlerComponent: PlayMakerFixedUpdate

AddEventHandlerComponent: PlayMakerFixedUpdate

AddEventHandlerComponent: PlayMakerFixedUpdate

Creating new CinematicVideoPlayer for in game video

Waiting for CinematicVideoPlayer in game video load...

Starting cinematic video player in game video.

Finishing in-game video.

Deferring level start (marked as manual).

Setting skip mode: NOT_SKIPPABLE

AddEventHandlerComponent: PlayMakerFixedUpdate

AddEventHandlerComponent: PlayMakerFixedUpdate

AddEventHandlerComponent: PlayMakerFixedUpdate

AddEventHandlerComponent: PlayMakerFixedUpdate

AddEventHandlerComponent: PlayMakerFixedUpdate

AddEventHandlerComponent: PlayMakerFixedUpdate

AddEventHandlerComponent: PlayMakerFixedUpdate

AddEventHandlerComponent: PlayMakerFixedUpdate

AddEventHandlerComponent: PlayMakerFixedUpdate

AddEventHandlerComponent: PlayMakerFixedUpdate

AddEventHandlerComponent: PlayMakerFixedUpdate

AddEventHandlerComponent: PlayMakerFixedUpdate

AddEventHandlerComponent: PlayMakerFixedUpdate

AddEventHandlerComponent: PlayMakerFixedUpdate

AddEventHandlerComponent: PlayMakerFixedUpdate

AddEventHandlerComponent: PlayMakerFixedUpdate

AddEventHandlerComponent: PlayMakerFixedUpdate

AddEventHandlerComponent: PlayMakerFixedUpdate

AddEventHandlerComponent: PlayMakerFixedUpdate

AddEventHandlerComponent: PlayMakerFixedUpdate

AddEventHandlerComponent: PlayMakerFixedUpdate

AddEventHandlerComponent: PlayMakerFixedUpdate

AddEventHandlerComponent: PlayMakerFixedUpdate

AddEventHandlerComponent: PlayMakerFixedUpdate

AddEventHandlerComponent: PlayMakerFixedUpdate

AddEventHandlerComponent: PlayMakerFixedUpdate

AddEventHandlerComponent: PlayMakerFixedUpdate

AddEventHandlerComponent: PlayMakerFixedUpdate

AddEventHandlerComponent: PlayMakerFixedUpdate

AddEventHandlerComponent: PlayMakerFixedUpdate

AddEventHandlerComponent: PlayMakerFixedUpdate

AddEventHandlerComponent: PlayMakerFixedUpdate

AddEventHandlerComponent: PlayMakerFixedUpdate

AddEventHandlerComponent: PlayMakerFixedUpdate

AddEventHandlerComponent: PlayMakerFixedUpdate

AddEventHandlerComponent: PlayMakerFixedUpdate

AddEventHandlerComponent: PlayMakerFixedUpdate

AddEventHandlerComponent: PlayMakerFixedUpdate

AddEventHandlerComponent: PlayMakerFixedUpdate

AddEventHandlerComponent: PlayMakerFixedUpdate

AddEventHandlerComponent: PlayMakerFixedUpdate

AddEventHandlerComponent: PlayMakerFixedUpdate

AddEventHandlerComponent: PlayMakerFixedUpdate

AddEventHandlerComponent: PlayMakerFixedUpdate

AddEventHandlerComponent: PlayMakerFixedUpdate

AddEventHandlerComponent: PlayMakerFixedUpdate

AddEventHandlerComponent: PlayMakerFixedUpdate

AddEventHandlerComponent: PlayMakerFixedUpdate

AddEventHandlerComponent: PlayMakerFixedUpdate

AddEventHandlerComponent: PlayMakerFixedUpdate

AddEventHandlerComponent: PlayMakerFixedUpdate

Deferring level start (marked as manual).

AddEventHandlerComponent: PlayMakerFixedUpdate

AddEventHandlerComponent: PlayMakerFixedUpdate

AddEventHandlerComponent: PlayMakerFixedUpdate

AddEventHandlerComponent: PlayMakerFixedUpdate

Persistent Bool Item - Couldn't reset value on FSM because it's missing.

Persistent Bool Item - Couldn't reset value on FSM because it's missing.

Persistent Bool Item - Couldn't reset value on FSM because it's missing.

Persistent Bool Item - Couldn't reset value on FSM because it's missing.

PlayOneShot was called with a null AudioClip.

Bump Height: 0.05407715

Bump Height: 0.05407715

Deferring level start (marked as manual).

AddEventHandlerComponent: PlayMakerFixedUpdate

AddEventHandlerComponent: PlayMakerFixedUpdate

AddEventHandlerComponent: PlayMakerFixedUpdate

Deferring level start (marked as manual).

PlayOneShot was called with a null AudioClip.

Could not find FSM: Enough Geo

LoadLevel: Cinematic_Stag_travel

Unloading 106 Unused Serialized files (Serialized files now loaded: 0)
UnloadTime: 2.344700 ms
Performing automatic level start.


Unloading 6564 unused Assets to reduce memory usage. Loaded Objects now: 61272.
Total: 258.062000 ms (FindLiveObjects: 4.233200 ms CreateObjectMapping: 3.014200 ms MarkObjects: 233.120200 ms  DeleteObjects: 17.693900 ms)

Setting skip mode: SKIP_INSTANT

Started cinematic 'StagTunnelRun'

Started cinematic 'StagTunnelRun'

Stopped cinematic 'StagTunnelRun'

AddEventHandlerComponent: PlayMakerFixedUpdate

AddEventHandlerComponent: PlayMakerFixedUpdate

AddEventHandlerComponent: PlayMakerFixedUpdate

AddEventHandlerComponent: PlayMakerCollisionEnter2D

AddEventHandlerComponent: PlayMakerFixedUpdate

Deferring level start (marked as manual).

PlayOneShot was called with a null AudioClip.

AddEventHandlerComponent: PlayMakerFixedUpdate

AddEventHandlerComponent: PlayMakerFixedUpdate

AddEventHandlerComponent: PlayMakerFixedUpdate

AddEventHandlerComponent: PlayMakerFixedUpdate

AddEventHandlerComponent: PlayMakerFixedUpdate

AddEventHandlerComponent: PlayMakerFixedUpdate

AddEventHandlerComponent: PlayMakerFixedUpdate

AddEventHandlerComponent: PlayMakerCollisionEnter2D

AddEventHandlerComponent: PlayMakerFixedUpdate

AddEventHandlerComponent: PlayMakerFixedUpdate

AddEventHandlerComponent: PlayMakerFixedUpdate

AddEventHandlerComponent: PlayMakerFixedUpdate

AddEventHandlerComponent: PlayMakerFixedUpdate

AddEventHandlerComponent: PlayMakerFixedUpdate

Deferring level start (marked as manual).

AddEventHandlerComponent: PlayMakerFixedUpdate

AddEventHandlerComponent: PlayMakerFixedUpdate

AddEventHandlerComponent: PlayMakerFixedUpdate

AddEventHandlerComponent: PlayMakerFixedUpdate

Deferring level start (marked as manual).

AddEventHandlerComponent: PlayMakerFixedUpdate

AddEventHandlerComponent: PlayMakerFixedUpdate

Deferring level start (marked as manual).

AddEventHandlerComponent: PlayMakerFixedUpdate

AddEventHandlerComponent: PlayMakerFixedUpdate

Deferring level start (marked as manual).

AddEventHandlerComponent: PlayMakerFixedUpdate

AddEventHandlerComponent: PlayMakerFixedUpdate

Deferring level start (marked as manual).

PlayOneShot was called with a null AudioClip.

Deferring level start (marked as manual).

AddEventHandlerComponent: PlayMakerFixedUpdate

Could not find FSM: health_manager_enemy

nailDamage: 17, multiplied: 42.5

nailDamage: 17, multiplied: 42.5

nailDamage: 17, multiplied: 42.5

Object Pool attached to GlobalPool has run out of HK Plume prefabs, Instantiating an additional one.

Object Pool attached to GlobalPool has run out of HK Plume prefabs, Instantiating an additional one.

Object Pool attached to GlobalPool has run out of HK Plume prefabs, Instantiating an additional one.

Object Pool attached to GlobalPool has run out of HK Plume prefabs, Instantiating an additional one.

Object Pool attached to GlobalPool has run out of HK Plume prefabs, Instantiating an additional one.

Object Pool attached to GlobalPool has run out of HK Plume prefabs, Instantiating an additional one.

Object Pool attached to GlobalPool has run out of HK Plume prefabs, Instantiating an additional one.

Object Pool attached to GlobalPool has run out of HK Plume prefabs, Instantiating an additional one.

Object Pool attached to GlobalPool has run out of HK Plume prefabs, Instantiating an additional one.

Object Pool attached to GlobalPool has run out of HK Plume prefabs, Instantiating an additional one.

Object Pool attached to GlobalPool has run out of HK Plume prefabs, Instantiating an additional one.

Object Pool attached to GlobalPool has run out of HK Plume prefabs, Instantiating an additional one.

Object Pool attached to GlobalPool has run out of HK Plume prefabs, Instantiating an additional one.

Object Pool attached to GlobalPool has run out of HK Plume prefabs, Instantiating an additional one.

Object Pool attached to GlobalPool has run out of HK Plume prefabs, Instantiating an additional one.

Object Pool attached to GlobalPool has run out of HK Plume prefabs, Instantiating an additional one.

Object Pool attached to GlobalPool has run out of HK Plume prefabs, Instantiating an additional one.

Object Pool attached to GlobalPool has run out of HK Plume prefabs, Instantiating an additional one.

Object Pool attached to GlobalPool has run out of HK Plume prefabs, Instantiating an additional one.

Object Pool attached to GlobalPool has run out of HK Plume prefabs, Instantiating an additional one.

Object Pool attached to GlobalPool has run out of HK Plume prefabs, Instantiating an additional one.

Object Pool attached to GlobalPool has run out of HK Plume prefabs, Instantiating an additional one.

Object Pool attached to GlobalPool has run out of HK Plume prefabs, Instantiating an additional one.

Object Pool attached to GlobalPool has run out of HK Plume prefabs, Instantiating an additional one.

Object Pool attached to GlobalPool has run out of HK Plume prefabs, Instantiating an additional one.

PlayOneShot was called with a null AudioClip.

Object Pool attached to GlobalPool has run out of Shot HK Spurt prefabs, Instantiating an additional one.

Object Pool attached to GlobalPool has run out of Shot HK Spurt prefabs, Instantiating an additional one.

Object Pool attached to GlobalPool has run out of Shot HK Spurt prefabs, Instantiating an additional one.

Object Pool attached to GlobalPool has run out of Shot HK Spurt prefabs, Instantiating an additional one.

Object Pool attached to GlobalPool has run out of Shot HK Spurt prefabs, Instantiating an additional one.

Object Pool attached to GlobalPool has run out of Shot HK Spurt prefabs, Instantiating an additional one.

Object Pool attached to GlobalPool has run out of Shot HK Spurt prefabs, Instantiating an additional one.

Object Pool attached to GlobalPool has run out of Shot HK Spurt prefabs, Instantiating an additional one.

Object Pool attached to GlobalPool has run out of Shot HK Spurt prefabs, Instantiating an additional one.

Object Pool attached to GlobalPool has run out of Shot HK Spurt prefabs, Instantiating an additional one.

Object Pool attached to GlobalPool has run out of Shot HK Spurt prefabs, Instantiating an additional one.

Object Pool attached to GlobalPool has run out of Shot HK Spurt prefabs, Instantiating an additional one.

Object Pool attached to GlobalPool has run out of Shot HK Spurt prefabs, Instantiating an additional one.

Object Pool attached to GlobalPool has run out of Shot HK Spurt prefabs, Instantiating an additional one.

Object Pool attached to GlobalPool has run out of Shot HK Spurt prefabs, Instantiating an additional one.

Object Pool attached to GlobalPool has run out of Shot HK Spurt prefabs, Instantiating an additional one.

Object Pool attached to GlobalPool has run out of Shot HK Spurt prefabs, Instantiating an additional one.

Object Pool attached to GlobalPool has run out of Shot HK Spurt prefabs, Instantiating an additional one.

Object Pool attached to GlobalPool has run out of Shot HK Spurt prefabs, Instantiating an additional one.

PlayOneShot was called with a null AudioClip.

PlayOneShot was called with a null AudioClip.

Unloading 41 Unused Serialized files (Serialized files now loaded: 0)
UnloadTime: 5.830900 ms
Performing automatic level start.


Unloading 2174 unused Assets to reduce memory usage. Loaded Objects now: 61456.
Total: 244.338700 ms (FindLiveObjects: 4.066200 ms CreateObjectMapping: 2.314900 ms MarkObjects: 230.742900 ms  DeleteObjects: 7.214300 ms)

Setting skip mode: NOT_SKIPPABLE

Unloading 8 Unused Serialized files (Serialized files now loaded: 0)
UnloadTime: 0.940700 ms
Performing automatic level start.


Unloading 8 unused Assets to reduce memory usage. Loaded Objects now: 62340.
Total: 216.938000 ms (FindLiveObjects: 3.622000 ms CreateObjectMapping: 1.944600 ms MarkObjects: 211.259800 ms  DeleteObjects: 0.111100 ms)

Setting skip mode: NOT_SKIPPABLE

Failed to retrieve achievement state for ENDING_A

Pushing achievement ENDING_A

Converting Vertex Colors from Color32 to Color.

Converting Vertex Colors from Color32 to Color.

Steam achievement ENDING_A (0/0) upload complete

Setting skip mode: SKIP_INSTANT

Unloading 9 Unused Serialized files (Serialized files now loaded: 0)
UnloadTime: 1.764400 ms
Performing automatic level start.


Unloading 21 unused Assets to reduce memory usage. Loaded Objects now: 61482.
Total: 233.558100 ms (FindLiveObjects: 3.911700 ms CreateObjectMapping: 2.285300 ms MarkObjects: 224.231500 ms  DeleteObjects: 3.128900 ms)

Setting skip mode: NOT_SKIPPABLE

Failed to retrieve achievement state for STEELSOUL

Pushing achievement STEELSOUL

Failed to retrieve achievement state for SPEEDRUN_1

Pushing achievement SPEEDRUN_1

Steam achievement STEELSOUL (0/0) upload complete

Steam achievement SPEEDRUN_1 (0/0) upload complete

PlayOneShot was called with a null AudioClip.

Setting skip mode: SKIP_INSTANT

Unloading 6 Unused Serialized files (Serialized files now loaded: 0)
UnloadTime: 0.946400 ms
Deferring level start (marked as manual).


Unloading 17 unused Assets to reduce memory usage. Loaded Objects now: 61400.
Total: 213.091000 ms (FindLiveObjects: 4.748700 ms CreateObjectMapping: 2.110700 ms MarkObjects: 206.031400 ms  DeleteObjects: 0.199800 ms)

Unloading 5 Unused Serialized files (Serialized files now loaded: 0)
UnloadTime: 0.386300 ms
DontDestroyOnLoad only works for root GameObjects or components on root GameObjects.

Performing automatic level start.

Failed to retrieve achievement state for ENDING_C

Game controller set to None.

Failed to retrieve achievement state for DREAM_SOUL_MASTER_DEFEAT

Failed to retrieve achievement state for ZOTE

Failed to retrieve achievement state for NAILSMITH_KILL

Failed to retrieve achievement state for NAILSMITH_SPARE

Failed to retrieve achievement state for QUIRREL_EPILOGUE

Failed to retrieve achievement state for MOURNER

Failed to retrieve achievement state for STAG_STATION_ALL

Failed to retrieve achievement state for ENDING_C

Failed to retrieve achievement state for VOID

Failed to retrieve achievement state for SPEEDRUN_2

Failed to retrieve achievement state for SPEED_COMPLETION

Failed to retrieve achievement state for STEELSOUL_COMPLETION

Failed to retrieve achievement state for HUNTER_1

Failed to retrieve achievement state for HUNTER_2

Failed to retrieve achievement state for MR_MUSHROOM

Failed to retrieve achievement state for GREY_PRINCE

Failed to retrieve achievement state for BANISHMENT

Failed to retrieve achievement state for PANTHEON3

Failed to retrieve achievement state for ENDINGD

pd.maxHealth: 11 pd.maxHealthBase: 9

pd.maxHealth: 8 pd.maxHealthBase: 8

pd.maxHealth: 7 pd.maxHealthBase: 7

pd.maxHealth: 9 pd.maxHealthBase: 7


Unloading 1073 unused Assets to reduce memory usage. Loaded Objects now: 49584.
Total: 191.915300 ms (FindLiveObjects: 3.010800 ms CreateObjectMapping: 2.618300 ms MarkObjects: 183.377900 ms  DeleteObjects: 2.907800 ms)

Making UI menu lean.

AddEventHandlerComponent: PlayMakerFixedUpdate

AddEventHandlerComponent: PlayMakerFixedUpdate

AddEventHandlerComponent: PlayMakerFixedUpdate

AddEventHandlerComponent: PlayMakerFixedUpdate

AddEventHandlerComponent: PlayMakerFixedUpdate

AddEventHandlerComponent: PlayMakerFixedUpdate

AddEventHandlerComponent: PlayMakerFixedUpdate

AddEventHandlerComponent: PlayMakerFixedUpdate

AddEventHandlerComponent: PlayMakerFixedUpdate

AddEventHandlerComponent: PlayMakerFixedUpdate

Deferring level start (marked as manual).

Unloading 19 Unused Serialized files (Serialized files now loaded: 0)

Unloading 183 unused Assets to reduce memory usage. Loaded Objects now: 53376.
Total: 184.416500 ms (FindLiveObjects: 3.068500 ms CreateObjectMapping: 1.645100 ms MarkObjects: 177.652600 ms  DeleteObjects: 2.049500 ms)

PlayerData: Could not find bool named visitedFungalWastes in PlayerData

PlayerData: Could not find bool named visitedFungalWastes in PlayerData

PlayerData: Could not find bool named visitedCity in PlayerData

Unloading 6 Unused Serialized files (Serialized files now loaded: 0)
UnloadTime: 4.917500 ms
Deferring level start (marked as manual).


Unloading 633 unused Assets to reduce memory usage. Loaded Objects now: 57125.
Total: 221.396200 ms (FindLiveObjects: 3.363400 ms CreateObjectMapping: 2.209100 ms MarkObjects: 214.518200 ms  DeleteObjects: 1.304800 ms)

Unloading 5 Unused Serialized files (Serialized files now loaded: 0)
UnloadTime: 0.385600 ms
DontDestroyOnLoad only works for root GameObjects or components on root GameObjects.

Performing automatic level start.

Failed to retrieve achievement state for ENDING_C

Game controller set to None.

Failed to retrieve achievement state for DREAM_SOUL_MASTER_DEFEAT

Failed to retrieve achievement state for ZOTE

Failed to retrieve achievement state for NAILSMITH_KILL

Failed to retrieve achievement state for NAILSMITH_SPARE

Failed to retrieve achievement state for QUIRREL_EPILOGUE

Failed to retrieve achievement state for MOURNER

Failed to retrieve achievement state for STAG_STATION_ALL

Failed to retrieve achievement state for ENDING_C

Failed to retrieve achievement state for VOID

Failed to retrieve achievement state for SPEEDRUN_2

Failed to retrieve achievement state for SPEED_COMPLETION

Failed to retrieve achievement state for STEELSOUL_COMPLETION

Failed to retrieve achievement state for HUNTER_1

Failed to retrieve achievement state for HUNTER_2

Failed to retrieve achievement state for MR_MUSHROOM

Failed to retrieve achievement state for GREY_PRINCE

Failed to retrieve achievement state for BANISHMENT

Failed to retrieve achievement state for PANTHEON3

Failed to retrieve achievement state for ENDINGD

pd.maxHealth: 11 pd.maxHealthBase: 9

pd.maxHealth: 8 pd.maxHealthBase: 8

pd.maxHealth: 7 pd.maxHealthBase: 7

pd.maxHealth: 9 pd.maxHealthBase: 7


Unloading 411 unused Assets to reduce memory usage. Loaded Objects now: 50489.
Total: 168.145900 ms (FindLiveObjects: 3.199100 ms CreateObjectMapping: 2.019100 ms MarkObjects: 161.614600 ms  DeleteObjects: 1.312400 ms)

Setting up 2 worker threads for Enlighten.
  Thread -> id: 326c -> priority: 1 
  Thread -> id: 1cc8 -> priority: 1 
Shutting down Steam API.

