Mono path[0] = 'E:/Games/AdventureGames/Hollow Knight/hollow_knight_Data/Managed'
Mono config path = 'E:/Games/AdventureGames/Hollow Knight/MonoBleedingEdge/etc'
Initialize engine version: 2020.2.2f1 (068178b99f32)
[Subsystems] Discovering subsystems at path E:/Games/AdventureGames/Hollow Knight/hollow_knight_Data/UnitySubsystems
GfxDevice: creating device client; threaded=1
Direct3D:
    Version:  Direct3D 11.0 [level 11.0]
    Renderer: NVIDIA GeForce GTX 750 Ti (ID=0x1380)
    Vendor:   
    VRAM:     1999 MB
    Driver:   32.0.15.6094
Begin MonoManager ReloadAssembly
- Completed reload, in  0.329 seconds
OnLevelWasLoaded was found on GameMap
This message has been deprecated and will be removed in a later version of Unity.
Add a delegate to SceneManager.sceneLoaded instead to get notifications after scene loading has completed

OnLevelWasLoaded was found on PlayMakerUnity2d
This message has been deprecated and will be removed in a later version of Unity.
Add a delegate to SceneManager.sceneLoaded instead to get notifications after scene loading has completed

D3D11 device created for Microsoft Media Foundation video decoding.
<RI> Initializing input.
<RI> Input initialized.
<RI> Initialized touch support.
The class named 'ConfigManager' is abstract. The script class can't be abstract!

UnloadTime: 0.957500 ms
Graphics tier changed to High

Steam initializing

Steam logged in as Player

Selected online subsystem SteamOnlineSubsystem

Discovered supported languages: DE, EN, ES, FR, IT, JA, KO, PT, RU, ZH

Unloading 5 Unused Serialized files (Serialized files now loaded: 0)
Loaded saved language code 'EN'

Restored language code 'EN'

GameVersionData must be instantiated using the ScriptableObject.CreateInstance method instead of new GameVersionData.


Unloading 362 unused Assets to reduce memory usage. Loaded Objects now: 3825.
Total: 2.015600 ms (FindLiveObjects: 0.228200 ms CreateObjectMapping: 0.496700 ms MarkObjects: 1.176400 ms  DeleteObjects: 0.113800 ms)

Steam stats received.

Direct3D: detected that using refresh rate causes time drift. Will stop trusting refresh rate until the game window is moved.
Direct3D: detected that vsync is broken (it does not limit frame rate properly). Delta time will now be calculated using cpu-side time stampling until the game window is moved.
Unloading 5 Unused Serialized files (Serialized files now loaded: 0)
UnloadTime: 7.016300 ms
DontDestroyOnLoad only works for root GameObjects or components on root GameObjects.

Creating Mod Logger

Fallback handler could not load library E:/Games/AdventureGames/Hollow Knight/hollow_knight_Data/Mono/data-0000020A64D8FEA0.dll
Fallback handler could not load library E:/Games/AdventureGames/Hollow Knight/hollow_knight_Data/Mono/data-0000020A64C68D50.dll
Performing automatic level start.

Failed to retrieve achievement state for STEELSOUL

Game controller set to None.

Failed to retrieve achievement state for NEGLECT

Failed to retrieve achievement state for NAILSMITH_SPARE

Failed to retrieve achievement state for ENDING_A

Failed to retrieve achievement state for SPEEDRUN_1

Failed to retrieve achievement state for SPEEDRUN_2

Failed to retrieve achievement state for STEELSOUL

Failed to retrieve achievement state for STEELSOUL_COMPLETION

Failed to retrieve achievement state for HUNTER_1

Failed to retrieve achievement state for HUNTER_2

Failed to retrieve achievement state for MR_MUSHROOM

Failed to retrieve achievement state for WHITE_DEFENDER

Failed to retrieve achievement state for GREY_PRINCE

Failed to retrieve achievement state for PANTHEON3

Failed to retrieve achievement state for PANTHEON4

Failed to retrieve achievement state for ENDINGD

Failed to retrieve achievement state for COMPLETIONGG


Unloading 30 unused Assets to reduce memory usage. Loaded Objects now: 46277.
Total: 161.849700 ms (FindLiveObjects: 3.646700 ms CreateObjectMapping: 1.740000 ms MarkObjects: 156.192100 ms  DeleteObjects: 0.270000 ms)

GameObject contains a component type that is not recognized

Unloading 7 Unused Serialized files (Serialized files now loaded: 1)
UnloadTime: 4.466600 ms
Performing automatic level start.

Couldn't find a Hero, make sure one exists in the scene.

NullReferenceException: Object reference not set to an instance of an object
  at GameManager.SetupHeroRefs () [0x00016] in <2b54cdaf7a934f0eb297d50c4090ea9f>:0 
  at GameManager.orig_SetupSceneRefs (System.Boolean refreshTilemapInfo) [0x0006c] in <2b54cdaf7a934f0eb297d50c4090ea9f>:0 
  at GameManager.SetupSceneRefs (System.Boolean refreshTilemapInfo) [0x00000] in <2b54cdaf7a934f0eb297d50c4090ea9f>:0 
  at GameManager.LevelActivated (UnityEngine.SceneManagement.Scene sceneFrom, UnityEngine.SceneManagement.Scene sceneTo) [0x0003c] in <2b54cdaf7a934f0eb297d50c4090ea9f>:0 
  at (wrapper delegate-invoke) UnityEngine.Events.UnityAction`2[UnityEngine.SceneManagement.Scene,UnityEngine.SceneManagement.Scene].invoke_void_T0_T1(UnityEngine.SceneManagement.Scene,UnityEngine.SceneManagement.Scene)
  at UnityEngine.SceneManagement.SceneManager.Internal_ActiveSceneChanged (UnityEngine.SceneManagement.Scene previousActiveScene, UnityEngine.SceneManagement.Scene newActiveScene) [0x0000e] in <047294ce45cf4b9a9441e48d2b8435e4>:0 

Couldn't find a Hero, make sure one exists in the scene.


Unloading 159 unused Assets to reduce memory usage. Loaded Objects now: 45543.
Total: 175.327200 ms (FindLiveObjects: 2.997700 ms CreateObjectMapping: 1.818600 ms MarkObjects: 168.657300 ms  DeleteObjects: 1.853200 ms)

Couldn't find a Hero, make sure one exists in the scene.

Unloading 5 Unused Serialized files (Serialized files now loaded: 1)
UnloadTime: 0.334100 ms
DontDestroyOnLoad only works for root GameObjects or components on root GameObjects.

Performing automatic level start.

Failed to retrieve achievement state for STEELSOUL

Game controller set to None.

Failed to retrieve achievement state for NEGLECT

Failed to retrieve achievement state for NAILSMITH_SPARE

Failed to retrieve achievement state for ENDING_A

Failed to retrieve achievement state for SPEEDRUN_1

Failed to retrieve achievement state for SPEEDRUN_2

Failed to retrieve achievement state for STEELSOUL

Failed to retrieve achievement state for STEELSOUL_COMPLETION

Failed to retrieve achievement state for HUNTER_1

Failed to retrieve achievement state for HUNTER_2

Failed to retrieve achievement state for MR_MUSHROOM

Failed to retrieve achievement state for WHITE_DEFENDER

Failed to retrieve achievement state for GREY_PRINCE

Failed to retrieve achievement state for PANTHEON3

Failed to retrieve achievement state for PANTHEON4

Failed to retrieve achievement state for ENDINGD

Failed to retrieve achievement state for COMPLETIONGG

DontDestroyOnLoad only works for root GameObjects or components on root GameObjects.

DontDestroyOnLoad only works for root GameObjects or components on root GameObjects.

DontDestroyOnLoad only works for root GameObjects or components on root GameObjects.

DontDestroyOnLoad only works for root GameObjects or components on root GameObjects.

DontDestroyOnLoad only works for root GameObjects or components on root GameObjects.

DontDestroyOnLoad only works for root GameObjects or components on root GameObjects.

DontDestroyOnLoad only works for root GameObjects or components on root GameObjects.

DontDestroyOnLoad only works for root GameObjects or components on root GameObjects.

DontDestroyOnLoad only works for root GameObjects or components on root GameObjects.

DontDestroyOnLoad only works for root GameObjects or components on root GameObjects.

DontDestroyOnLoad only works for root GameObjects or components on root GameObjects.

DontDestroyOnLoad only works for root GameObjects or components on root GameObjects.

DontDestroyOnLoad only works for root GameObjects or components on root GameObjects.

DontDestroyOnLoad only works for root GameObjects or components on root GameObjects.

Parent of RectTransform is being set with parent property. Consider using the SetParent method instead, with the worldPositionStays argument set to false. This will retain local orientation and scale rather than world orientation and scale, which can prevent common UI scaling issues.

Parent of RectTransform is being set with parent property. Consider using the SetParent method instead, with the worldPositionStays argument set to false. This will retain local orientation and scale rather than world orientation and scale, which can prevent common UI scaling issues.

Parent of RectTransform is being set with parent property. Consider using the SetParent method instead, with the worldPositionStays argument set to false. This will retain local orientation and scale rather than world orientation and scale, which can prevent common UI scaling issues.

Parent of RectTransform is being set with parent property. Consider using the SetParent method instead, with the worldPositionStays argument set to false. This will retain local orientation and scale rather than world orientation and scale, which can prevent common UI scaling issues.

Coroutine couldn't be started because the the game object 'OptionsMenuScreen' is inactive!


Unloading 7 unused Assets to reduce memory usage. Loaded Objects now: 48039.
Total: 211.435800 ms (FindLiveObjects: 3.438400 ms CreateObjectMapping: 2.147800 ms MarkObjects: 205.611500 ms  DeleteObjects: 0.237500 ms)

Couldn't find a Hero, make sure one exists in the scene.

Couldn't find a Hero, make sure one exists in the scene.

Couldn't find a Hero, make sure one exists in the scene.

Couldn't find a Hero, make sure one exists in the scene.

Couldn't find a Hero, make sure one exists in the scene.

Couldn't find a Hero, make sure one exists in the scene.

Couldn't find a Hero, make sure one exists in the scene.

Couldn't find a Hero, make sure one exists in the scene.

Couldn't find a Hero, make sure one exists in the scene.

Couldn't find a Hero, make sure one exists in the scene.

Couldn't find a Hero, make sure one exists in the scene.

Couldn't find a Hero, make sure one exists in the scene.

Couldn't find a Hero, make sure one exists in the scene.

Couldn't find a Hero, make sure one exists in the scene.

Couldn't find a Hero, make sure one exists in the scene.

Couldn't find a Hero, make sure one exists in the scene.

Couldn't find a Hero, make sure one exists in the scene.

Couldn't find a Hero, make sure one exists in the scene.

Couldn't find a Hero, make sure one exists in the scene.

Couldn't find a Hero, make sure one exists in the scene.

Couldn't find a Hero, make sure one exists in the scene.

Couldn't find a Hero, make sure one exists in the scene.

Couldn't find a Hero, make sure one exists in the scene.

Couldn't find a Hero, make sure one exists in the scene.

Couldn't find a Hero, make sure one exists in the scene.

Couldn't find a Hero, make sure one exists in the scene.

Couldn't find a Hero, make sure one exists in the scene.

Couldn't find a Hero, make sure one exists in the scene.

Couldn't find a Hero, make sure one exists in the scene.

Couldn't find a Hero, make sure one exists in the scene.

Couldn't find a Hero, make sure one exists in the scene.

Couldn't find a Hero, make sure one exists in the scene.

Couldn't find a Hero, make sure one exists in the scene.

Couldn't find a Hero, make sure one exists in the scene.

Couldn't find a Hero, make sure one exists in the scene.

Couldn't find a Hero, make sure one exists in the scene.

Couldn't find a Hero, make sure one exists in the scene.

Couldn't find a Hero, make sure one exists in the scene.

Couldn't find a Hero, make sure one exists in the scene.

Couldn't find a Hero, make sure one exists in the scene.

Couldn't find a Hero, make sure one exists in the scene.

Couldn't find a Hero, make sure one exists in the scene.

Couldn't find a Hero, make sure one exists in the scene.

Couldn't find a Hero, make sure one exists in the scene.

Couldn't find a Hero, make sure one exists in the scene.

Couldn't find a Hero, make sure one exists in the scene.

Couldn't find a Hero, make sure one exists in the scene.

Couldn't find a Hero, make sure one exists in the scene.

Couldn't find a Hero, make sure one exists in the scene.

Couldn't find a Hero, make sure one exists in the scene.

Couldn't find a Hero, make sure one exists in the scene.

Couldn't find a Hero, make sure one exists in the scene.

Couldn't find a Hero, make sure one exists in the scene.

Couldn't find a Hero, make sure one exists in the scene.

Couldn't find a Hero, make sure one exists in the scene.

Couldn't find a Hero, make sure one exists in the scene.

Couldn't find a Hero, make sure one exists in the scene.

Couldn't find a Hero, make sure one exists in the scene.

Couldn't find a Hero, make sure one exists in the scene.

Couldn't find a Hero, make sure one exists in the scene.

Couldn't find a Hero, make sure one exists in the scene.

Couldn't find a Hero, make sure one exists in the scene.

Couldn't find a Hero, make sure one exists in the scene.

Couldn't find a Hero, make sure one exists in the scene.

Couldn't find a Hero, make sure one exists in the scene.

Couldn't find a Hero, make sure one exists in the scene.

Couldn't find a Hero, make sure one exists in the scene.

Couldn't find a Hero, make sure one exists in the scene.

Couldn't find a Hero, make sure one exists in the scene.

Couldn't find a Hero, make sure one exists in the scene.

Couldn't find a Hero, make sure one exists in the scene.

Couldn't find a Hero, make sure one exists in the scene.

Couldn't find a Hero, make sure one exists in the scene.

Couldn't find a Hero, make sure one exists in the scene.

Couldn't find a Hero, make sure one exists in the scene.

Couldn't find a Hero, make sure one exists in the scene.

Couldn't find a Hero, make sure one exists in the scene.

Couldn't find a Hero, make sure one exists in the scene.

Couldn't find a Hero, make sure one exists in the scene.

Couldn't find a Hero, make sure one exists in the scene.

Couldn't find a Hero, make sure one exists in the scene.

Couldn't find a Hero, make sure one exists in the scene.

Couldn't find a Hero, make sure one exists in the scene.

Couldn't find a Hero, make sure one exists in the scene.

Couldn't find a Hero, make sure one exists in the scene.

Couldn't find a Hero, make sure one exists in the scene.

Couldn't find a Hero, make sure one exists in the scene.

Couldn't find a Hero, make sure one exists in the scene.

Couldn't find a Hero, make sure one exists in the scene.

Couldn't find a Hero, make sure one exists in the scene.

Couldn't find a Hero, make sure one exists in the scene.

Couldn't find a Hero, make sure one exists in the scene.

Couldn't find a Hero, make sure one exists in the scene.

Couldn't find a Hero, make sure one exists in the scene.

Couldn't find a Hero, make sure one exists in the scene.

Couldn't find a Hero, make sure one exists in the scene.

Couldn't find a Hero, make sure one exists in the scene.

Couldn't find a Hero, make sure one exists in the scene.

Couldn't find a Hero, make sure one exists in the scene.

Couldn't find a Hero, make sure one exists in the scene.

Couldn't find a Hero, make sure one exists in the scene.

Couldn't find a Hero, make sure one exists in the scene.

Couldn't find a Hero, make sure one exists in the scene.

Couldn't find a Hero, make sure one exists in the scene.

Making UI menu lean.

AddEventHandlerComponent: PlayMakerFixedUpdate

AddEventHandlerComponent: PlayMakerFixedUpdate

AddEventHandlerComponent: PlayMakerFixedUpdate

AddEventHandlerComponent: PlayMakerFixedUpdate

AddEventHandlerComponent: PlayMakerFixedUpdate

AddEventHandlerComponent: PlayMakerFixedUpdate

AddEventHandlerComponent: PlayMakerFixedUpdate

AddEventHandlerComponent: PlayMakerFixedUpdate

AddEventHandlerComponent: PlayMakerFixedUpdate

AddEventHandlerComponent: PlayMakerFixedUpdate

AddEventHandlerComponent: PlayMakerFixedUpdate

AddEventHandlerComponent: PlayMakerFixedUpdate

AddEventHandlerComponent: PlayMakerFixedUpdate

AddEventHandlerComponent: PlayMakerFixedUpdate

AddEventHandlerComponent: PlayMakerFixedUpdate

AddEventHandlerComponent: PlayMakerFixedUpdate

AddEventHandlerComponent: PlayMakerFixedUpdate

AddEventHandlerComponent: PlayMakerFixedUpdate

AddEventHandlerComponent: PlayMakerFixedUpdate

AddEventHandlerComponent: PlayMakerFixedUpdate

Deferring level start (marked as manual).

Unloading 25 Unused Serialized files (Serialized files now loaded: 1)

Unloading 87 unused Assets to reduce memory usage. Loaded Objects now: 58123.
Total: 288.034100 ms (FindLiveObjects: 4.150400 ms CreateObjectMapping: 4.419500 ms MarkObjects: 277.829000 ms  DeleteObjects: 1.634300 ms)

Achievement <b>MAP</b> can not be awarded in map zone <b>GODS_GLORY</b>

Achievement <b>STAG_STATION_HALF</b> can not be awarded in map zone <b>GODS_GLORY</b>

Achievement <b>GRUBFRIEND</b> can not be awarded in map zone <b>GODS_GLORY</b>

Achievement <b>METAMORPHOSIS</b> can not be awarded in map zone <b>GODS_GLORY</b>

Achievement <b>CHARMED</b> can not be awarded in map zone <b>GODS_GLORY</b>

Achievement <b>ENCHANTED</b> can not be awarded in map zone <b>GODS_GLORY</b>

Achievement <b>BLESSED</b> can not be awarded in map zone <b>GODS_GLORY</b>

Achievement <b>SOULFUL</b> can not be awarded in map zone <b>GODS_GLORY</b>

Achievement <b>WORLDSOUL</b> can not be awarded in map zone <b>GODS_GLORY</b>

Achievement <b>PROTECTED</b> can not be awarded in map zone <b>GODS_GLORY</b>

Achievement <b>MASKED</b> can not be awarded in map zone <b>GODS_GLORY</b>

Achievement <b>ATTUNEMENT</b> can not be awarded in map zone <b>GODS_GLORY</b>

Achievement <b>AWAKENING</b> can not be awarded in map zone <b>GODS_GLORY</b>

Achievement <b>HORNET_1</b> can not be awarded in map zone <b>GODS_GLORY</b>

Achievement <b>HORNET_2</b> can not be awarded in map zone <b>GODS_GLORY</b>

Achievement <b>SOUL_MASTER_DEFEAT</b> can not be awarded in map zone <b>GODS_GLORY</b>

Achievement <b>DREAM_SOUL_MASTER_DEFEAT</b> can not be awarded in map zone <b>GODS_GLORY</b>

Achievement <b>BROKEN_VESSEL</b> can not be awarded in map zone <b>GODS_GLORY</b>

Achievement <b>DREAM_BROKEN_VESSEL</b> can not be awarded in map zone <b>GODS_GLORY</b>

Achievement <b>DUNG_DEFENDER</b> can not be awarded in map zone <b>GODS_GLORY</b>

Achievement <b>DREAM_FK</b> can not be awarded in map zone <b>GODS_GLORY</b>

Achievement <b>MANTIS_LORDS</b> can not be awarded in map zone <b>GODS_GLORY</b>

Achievement <b>COLLECTOR</b> can not be awarded in map zone <b>GODS_GLORY</b>

Achievement <b>TRAITOR_LORD</b> can not be awarded in map zone <b>GODS_GLORY</b>

Achievement <b>BEAST</b> can not be awarded in map zone <b>GODS_GLORY</b>

Achievement <b>WATCHER</b> can not be awarded in map zone <b>GODS_GLORY</b>

Achievement <b>TEACHER</b> can not be awarded in map zone <b>GODS_GLORY</b>

Achievement <b>COLOSSEUM_1</b> can not be awarded in map zone <b>GODS_GLORY</b>

Achievement <b>COLOSSEUM_2</b> can not be awarded in map zone <b>GODS_GLORY</b>

Achievement <b>COLOSSEUM_3</b> can not be awarded in map zone <b>GODS_GLORY</b>

Achievement <b>GRIMM</b> can not be awarded in map zone <b>GODS_GLORY</b>

Achievement <b>BANISHMENT</b> can not be awarded in map zone <b>GODS_GLORY</b>

ESoulLink

Object Pool attached to GlobalPool has run out of Run Effects prefabs, Instantiating an additional one.

ESoulLink

MultiplayerEvents

Object Pool attached to GlobalPool has run out of Shadow Ring prefabs, Instantiating an additional one.

Deferring level start (marked as manual).

Using fallback 1 to find tilemap. Scene GG_Boss_Door_Entrance requires manual fixing.

Using fallback 2 to find tilemap. Scene GG_Boss_Door_Entrance requires manual fixing.

Failed to find tilemap in GG_Boss_Door_Entrance entirely.

AddEventHandlerComponent: PlayMakerFixedUpdate

AddEventHandlerComponent: PlayMakerFixedUpdate

AddEventHandlerComponent: PlayMakerFixedUpdate

AddEventHandlerComponent: PlayMakerFixedUpdate

AddEventHandlerComponent: PlayMakerFixedUpdate

AddEventHandlerComponent: PlayMakerFixedUpdate

AddEventHandlerComponent: PlayMakerFixedUpdate

AddEventHandlerComponent: PlayMakerFixedUpdate

Deferring level start (marked as manual).

AddEventHandlerComponent: PlayMakerFixedUpdate

PlayOneShot was called with a null AudioClip.

Object Pool attached to GlobalPool has run out of Strike Nail R prefabs, Instantiating an additional one.

Object Pool attached to GlobalPool has run out of Slash Impact R prefabs, Instantiating an additional one.

Can't remove MeshFilter because tk2dSprite (Script) depends on it

Can't remove MeshRenderer because tk2dSprite (Script) depends on it

Can't destroy Transform component of 'Clash Tink'. If you want to destroy the game object, please call 'Destroy' on the game object instead. Destroying the transform component is not allowed.

Can't remove MeshFilter because tk2dSprite (Script) depends on it

Can't remove MeshRenderer because tk2dSprite (Script) depends on it

Can't destroy Transform component of 'Clash Tink'. If you want to destroy the game object, please call 'Destroy' on the game object instead. Destroying the transform component is not allowed.

Can't remove MeshFilter because tk2dSprite (Script) depends on it

Can't remove MeshRenderer because tk2dSprite (Script) depends on it

Can't destroy Transform component of 'Clash Tink'. If you want to destroy the game object, please call 'Destroy' on the game object instead. Destroying the transform component is not allowed.

Can't remove MeshFilter because tk2dSprite (Script) depends on it

Can't remove MeshRenderer because tk2dSprite (Script) depends on it

Can't destroy Transform component of 'Clash Tink'. If you want to destroy the game object, please call 'Destroy' on the game object instead. Destroying the transform component is not allowed.

Can't remove MeshFilter because tk2dSprite (Script) depends on it

Can't remove MeshRenderer because tk2dSprite (Script) depends on it

Can't destroy Transform component of 'Clash Tink'. If you want to destroy the game object, please call 'Destroy' on the game object instead. Destroying the transform component is not allowed.

Can't remove MeshFilter because tk2dSprite (Script) depends on it

Can't remove MeshRenderer because tk2dSprite (Script) depends on it

Can't destroy Transform component of 'Clash Tink'. If you want to destroy the game object, please call 'Destroy' on the game object instead. Destroying the transform component is not allowed.

Can't remove MeshFilter because tk2dSprite (Script) depends on it

Can't remove MeshRenderer because tk2dSprite (Script) depends on it

Can't destroy Transform component of 'Clash Tink'. If you want to destroy the game object, please call 'Destroy' on the game object instead. Destroying the transform component is not allowed.

Object Pool attached to GlobalPool has run out of Slash Impact R prefabs, Instantiating an additional one.

Object Pool attached to GlobalPool has run out of Strike Nail R prefabs, Instantiating an additional one.

Can't remove MeshFilter because tk2dSprite (Script) depends on it

Can't remove MeshRenderer because tk2dSprite (Script) depends on it

Can't destroy Transform component of 'Clash Tink'. If you want to destroy the game object, please call 'Destroy' on the game object instead. Destroying the transform component is not allowed.

Can't remove MeshFilter because tk2dSprite (Script) depends on it

Can't remove MeshRenderer because tk2dSprite (Script) depends on it

Can't destroy Transform component of 'Clash Tink'. If you want to destroy the game object, please call 'Destroy' on the game object instead. Destroying the transform component is not allowed.

Can't remove MeshFilter because tk2dSprite (Script) depends on it

Can't remove MeshRenderer because tk2dSprite (Script) depends on it

Can't destroy Transform component of 'Clash Tink'. If you want to destroy the game object, please call 'Destroy' on the game object instead. Destroying the transform component is not allowed.

Object Pool attached to GlobalPool has run out of Run Effects prefabs, Instantiating an additional one.

Object Pool attached to GlobalPool has run out of Run Effects prefabs, Instantiating an additional one.

Can't remove MeshFilter because tk2dSprite (Script) depends on it

Can't remove MeshRenderer because tk2dSprite (Script) depends on it

Can't destroy Transform component of 'Clash Tink'. If you want to destroy the game object, please call 'Destroy' on the game object instead. Destroying the transform component is not allowed.

Can't remove MeshFilter because tk2dSprite (Script) depends on it

Can't remove MeshRenderer because tk2dSprite (Script) depends on it

Can't destroy Transform component of 'Clash Tink'. If you want to destroy the game object, please call 'Destroy' on the game object instead. Destroying the transform component is not allowed.

Can't remove MeshFilter because tk2dSprite (Script) depends on it

Can't remove MeshRenderer because tk2dSprite (Script) depends on it

Can't destroy Transform component of 'Clash Tink'. If you want to destroy the game object, please call 'Destroy' on the game object instead. Destroying the transform component is not allowed.

Can't remove MeshFilter because tk2dSprite (Script) depends on it

Can't remove MeshRenderer because tk2dSprite (Script) depends on it

Can't destroy Transform component of 'Clash Tink'. If you want to destroy the game object, please call 'Destroy' on the game object instead. Destroying the transform component is not allowed.

Can't remove MeshFilter because tk2dSprite (Script) depends on it

Can't remove MeshRenderer because tk2dSprite (Script) depends on it

Can't destroy Transform component of 'Clash Tink'. If you want to destroy the game object, please call 'Destroy' on the game object instead. Destroying the transform component is not allowed.

Can't remove MeshFilter because tk2dSprite (Script) depends on it

Can't remove MeshRenderer because tk2dSprite (Script) depends on it

Can't destroy Transform component of 'Clash Tink'. If you want to destroy the game object, please call 'Destroy' on the game object instead. Destroying the transform component is not allowed.

Can't remove MeshFilter because tk2dSprite (Script) depends on it

Can't remove MeshRenderer because tk2dSprite (Script) depends on it

Can't destroy Transform component of 'Clash Tink'. If you want to destroy the game object, please call 'Destroy' on the game object instead. Destroying the transform component is not allowed.

Can't remove MeshFilter because tk2dSprite (Script) depends on it

Can't remove MeshRenderer because tk2dSprite (Script) depends on it

Can't destroy Transform component of 'Clash Tink'. If you want to destroy the game object, please call 'Destroy' on the game object instead. Destroying the transform component is not allowed.

Can't remove MeshFilter because tk2dSprite (Script) depends on it

Can't remove MeshRenderer because tk2dSprite (Script) depends on it

Can't destroy Transform component of 'Clash Tink'. If you want to destroy the game object, please call 'Destroy' on the game object instead. Destroying the transform component is not allowed.

Can't remove MeshFilter because tk2dSprite (Script) depends on it

Can't remove MeshRenderer because tk2dSprite (Script) depends on it

Can't destroy Transform component of 'Clash Tink'. If you want to destroy the game object, please call 'Destroy' on the game object instead. Destroying the transform component is not allowed.

Can't remove MeshFilter because tk2dSprite (Script) depends on it

Can't remove MeshRenderer because tk2dSprite (Script) depends on it

Can't destroy Transform component of 'Clash Tink'. If you want to destroy the game object, please call 'Destroy' on the game object instead. Destroying the transform component is not allowed.

Can't remove MeshFilter because tk2dSprite (Script) depends on it

Can't remove MeshRenderer because tk2dSprite (Script) depends on it

Can't destroy Transform component of 'Clash Tink'. If you want to destroy the game object, please call 'Destroy' on the game object instead. Destroying the transform component is not allowed.

AddEventHandlerComponent: PlayMakerFixedUpdate

AddEventHandlerComponent: PlayMakerFixedUpdate

Can't remove MeshFilter because tk2dSprite (Script) depends on it

Can't remove MeshRenderer because tk2dSprite (Script) depends on it

Can't destroy Transform component of 'Clash Tink'. If you want to destroy the game object, please call 'Destroy' on the game object instead. Destroying the transform component is not allowed.

Can't remove MeshFilter because tk2dSprite (Script) depends on it

Can't remove MeshRenderer because tk2dSprite (Script) depends on it

Can't destroy Transform component of 'Clash Tink'. If you want to destroy the game object, please call 'Destroy' on the game object instead. Destroying the transform component is not allowed.

Can't remove MeshFilter because tk2dSprite (Script) depends on it

Can't remove MeshRenderer because tk2dSprite (Script) depends on it

Can't destroy Transform component of 'Clash Tink'. If you want to destroy the game object, please call 'Destroy' on the game object instead. Destroying the transform component is not allowed.

Can't remove MeshFilter because tk2dSprite (Script) depends on it

Can't remove MeshRenderer because tk2dSprite (Script) depends on it

Can't destroy Transform component of 'Clash Tink'. If you want to destroy the game object, please call 'Destroy' on the game object instead. Destroying the transform component is not allowed.

Can't remove MeshFilter because tk2dSprite (Script) depends on it

Can't remove MeshRenderer because tk2dSprite (Script) depends on it

Can't destroy Transform component of 'Clash Tink'. If you want to destroy the game object, please call 'Destroy' on the game object instead. Destroying the transform component is not allowed.

Can't remove MeshFilter because tk2dSprite (Script) depends on it

Can't remove MeshRenderer because tk2dSprite (Script) depends on it

Can't destroy Transform component of 'Clash Tink'. If you want to destroy the game object, please call 'Destroy' on the game object instead. Destroying the transform component is not allowed.

Can't remove MeshFilter because tk2dSprite (Script) depends on it

Can't remove MeshRenderer because tk2dSprite (Script) depends on it

Can't destroy Transform component of 'Clash Tink'. If you want to destroy the game object, please call 'Destroy' on the game object instead. Destroying the transform component is not allowed.

Can't remove MeshFilter because tk2dSprite (Script) depends on it

Can't remove MeshRenderer because tk2dSprite (Script) depends on it

Can't destroy Transform component of 'Clash Tink'. If you want to destroy the game object, please call 'Destroy' on the game object instead. Destroying the transform component is not allowed.

Can't remove MeshFilter because tk2dSprite (Script) depends on it

Can't remove MeshRenderer because tk2dSprite (Script) depends on it

Can't destroy Transform component of 'Clash Tink'. If you want to destroy the game object, please call 'Destroy' on the game object instead. Destroying the transform component is not allowed.

Can't remove MeshFilter because tk2dSprite (Script) depends on it

Can't remove MeshRenderer because tk2dSprite (Script) depends on it

Can't destroy Transform component of 'Clash Tink'. If you want to destroy the game object, please call 'Destroy' on the game object instead. Destroying the transform component is not allowed.

Can't remove MeshFilter because tk2dSprite (Script) depends on it

Can't remove MeshRenderer because tk2dSprite (Script) depends on it

Can't destroy Transform component of 'Clash Tink'. If you want to destroy the game object, please call 'Destroy' on the game object instead. Destroying the transform component is not allowed.

Can't remove MeshFilter because tk2dSprite (Script) depends on it

Can't remove MeshRenderer because tk2dSprite (Script) depends on it

Can't destroy Transform component of 'Clash Tink'. If you want to destroy the game object, please call 'Destroy' on the game object instead. Destroying the transform component is not allowed.

Can't remove MeshFilter because tk2dSprite (Script) depends on it

Can't remove MeshRenderer because tk2dSprite (Script) depends on it

Can't destroy Transform component of 'Clash Tink'. If you want to destroy the game object, please call 'Destroy' on the game object instead. Destroying the transform component is not allowed.

Can't remove MeshFilter because tk2dSprite (Script) depends on it

Can't remove MeshRenderer because tk2dSprite (Script) depends on it

Can't destroy Transform component of 'Clash Tink'. If you want to destroy the game object, please call 'Destroy' on the game object instead. Destroying the transform component is not allowed.

Can't remove MeshFilter because tk2dSprite (Script) depends on it

Can't remove MeshRenderer because tk2dSprite (Script) depends on it

Can't destroy Transform component of 'Clash Tink'. If you want to destroy the game object, please call 'Destroy' on the game object instead. Destroying the transform component is not allowed.

Can't remove MeshFilter because tk2dSprite (Script) depends on it

Can't remove MeshRenderer because tk2dSprite (Script) depends on it

Can't destroy Transform component of 'Clash Tink'. If you want to destroy the game object, please call 'Destroy' on the game object instead. Destroying the transform component is not allowed.

Can't remove MeshFilter because tk2dSprite (Script) depends on it

Can't remove MeshRenderer because tk2dSprite (Script) depends on it

Can't destroy Transform component of 'Clash Tink'. If you want to destroy the game object, please call 'Destroy' on the game object instead. Destroying the transform component is not allowed.

Can't remove MeshFilter because tk2dSprite (Script) depends on it

Can't remove MeshRenderer because tk2dSprite (Script) depends on it

Can't destroy Transform component of 'Clash Tink'. If you want to destroy the game object, please call 'Destroy' on the game object instead. Destroying the transform component is not allowed.

Can't remove MeshFilter because tk2dSprite (Script) depends on it

Can't remove MeshRenderer because tk2dSprite (Script) depends on it

Can't destroy Transform component of 'Clash Tink'. If you want to destroy the game object, please call 'Destroy' on the game object instead. Destroying the transform component is not allowed.

Object Pool attached to GlobalPool has run out of particle_orange blood prefabs, Instantiating an additional one.

Object Pool attached to GlobalPool has run out of particle_orange blood prefabs, Instantiating an additional one.

Can't remove MeshFilter because tk2dSprite (Script) depends on it

Can't remove MeshRenderer because tk2dSprite (Script) depends on it

Can't destroy Transform component of 'Clash Tink'. If you want to destroy the game object, please call 'Destroy' on the game object instead. Destroying the transform component is not allowed.

Object Pool attached to GlobalPool has run out of particle_orange blood prefabs, Instantiating an additional one.

Object Pool attached to GlobalPool has run out of particle_orange blood prefabs, Instantiating an additional one.

Can't remove MeshFilter because tk2dSprite (Script) depends on it

Can't remove MeshRenderer because tk2dSprite (Script) depends on it

Can't destroy Transform component of 'Clash Tink'. If you want to destroy the game object, please call 'Destroy' on the game object instead. Destroying the transform component is not allowed.

Can't remove MeshFilter because tk2dSprite (Script) depends on it

Can't remove MeshRenderer because tk2dSprite (Script) depends on it

Can't destroy Transform component of 'Clash Tink'. If you want to destroy the game object, please call 'Destroy' on the game object instead. Destroying the transform component is not allowed.

Can't remove MeshFilter because tk2dSprite (Script) depends on it

Can't remove MeshRenderer because tk2dSprite (Script) depends on it

Can't destroy Transform component of 'Clash Tink'. If you want to destroy the game object, please call 'Destroy' on the game object instead. Destroying the transform component is not allowed.

Can't remove MeshFilter because tk2dSprite (Script) depends on it

Can't remove MeshRenderer because tk2dSprite (Script) depends on it

Can't destroy Transform component of 'Clash Tink'. If you want to destroy the game object, please call 'Destroy' on the game object instead. Destroying the transform component is not allowed.

Can't remove MeshFilter because tk2dSprite (Script) depends on it

Can't remove MeshRenderer because tk2dSprite (Script) depends on it

Can't destroy Transform component of 'Clash Tink'. If you want to destroy the game object, please call 'Destroy' on the game object instead. Destroying the transform component is not allowed.

Can't remove MeshFilter because tk2dSprite (Script) depends on it

Can't remove MeshRenderer because tk2dSprite (Script) depends on it

Can't destroy Transform component of 'Clash Tink'. If you want to destroy the game object, please call 'Destroy' on the game object instead. Destroying the transform component is not allowed.

Can't remove MeshFilter because tk2dSprite (Script) depends on it

Can't remove MeshRenderer because tk2dSprite (Script) depends on it

Can't destroy Transform component of 'Clash Tink'. If you want to destroy the game object, please call 'Destroy' on the game object instead. Destroying the transform component is not allowed.

Can't remove MeshFilter because tk2dSprite (Script) depends on it

Can't remove MeshRenderer because tk2dSprite (Script) depends on it

Can't destroy Transform component of 'Clash Tink'. If you want to destroy the game object, please call 'Destroy' on the game object instead. Destroying the transform component is not allowed.

Can't remove MeshFilter because tk2dSprite (Script) depends on it

Can't remove MeshRenderer because tk2dSprite (Script) depends on it

Can't destroy Transform component of 'Clash Tink'. If you want to destroy the game object, please call 'Destroy' on the game object instead. Destroying the transform component is not allowed.

Can't remove MeshFilter because tk2dSprite (Script) depends on it

Can't remove MeshRenderer because tk2dSprite (Script) depends on it

Can't destroy Transform component of 'Clash Tink'. If you want to destroy the game object, please call 'Destroy' on the game object instead. Destroying the transform component is not allowed.

Can't remove MeshFilter because tk2dSprite (Script) depends on it

Can't remove MeshRenderer because tk2dSprite (Script) depends on it

Can't destroy Transform component of 'Clash Tink'. If you want to destroy the game object, please call 'Destroy' on the game object instead. Destroying the transform component is not allowed.

Can't remove MeshFilter because tk2dSprite (Script) depends on it

Can't remove MeshRenderer because tk2dSprite (Script) depends on it

Can't destroy Transform component of 'Clash Tink'. If you want to destroy the game object, please call 'Destroy' on the game object instead. Destroying the transform component is not allowed.

Can't remove MeshFilter because tk2dSprite (Script) depends on it

Can't remove MeshRenderer because tk2dSprite (Script) depends on it

Can't destroy Transform component of 'Clash Tink'. If you want to destroy the game object, please call 'Destroy' on the game object instead. Destroying the transform component is not allowed.

PlayOneShot was called with a null AudioClip.

Boss scene ended

Continuing boss sequence...

Deferring level start (marked as manual).

AddEventHandlerComponent: PlayMakerFixedUpdate

AddEventHandlerComponent: PlayMakerFixedUpdate

AddEventHandlerComponent: PlayMakerFixedUpdate

AddEventHandlerComponent: PlayMakerFixedUpdate

AddEventHandlerComponent: PlayMakerFixedUpdate

AddEventHandlerComponent: PlayMakerFixedUpdate

AddEventHandlerComponent: PlayMakerFixedUpdate

AddEventHandlerComponent: PlayMakerFixedUpdate

AddEventHandlerComponent: PlayMakerFixedUpdate

AddEventHandlerComponent: PlayMakerFixedUpdate

AddEventHandlerComponent: PlayMakerFixedUpdate

AddEventHandlerComponent: PlayMakerFixedUpdate

Object Pool attached to GlobalPool has run out of Audio Player Actor 2D prefabs, Instantiating an additional one.

AddEventHandlerComponent: PlayMakerFixedUpdate

AddEventHandlerComponent: PlayMakerFixedUpdate

Object Pool attached to GlobalPool has run out of Audio Player Actor 2D prefabs, Instantiating an additional one.

AddEventHandlerComponent: PlayMakerFixedUpdate

Object Pool attached to GlobalPool has run out of Audio Player Actor 2D prefabs, Instantiating an additional one.

AddEventHandlerComponent: PlayMakerFixedUpdate

Object Pool attached to GlobalPool has run out of Audio Player Actor 2D prefabs, Instantiating an additional one.

Object Pool attached to GlobalPool has run out of Audio Player Actor 2D prefabs, Instantiating an additional one.

AddEventHandlerComponent: PlayMakerFixedUpdate

AddEventHandlerComponent: PlayMakerFixedUpdate

Object Pool attached to GlobalPool has run out of Audio Player Actor 2D prefabs, Instantiating an additional one.

Object Pool attached to GlobalPool has run out of Audio Player Actor 2D prefabs, Instantiating an additional one.

AddEventHandlerComponent: PlayMakerFixedUpdate

Object Pool attached to GlobalPool has run out of Audio Player Actor 2D prefabs, Instantiating an additional one.

Object Pool attached to GlobalPool has run out of Audio Player Actor 2D prefabs, Instantiating an additional one.

AddEventHandlerComponent: PlayMakerFixedUpdate

Asset unload force by death in boss sequence.

AddEventHandlerComponent: PlayMakerFixedUpdate

AddEventHandlerComponent: PlayMakerFixedUpdate

AddEventHandlerComponent: PlayMakerFixedUpdate

AddEventHandlerComponent: PlayMakerFixedUpdate

AddEventHandlerComponent: PlayMakerFixedUpdate

AddEventHandlerComponent: PlayMakerFixedUpdate

AddEventHandlerComponent: PlayMakerFixedUpdate

AddEventHandlerComponent: PlayMakerFixedUpdate

AddEventHandlerComponent: PlayMakerFixedUpdate

AddEventHandlerComponent: PlayMakerFixedUpdate

AddEventHandlerComponent: PlayMakerFixedUpdate

Deferring level start (marked as manual).

Unloading 48 Unused Serialized files (Serialized files now loaded: 1)

Unloading 606 unused Assets to reduce memory usage. Loaded Objects now: 66603.
Total: 315.201100 ms (FindLiveObjects: 3.879200 ms CreateObjectMapping: 2.277900 ms MarkObjects: 305.964400 ms  DeleteObjects: 3.079000 ms)

Deferring level start (marked as manual).

Using fallback 1 to find tilemap. Scene GG_Boss_Door_Entrance requires manual fixing.

Using fallback 2 to find tilemap. Scene GG_Boss_Door_Entrance requires manual fixing.

Failed to find tilemap in GG_Boss_Door_Entrance entirely.

AddEventHandlerComponent: PlayMakerFixedUpdate

AddEventHandlerComponent: PlayMakerFixedUpdate

AddEventHandlerComponent: PlayMakerFixedUpdate

AddEventHandlerComponent: PlayMakerFixedUpdate

AddEventHandlerComponent: PlayMakerFixedUpdate

AddEventHandlerComponent: PlayMakerFixedUpdate

AddEventHandlerComponent: PlayMakerFixedUpdate

AddEventHandlerComponent: PlayMakerFixedUpdate

Deferring level start (marked as manual).

AddEventHandlerComponent: PlayMakerFixedUpdate

PlayOneShot was called with a null AudioClip.

Can't remove MeshFilter because tk2dSprite (Script) depends on it

Can't remove MeshRenderer because tk2dSprite (Script) depends on it

Can't destroy Transform component of 'Clash Tink'. If you want to destroy the game object, please call 'Destroy' on the game object instead. Destroying the transform component is not allowed.

Can't remove MeshFilter because tk2dSprite (Script) depends on it

Can't remove MeshRenderer because tk2dSprite (Script) depends on it

Can't destroy Transform component of 'Clash Tink'. If you want to destroy the game object, please call 'Destroy' on the game object instead. Destroying the transform component is not allowed.

Can't remove MeshFilter because tk2dSprite (Script) depends on it

Can't remove MeshRenderer because tk2dSprite (Script) depends on it

Can't destroy Transform component of 'Clash Tink'. If you want to destroy the game object, please call 'Destroy' on the game object instead. Destroying the transform component is not allowed.

Can't remove MeshFilter because tk2dSprite (Script) depends on it

Can't remove MeshRenderer because tk2dSprite (Script) depends on it

Can't destroy Transform component of 'Clash Tink'. If you want to destroy the game object, please call 'Destroy' on the game object instead. Destroying the transform component is not allowed.

Can't remove MeshFilter because tk2dSprite (Script) depends on it

Can't remove MeshRenderer because tk2dSprite (Script) depends on it

Can't destroy Transform component of 'Clash Tink'. If you want to destroy the game object, please call 'Destroy' on the game object instead. Destroying the transform component is not allowed.

Can't remove MeshFilter because tk2dSprite (Script) depends on it

Can't remove MeshRenderer because tk2dSprite (Script) depends on it

Can't destroy Transform component of 'Clash Tink'. If you want to destroy the game object, please call 'Destroy' on the game object instead. Destroying the transform component is not allowed.

Can't remove MeshFilter because tk2dSprite (Script) depends on it

Can't remove MeshRenderer because tk2dSprite (Script) depends on it

Can't destroy Transform component of 'Clash Tink'. If you want to destroy the game object, please call 'Destroy' on the game object instead. Destroying the transform component is not allowed.

Can't remove MeshFilter because tk2dSprite (Script) depends on it

Can't remove MeshRenderer because tk2dSprite (Script) depends on it

Can't destroy Transform component of 'Clash Tink'. If you want to destroy the game object, please call 'Destroy' on the game object instead. Destroying the transform component is not allowed.

Can't remove MeshFilter because tk2dSprite (Script) depends on it

Can't remove MeshRenderer because tk2dSprite (Script) depends on it

Can't destroy Transform component of 'Clash Tink'. If you want to destroy the game object, please call 'Destroy' on the game object instead. Destroying the transform component is not allowed.

Can't remove MeshFilter because tk2dSprite (Script) depends on it

Can't remove MeshRenderer because tk2dSprite (Script) depends on it

Can't destroy Transform component of 'Clash Tink'. If you want to destroy the game object, please call 'Destroy' on the game object instead. Destroying the transform component is not allowed.

Can't remove MeshFilter because tk2dSprite (Script) depends on it

Can't remove MeshRenderer because tk2dSprite (Script) depends on it

Can't destroy Transform component of 'Clash Tink'. If you want to destroy the game object, please call 'Destroy' on the game object instead. Destroying the transform component is not allowed.

Can't remove MeshFilter because tk2dSprite (Script) depends on it

Can't remove MeshRenderer because tk2dSprite (Script) depends on it

Can't destroy Transform component of 'Clash Tink'. If you want to destroy the game object, please call 'Destroy' on the game object instead. Destroying the transform component is not allowed.

Can't remove MeshFilter because tk2dSprite (Script) depends on it

Can't remove MeshRenderer because tk2dSprite (Script) depends on it

Can't destroy Transform component of 'Clash Tink'. If you want to destroy the game object, please call 'Destroy' on the game object instead. Destroying the transform component is not allowed.

Can't remove MeshFilter because tk2dSprite (Script) depends on it

Can't remove MeshRenderer because tk2dSprite (Script) depends on it

Can't destroy Transform component of 'Clash Tink'. If you want to destroy the game object, please call 'Destroy' on the game object instead. Destroying the transform component is not allowed.

Can't remove MeshFilter because tk2dSprite (Script) depends on it

Can't remove MeshRenderer because tk2dSprite (Script) depends on it

Can't destroy Transform component of 'Clash Tink'. If you want to destroy the game object, please call 'Destroy' on the game object instead. Destroying the transform component is not allowed.

Can't remove MeshFilter because tk2dSprite (Script) depends on it

Can't remove MeshRenderer because tk2dSprite (Script) depends on it

Can't destroy Transform component of 'Clash Tink'. If you want to destroy the game object, please call 'Destroy' on the game object instead. Destroying the transform component is not allowed.

Can't remove MeshFilter because tk2dSprite (Script) depends on it

Can't remove MeshRenderer because tk2dSprite (Script) depends on it

Can't destroy Transform component of 'Clash Tink'. If you want to destroy the game object, please call 'Destroy' on the game object instead. Destroying the transform component is not allowed.

Can't remove MeshFilter because tk2dSprite (Script) depends on it

Can't remove MeshRenderer because tk2dSprite (Script) depends on it

Can't destroy Transform component of 'Clash Tink'. If you want to destroy the game object, please call 'Destroy' on the game object instead. Destroying the transform component is not allowed.

Can't remove MeshFilter because tk2dSprite (Script) depends on it

Can't remove MeshRenderer because tk2dSprite (Script) depends on it

Can't destroy Transform component of 'Clash Tink'. If you want to destroy the game object, please call 'Destroy' on the game object instead. Destroying the transform component is not allowed.

Can't remove MeshFilter because tk2dSprite (Script) depends on it

Can't remove MeshRenderer because tk2dSprite (Script) depends on it

Can't destroy Transform component of 'Clash Tink'. If you want to destroy the game object, please call 'Destroy' on the game object instead. Destroying the transform component is not allowed.

Can't remove MeshFilter because tk2dSprite (Script) depends on it

Can't remove MeshRenderer because tk2dSprite (Script) depends on it

Can't destroy Transform component of 'Clash Tink'. If you want to destroy the game object, please call 'Destroy' on the game object instead. Destroying the transform component is not allowed.

Can't remove MeshFilter because tk2dSprite (Script) depends on it

Can't remove MeshRenderer because tk2dSprite (Script) depends on it

Can't destroy Transform component of 'Clash Tink'. If you want to destroy the game object, please call 'Destroy' on the game object instead. Destroying the transform component is not allowed.

Can't remove MeshFilter because tk2dSprite (Script) depends on it

Can't remove MeshRenderer because tk2dSprite (Script) depends on it

Can't destroy Transform component of 'Clash Tink'. If you want to destroy the game object, please call 'Destroy' on the game object instead. Destroying the transform component is not allowed.

Can't remove MeshFilter because tk2dSprite (Script) depends on it

Can't remove MeshRenderer because tk2dSprite (Script) depends on it

Can't destroy Transform component of 'Clash Tink'. If you want to destroy the game object, please call 'Destroy' on the game object instead. Destroying the transform component is not allowed.

Can't remove MeshFilter because tk2dSprite (Script) depends on it

Can't remove MeshRenderer because tk2dSprite (Script) depends on it

Can't destroy Transform component of 'Clash Tink'. If you want to destroy the game object, please call 'Destroy' on the game object instead. Destroying the transform component is not allowed.

Can't remove MeshFilter because tk2dSprite (Script) depends on it

Can't remove MeshRenderer because tk2dSprite (Script) depends on it

Can't destroy Transform component of 'Clash Tink'. If you want to destroy the game object, please call 'Destroy' on the game object instead. Destroying the transform component is not allowed.

Object Pool attached to GlobalPool has run out of particle_orange blood prefabs, Instantiating an additional one.

Object Pool attached to GlobalPool has run out of particle_orange blood prefabs, Instantiating an additional one.

Can't remove MeshFilter because tk2dSprite (Script) depends on it

Can't remove MeshRenderer because tk2dSprite (Script) depends on it

Can't destroy Transform component of 'Clash Tink'. If you want to destroy the game object, please call 'Destroy' on the game object instead. Destroying the transform component is not allowed.

Can't remove MeshFilter because tk2dSprite (Script) depends on it

Can't remove MeshRenderer because tk2dSprite (Script) depends on it

Can't destroy Transform component of 'Clash Tink'. If you want to destroy the game object, please call 'Destroy' on the game object instead. Destroying the transform component is not allowed.

Can't remove MeshFilter because tk2dSprite (Script) depends on it

Can't remove MeshRenderer because tk2dSprite (Script) depends on it

Can't destroy Transform component of 'Clash Tink'. If you want to destroy the game object, please call 'Destroy' on the game object instead. Destroying the transform component is not allowed.

Object Pool attached to GlobalPool has run out of Strike Nail R prefabs, Instantiating an additional one.

Can't remove MeshFilter because tk2dSprite (Script) depends on it

Can't remove MeshRenderer because tk2dSprite (Script) depends on it

Can't destroy Transform component of 'Clash Tink'. If you want to destroy the game object, please call 'Destroy' on the game object instead. Destroying the transform component is not allowed.

Can't remove MeshFilter because tk2dSprite (Script) depends on it

Can't remove MeshRenderer because tk2dSprite (Script) depends on it

Can't destroy Transform component of 'Clash Tink'. If you want to destroy the game object, please call 'Destroy' on the game object instead. Destroying the transform component is not allowed.

Can't remove MeshFilter because tk2dSprite (Script) depends on it

Can't remove MeshRenderer because tk2dSprite (Script) depends on it

Can't destroy Transform component of 'Clash Tink'. If you want to destroy the game object, please call 'Destroy' on the game object instead. Destroying the transform component is not allowed.

Can't remove MeshFilter because tk2dSprite (Script) depends on it

Can't remove MeshRenderer because tk2dSprite (Script) depends on it

Can't destroy Transform component of 'Clash Tink'. If you want to destroy the game object, please call 'Destroy' on the game object instead. Destroying the transform component is not allowed.

Can't remove MeshFilter because tk2dSprite (Script) depends on it

Can't remove MeshRenderer because tk2dSprite (Script) depends on it

Can't destroy Transform component of 'Clash Tink'. If you want to destroy the game object, please call 'Destroy' on the game object instead. Destroying the transform component is not allowed.

Object Pool attached to GlobalPool has run out of Run Effects prefabs, Instantiating an additional one.

AddEventHandlerComponent: PlayMakerFixedUpdate

AddEventHandlerComponent: PlayMakerFixedUpdate

Can't remove MeshFilter because tk2dSprite (Script) depends on it

Can't remove MeshRenderer because tk2dSprite (Script) depends on it

Can't destroy Transform component of 'Clash Tink'. If you want to destroy the game object, please call 'Destroy' on the game object instead. Destroying the transform component is not allowed.

Can't remove MeshFilter because tk2dSprite (Script) depends on it

Can't remove MeshRenderer because tk2dSprite (Script) depends on it

Can't destroy Transform component of 'Clash Tink'. If you want to destroy the game object, please call 'Destroy' on the game object instead. Destroying the transform component is not allowed.

Can't remove MeshFilter because tk2dSprite (Script) depends on it

Can't remove MeshRenderer because tk2dSprite (Script) depends on it

Can't destroy Transform component of 'Clash Tink'. If you want to destroy the game object, please call 'Destroy' on the game object instead. Destroying the transform component is not allowed.

Can't remove MeshFilter because tk2dSprite (Script) depends on it

Can't remove MeshRenderer because tk2dSprite (Script) depends on it

Can't destroy Transform component of 'Clash Tink'. If you want to destroy the game object, please call 'Destroy' on the game object instead. Destroying the transform component is not allowed.

Can't remove MeshFilter because tk2dSprite (Script) depends on it

Can't remove MeshRenderer because tk2dSprite (Script) depends on it

Can't destroy Transform component of 'Clash Tink'. If you want to destroy the game object, please call 'Destroy' on the game object instead. Destroying the transform component is not allowed.

Can't remove MeshFilter because tk2dSprite (Script) depends on it

Can't remove MeshRenderer because tk2dSprite (Script) depends on it

Can't destroy Transform component of 'Clash Tink'. If you want to destroy the game object, please call 'Destroy' on the game object instead. Destroying the transform component is not allowed.

PlayOneShot was called with a null AudioClip.

Boss scene ended

Continuing boss sequence...

Deferring level start (marked as manual).

AddEventHandlerComponent: PlayMakerFixedUpdate

AddEventHandlerComponent: PlayMakerFixedUpdate

Can't remove MeshFilter because tk2dSprite (Script) depends on it

Can't remove MeshRenderer because tk2dSprite (Script) depends on it

Can't destroy Transform component of 'Clash Tink'. If you want to destroy the game object, please call 'Destroy' on the game object instead. Destroying the transform component is not allowed.

AddEventHandlerComponent: PlayMakerFixedUpdate

AddEventHandlerComponent: PlayMakerFixedUpdate

AddEventHandlerComponent: PlayMakerFixedUpdate

AddEventHandlerComponent: PlayMakerFixedUpdate

AddEventHandlerComponent: PlayMakerFixedUpdate

AddEventHandlerComponent: PlayMakerFixedUpdate

AddEventHandlerComponent: PlayMakerFixedUpdate

AddEventHandlerComponent: PlayMakerFixedUpdate

AddEventHandlerComponent: PlayMakerFixedUpdate

AddEventHandlerComponent: PlayMakerFixedUpdate

AddEventHandlerComponent: PlayMakerFixedUpdate

AddEventHandlerComponent: PlayMakerFixedUpdate

AddEventHandlerComponent: PlayMakerFixedUpdate

AddEventHandlerComponent: PlayMakerFixedUpdate

AddEventHandlerComponent: PlayMakerFixedUpdate

AddEventHandlerComponent: PlayMakerFixedUpdate

Can't remove MeshFilter because tk2dSprite (Script) depends on it

Can't remove MeshRenderer because tk2dSprite (Script) depends on it

Can't destroy Transform component of 'Clash Tink'. If you want to destroy the game object, please call 'Destroy' on the game object instead. Destroying the transform component is not allowed.

Can't remove MeshFilter because tk2dSprite (Script) depends on it

Can't remove MeshRenderer because tk2dSprite (Script) depends on it

Can't destroy Transform component of 'Clash Tink'. If you want to destroy the game object, please call 'Destroy' on the game object instead. Destroying the transform component is not allowed.

Can't remove MeshFilter because tk2dSprite (Script) depends on it

Can't remove MeshRenderer because tk2dSprite (Script) depends on it

Can't destroy Transform component of 'Clash Tink'. If you want to destroy the game object, please call 'Destroy' on the game object instead. Destroying the transform component is not allowed.

Can't remove MeshFilter because tk2dSprite (Script) depends on it

Can't remove MeshRenderer because tk2dSprite (Script) depends on it

Can't destroy Transform component of 'Clash Tink'. If you want to destroy the game object, please call 'Destroy' on the game object instead. Destroying the transform component is not allowed.

Can't remove MeshFilter because tk2dSprite (Script) depends on it

Can't remove MeshRenderer because tk2dSprite (Script) depends on it

Can't destroy Transform component of 'Clash Tink'. If you want to destroy the game object, please call 'Destroy' on the game object instead. Destroying the transform component is not allowed.

Can't remove MeshFilter because tk2dSprite (Script) depends on it

Can't remove MeshRenderer because tk2dSprite (Script) depends on it

Can't destroy Transform component of 'Clash Tink'. If you want to destroy the game object, please call 'Destroy' on the game object instead. Destroying the transform component is not allowed.

Can't remove MeshFilter because tk2dSprite (Script) depends on it

Can't remove MeshRenderer because tk2dSprite (Script) depends on it

Can't destroy Transform component of 'Clash Tink'. If you want to destroy the game object, please call 'Destroy' on the game object instead. Destroying the transform component is not allowed.

Can't remove MeshFilter because tk2dSprite (Script) depends on it

Can't remove MeshRenderer because tk2dSprite (Script) depends on it

Can't destroy Transform component of 'Clash Tink'. If you want to destroy the game object, please call 'Destroy' on the game object instead. Destroying the transform component is not allowed.

Can't remove MeshFilter because tk2dSprite (Script) depends on it

Can't remove MeshRenderer because tk2dSprite (Script) depends on it

Can't destroy Transform component of 'Clash Tink'. If you want to destroy the game object, please call 'Destroy' on the game object instead. Destroying the transform component is not allowed.

Can't remove MeshFilter because tk2dSprite (Script) depends on it

Can't remove MeshRenderer because tk2dSprite (Script) depends on it

Can't destroy Transform component of 'Clash Tink'. If you want to destroy the game object, please call 'Destroy' on the game object instead. Destroying the transform component is not allowed.

AddEventHandlerComponent: PlayMakerFixedUpdate

Can't remove MeshFilter because tk2dSprite (Script) depends on it

Can't remove MeshRenderer because tk2dSprite (Script) depends on it

Can't destroy Transform component of 'Clash Tink'. If you want to destroy the game object, please call 'Destroy' on the game object instead. Destroying the transform component is not allowed.

Can't remove MeshFilter because tk2dSprite (Script) depends on it

Can't remove MeshRenderer because tk2dSprite (Script) depends on it

Can't destroy Transform component of 'Clash Tink'. If you want to destroy the game object, please call 'Destroy' on the game object instead. Destroying the transform component is not allowed.

Can't remove MeshFilter because tk2dSprite (Script) depends on it

Can't remove MeshRenderer because tk2dSprite (Script) depends on it

Can't destroy Transform component of 'Clash Tink'. If you want to destroy the game object, please call 'Destroy' on the game object instead. Destroying the transform component is not allowed.

Can't remove MeshFilter because tk2dSprite (Script) depends on it

Can't remove MeshRenderer because tk2dSprite (Script) depends on it

Can't destroy Transform component of 'Clash Tink'. If you want to destroy the game object, please call 'Destroy' on the game object instead. Destroying the transform component is not allowed.

Can't remove MeshFilter because tk2dSprite (Script) depends on it

Can't remove MeshRenderer because tk2dSprite (Script) depends on it

Can't destroy Transform component of 'Clash Tink'. If you want to destroy the game object, please call 'Destroy' on the game object instead. Destroying the transform component is not allowed.

Can't remove MeshFilter because tk2dSprite (Script) depends on it

Can't remove MeshRenderer because tk2dSprite (Script) depends on it

Can't destroy Transform component of 'Clash Tink'. If you want to destroy the game object, please call 'Destroy' on the game object instead. Destroying the transform component is not allowed.

Can't remove MeshFilter because tk2dSprite (Script) depends on it

Can't remove MeshRenderer because tk2dSprite (Script) depends on it

Can't destroy Transform component of 'Clash Tink'. If you want to destroy the game object, please call 'Destroy' on the game object instead. Destroying the transform component is not allowed.

Can't remove MeshFilter because tk2dSprite (Script) depends on it

Can't remove MeshRenderer because tk2dSprite (Script) depends on it

Can't destroy Transform component of 'Clash Tink'. If you want to destroy the game object, please call 'Destroy' on the game object instead. Destroying the transform component is not allowed.

Can't remove MeshFilter because tk2dSprite (Script) depends on it

Can't remove MeshRenderer because tk2dSprite (Script) depends on it

Can't destroy Transform component of 'Clash Tink'. If you want to destroy the game object, please call 'Destroy' on the game object instead. Destroying the transform component is not allowed.

Can't remove MeshFilter because tk2dSprite (Script) depends on it

Can't remove MeshRenderer because tk2dSprite (Script) depends on it

Can't destroy Transform component of 'Clash Tink'. If you want to destroy the game object, please call 'Destroy' on the game object instead. Destroying the transform component is not allowed.

Can't remove MeshFilter because tk2dSprite (Script) depends on it

Can't remove MeshRenderer because tk2dSprite (Script) depends on it

Can't destroy Transform component of 'Clash Tink'. If you want to destroy the game object, please call 'Destroy' on the game object instead. Destroying the transform component is not allowed.

Can't remove MeshFilter because tk2dSprite (Script) depends on it

Can't remove MeshRenderer because tk2dSprite (Script) depends on it

Can't destroy Transform component of 'Clash Tink'. If you want to destroy the game object, please call 'Destroy' on the game object instead. Destroying the transform component is not allowed.

Can't remove MeshFilter because tk2dSprite (Script) depends on it

Can't remove MeshRenderer because tk2dSprite (Script) depends on it

Can't destroy Transform component of 'Clash Tink'. If you want to destroy the game object, please call 'Destroy' on the game object instead. Destroying the transform component is not allowed.

Can't remove MeshFilter because tk2dSprite (Script) depends on it

Can't remove MeshRenderer because tk2dSprite (Script) depends on it

Can't destroy Transform component of 'Clash Tink'. If you want to destroy the game object, please call 'Destroy' on the game object instead. Destroying the transform component is not allowed.

Can't remove MeshFilter because tk2dSprite (Script) depends on it

Can't remove MeshRenderer because tk2dSprite (Script) depends on it

Can't destroy Transform component of 'Clash Tink'. If you want to destroy the game object, please call 'Destroy' on the game object instead. Destroying the transform component is not allowed.

Can't remove MeshFilter because tk2dSprite (Script) depends on it

Can't remove MeshRenderer because tk2dSprite (Script) depends on it

Can't destroy Transform component of 'Clash Tink'. If you want to destroy the game object, please call 'Destroy' on the game object instead. Destroying the transform component is not allowed.

Can't remove MeshFilter because tk2dSprite (Script) depends on it

Can't remove MeshRenderer because tk2dSprite (Script) depends on it

Can't destroy Transform component of 'Clash Tink'. If you want to destroy the game object, please call 'Destroy' on the game object instead. Destroying the transform component is not allowed.

Can't remove MeshFilter because tk2dSprite (Script) depends on it

Can't remove MeshRenderer because tk2dSprite (Script) depends on it

Can't destroy Transform component of 'Clash Tink'. If you want to destroy the game object, please call 'Destroy' on the game object instead. Destroying the transform component is not allowed.

Can't remove MeshFilter because tk2dSprite (Script) depends on it

Can't remove MeshRenderer because tk2dSprite (Script) depends on it

Can't destroy Transform component of 'Clash Tink'. If you want to destroy the game object, please call 'Destroy' on the game object instead. Destroying the transform component is not allowed.

Can't remove MeshFilter because tk2dSprite (Script) depends on it

Can't remove MeshRenderer because tk2dSprite (Script) depends on it

Can't destroy Transform component of 'Clash Tink'. If you want to destroy the game object, please call 'Destroy' on the game object instead. Destroying the transform component is not allowed.

Asset unload force by death in boss sequence.

AddEventHandlerComponent: PlayMakerFixedUpdate

AddEventHandlerComponent: PlayMakerFixedUpdate

AddEventHandlerComponent: PlayMakerFixedUpdate

AddEventHandlerComponent: PlayMakerFixedUpdate

AddEventHandlerComponent: PlayMakerFixedUpdate

AddEventHandlerComponent: PlayMakerFixedUpdate

AddEventHandlerComponent: PlayMakerFixedUpdate

AddEventHandlerComponent: PlayMakerFixedUpdate

AddEventHandlerComponent: PlayMakerFixedUpdate

AddEventHandlerComponent: PlayMakerFixedUpdate

AddEventHandlerComponent: PlayMakerFixedUpdate

Deferring level start (marked as manual).

Unloading 48 Unused Serialized files (Serialized files now loaded: 1)

Unloading 606 unused Assets to reduce memory usage. Loaded Objects now: 66765.
Total: 325.257800 ms (FindLiveObjects: 4.479500 ms CreateObjectMapping: 2.278100 ms MarkObjects: 315.058800 ms  DeleteObjects: 3.440500 ms)

Deferring level start (marked as manual).

Using fallback 1 to find tilemap. Scene GG_Boss_Door_Entrance requires manual fixing.

Using fallback 2 to find tilemap. Scene GG_Boss_Door_Entrance requires manual fixing.

Failed to find tilemap in GG_Boss_Door_Entrance entirely.

AddEventHandlerComponent: PlayMakerFixedUpdate

AddEventHandlerComponent: PlayMakerFixedUpdate

AddEventHandlerComponent: PlayMakerFixedUpdate

AddEventHandlerComponent: PlayMakerFixedUpdate

AddEventHandlerComponent: PlayMakerFixedUpdate

AddEventHandlerComponent: PlayMakerFixedUpdate

AddEventHandlerComponent: PlayMakerFixedUpdate

AddEventHandlerComponent: PlayMakerFixedUpdate

Deferring level start (marked as manual).

AddEventHandlerComponent: PlayMakerFixedUpdate

PlayOneShot was called with a null AudioClip.

Asset unload force by death in boss sequence.

AddEventHandlerComponent: PlayMakerFixedUpdate

AddEventHandlerComponent: PlayMakerFixedUpdate

AddEventHandlerComponent: PlayMakerFixedUpdate

AddEventHandlerComponent: PlayMakerFixedUpdate

AddEventHandlerComponent: PlayMakerFixedUpdate

AddEventHandlerComponent: PlayMakerFixedUpdate

AddEventHandlerComponent: PlayMakerFixedUpdate

AddEventHandlerComponent: PlayMakerFixedUpdate

AddEventHandlerComponent: PlayMakerFixedUpdate

AddEventHandlerComponent: PlayMakerFixedUpdate

AddEventHandlerComponent: PlayMakerFixedUpdate

Deferring level start (marked as manual).

Unloading 40 Unused Serialized files (Serialized files now loaded: 1)

Unloading 226 unused Assets to reduce memory usage. Loaded Objects now: 66769.
Total: 322.888200 ms (FindLiveObjects: 4.614300 ms CreateObjectMapping: 2.497500 ms MarkObjects: 313.777800 ms  DeleteObjects: 1.998100 ms)

nailDamage: 21, multiplied: 26.25

nailDamage: 21, multiplied: 26.25

nailDamage: 21, multiplied: 26.25

nailDamage: 21, multiplied: 26.25

Deferring level start (marked as manual).

Using fallback 1 to find tilemap. Scene GG_Boss_Door_Entrance requires manual fixing.

Using fallback 2 to find tilemap. Scene GG_Boss_Door_Entrance requires manual fixing.

Failed to find tilemap in GG_Boss_Door_Entrance entirely.

AddEventHandlerComponent: PlayMakerFixedUpdate

AddEventHandlerComponent: PlayMakerFixedUpdate

AddEventHandlerComponent: PlayMakerFixedUpdate

AddEventHandlerComponent: PlayMakerFixedUpdate

AddEventHandlerComponent: PlayMakerFixedUpdate

AddEventHandlerComponent: PlayMakerFixedUpdate

AddEventHandlerComponent: PlayMakerFixedUpdate

AddEventHandlerComponent: PlayMakerFixedUpdate

Deferring level start (marked as manual).

AddEventHandlerComponent: PlayMakerFixedUpdate

PlayOneShot was called with a null AudioClip.

Can't remove MeshFilter because tk2dSprite (Script) depends on it

Can't remove MeshRenderer because tk2dSprite (Script) depends on it

Can't destroy Transform component of 'Clash Tink'. If you want to destroy the game object, please call 'Destroy' on the game object instead. Destroying the transform component is not allowed.

Can't remove MeshFilter because tk2dSprite (Script) depends on it

Can't remove MeshRenderer because tk2dSprite (Script) depends on it

Can't destroy Transform component of 'Clash Tink'. If you want to destroy the game object, please call 'Destroy' on the game object instead. Destroying the transform component is not allowed.

Can't remove MeshFilter because tk2dSprite (Script) depends on it

Can't remove MeshRenderer because tk2dSprite (Script) depends on it

Can't destroy Transform component of 'Clash Tink'. If you want to destroy the game object, please call 'Destroy' on the game object instead. Destroying the transform component is not allowed.

Can't remove MeshFilter because tk2dSprite (Script) depends on it

Can't remove MeshRenderer because tk2dSprite (Script) depends on it

Can't destroy Transform component of 'Clash Tink'. If you want to destroy the game object, please call 'Destroy' on the game object instead. Destroying the transform component is not allowed.

Can't remove MeshFilter because tk2dSprite (Script) depends on it

Can't remove MeshRenderer because tk2dSprite (Script) depends on it

Can't destroy Transform component of 'Clash Tink'. If you want to destroy the game object, please call 'Destroy' on the game object instead. Destroying the transform component is not allowed.

Can't remove MeshFilter because tk2dSprite (Script) depends on it

Can't remove MeshRenderer because tk2dSprite (Script) depends on it

Can't destroy Transform component of 'Clash Tink'. If you want to destroy the game object, please call 'Destroy' on the game object instead. Destroying the transform component is not allowed.

Can't remove MeshFilter because tk2dSprite (Script) depends on it

Can't remove MeshRenderer because tk2dSprite (Script) depends on it

Can't destroy Transform component of 'Clash Tink'. If you want to destroy the game object, please call 'Destroy' on the game object instead. Destroying the transform component is not allowed.

Can't remove MeshFilter because tk2dSprite (Script) depends on it

Can't remove MeshRenderer because tk2dSprite (Script) depends on it

Can't destroy Transform component of 'Clash Tink'. If you want to destroy the game object, please call 'Destroy' on the game object instead. Destroying the transform component is not allowed.

Can't remove MeshFilter because tk2dSprite (Script) depends on it

Can't remove MeshRenderer because tk2dSprite (Script) depends on it

Can't destroy Transform component of 'Clash Tink'. If you want to destroy the game object, please call 'Destroy' on the game object instead. Destroying the transform component is not allowed.

Can't remove MeshFilter because tk2dSprite (Script) depends on it

Can't remove MeshRenderer because tk2dSprite (Script) depends on it

Can't destroy Transform component of 'Clash Tink'. If you want to destroy the game object, please call 'Destroy' on the game object instead. Destroying the transform component is not allowed.

Can't remove MeshFilter because tk2dSprite (Script) depends on it

Can't remove MeshRenderer because tk2dSprite (Script) depends on it

Can't destroy Transform component of 'Clash Tink'. If you want to destroy the game object, please call 'Destroy' on the game object instead. Destroying the transform component is not allowed.

Can't remove MeshFilter because tk2dSprite (Script) depends on it

Can't remove MeshRenderer because tk2dSprite (Script) depends on it

Can't destroy Transform component of 'Clash Tink'. If you want to destroy the game object, please call 'Destroy' on the game object instead. Destroying the transform component is not allowed.

Can't remove MeshFilter because tk2dSprite (Script) depends on it

Can't remove MeshRenderer because tk2dSprite (Script) depends on it

Can't destroy Transform component of 'Clash Tink'. If you want to destroy the game object, please call 'Destroy' on the game object instead. Destroying the transform component is not allowed.

Can't remove MeshFilter because tk2dSprite (Script) depends on it

Can't remove MeshRenderer because tk2dSprite (Script) depends on it

Can't destroy Transform component of 'Clash Tink'. If you want to destroy the game object, please call 'Destroy' on the game object instead. Destroying the transform component is not allowed.

Can't remove MeshFilter because tk2dSprite (Script) depends on it

Can't remove MeshRenderer because tk2dSprite (Script) depends on it

Can't destroy Transform component of 'Clash Tink'. If you want to destroy the game object, please call 'Destroy' on the game object instead. Destroying the transform component is not allowed.

Can't remove MeshFilter because tk2dSprite (Script) depends on it

Can't remove MeshRenderer because tk2dSprite (Script) depends on it

Can't destroy Transform component of 'Clash Tink'. If you want to destroy the game object, please call 'Destroy' on the game object instead. Destroying the transform component is not allowed.

Can't remove MeshFilter because tk2dSprite (Script) depends on it

Can't remove MeshRenderer because tk2dSprite (Script) depends on it

Can't destroy Transform component of 'Clash Tink'. If you want to destroy the game object, please call 'Destroy' on the game object instead. Destroying the transform component is not allowed.

Can't remove MeshFilter because tk2dSprite (Script) depends on it

Can't remove MeshRenderer because tk2dSprite (Script) depends on it

Can't destroy Transform component of 'Clash Tink'. If you want to destroy the game object, please call 'Destroy' on the game object instead. Destroying the transform component is not allowed.

Can't remove MeshFilter because tk2dSprite (Script) depends on it

Can't remove MeshRenderer because tk2dSprite (Script) depends on it

Can't destroy Transform component of 'Clash Tink'. If you want to destroy the game object, please call 'Destroy' on the game object instead. Destroying the transform component is not allowed.

Can't remove MeshFilter because tk2dSprite (Script) depends on it

Can't remove MeshRenderer because tk2dSprite (Script) depends on it

Can't destroy Transform component of 'Clash Tink'. If you want to destroy the game object, please call 'Destroy' on the game object instead. Destroying the transform component is not allowed.

Can't remove MeshFilter because tk2dSprite (Script) depends on it

Can't remove MeshRenderer because tk2dSprite (Script) depends on it

Can't destroy Transform component of 'Clash Tink'. If you want to destroy the game object, please call 'Destroy' on the game object instead. Destroying the transform component is not allowed.

Can't remove MeshFilter because tk2dSprite (Script) depends on it

Can't remove MeshRenderer because tk2dSprite (Script) depends on it

Can't destroy Transform component of 'Clash Tink'. If you want to destroy the game object, please call 'Destroy' on the game object instead. Destroying the transform component is not allowed.

Can't remove MeshFilter because tk2dSprite (Script) depends on it

Can't remove MeshRenderer because tk2dSprite (Script) depends on it

Can't destroy Transform component of 'Clash Tink'. If you want to destroy the game object, please call 'Destroy' on the game object instead. Destroying the transform component is not allowed.

Can't remove MeshFilter because tk2dSprite (Script) depends on it

Can't remove MeshRenderer because tk2dSprite (Script) depends on it

Can't destroy Transform component of 'Clash Tink'. If you want to destroy the game object, please call 'Destroy' on the game object instead. Destroying the transform component is not allowed.

Can't remove MeshFilter because tk2dSprite (Script) depends on it

Can't remove MeshRenderer because tk2dSprite (Script) depends on it

Can't destroy Transform component of 'Clash Tink'. If you want to destroy the game object, please call 'Destroy' on the game object instead. Destroying the transform component is not allowed.

Can't remove MeshFilter because tk2dSprite (Script) depends on it

Can't remove MeshRenderer because tk2dSprite (Script) depends on it

Can't destroy Transform component of 'Clash Tink'. If you want to destroy the game object, please call 'Destroy' on the game object instead. Destroying the transform component is not allowed.

Can't remove MeshFilter because tk2dSprite (Script) depends on it

Can't remove MeshRenderer because tk2dSprite (Script) depends on it

Can't destroy Transform component of 'Clash Tink'. If you want to destroy the game object, please call 'Destroy' on the game object instead. Destroying the transform component is not allowed.

Can't remove MeshFilter because tk2dSprite (Script) depends on it

Can't remove MeshRenderer because tk2dSprite (Script) depends on it

Can't destroy Transform component of 'Clash Tink'. If you want to destroy the game object, please call 'Destroy' on the game object instead. Destroying the transform component is not allowed.

Can't remove MeshFilter because tk2dSprite (Script) depends on it

Can't remove MeshRenderer because tk2dSprite (Script) depends on it

Can't destroy Transform component of 'Clash Tink'. If you want to destroy the game object, please call 'Destroy' on the game object instead. Destroying the transform component is not allowed.

Can't remove MeshFilter because tk2dSprite (Script) depends on it

Can't remove MeshRenderer because tk2dSprite (Script) depends on it

Can't destroy Transform component of 'Clash Tink'. If you want to destroy the game object, please call 'Destroy' on the game object instead. Destroying the transform component is not allowed.

Can't remove MeshFilter because tk2dSprite (Script) depends on it

Can't remove MeshRenderer because tk2dSprite (Script) depends on it

Can't destroy Transform component of 'Clash Tink'. If you want to destroy the game object, please call 'Destroy' on the game object instead. Destroying the transform component is not allowed.

Can't remove MeshFilter because tk2dSprite (Script) depends on it

Can't remove MeshRenderer because tk2dSprite (Script) depends on it

Can't destroy Transform component of 'Clash Tink'. If you want to destroy the game object, please call 'Destroy' on the game object instead. Destroying the transform component is not allowed.

Can't remove MeshFilter because tk2dSprite (Script) depends on it

Can't remove MeshRenderer because tk2dSprite (Script) depends on it

Can't destroy Transform component of 'Clash Tink'. If you want to destroy the game object, please call 'Destroy' on the game object instead. Destroying the transform component is not allowed.

Can't remove MeshFilter because tk2dSprite (Script) depends on it

Can't remove MeshRenderer because tk2dSprite (Script) depends on it

Can't destroy Transform component of 'Clash Tink'. If you want to destroy the game object, please call 'Destroy' on the game object instead. Destroying the transform component is not allowed.

Can't remove MeshFilter because tk2dSprite (Script) depends on it

Can't remove MeshRenderer because tk2dSprite (Script) depends on it

Can't destroy Transform component of 'Clash Tink'. If you want to destroy the game object, please call 'Destroy' on the game object instead. Destroying the transform component is not allowed.

Can't remove MeshFilter because tk2dSprite (Script) depends on it

Can't remove MeshRenderer because tk2dSprite (Script) depends on it

Can't destroy Transform component of 'Clash Tink'. If you want to destroy the game object, please call 'Destroy' on the game object instead. Destroying the transform component is not allowed.

Can't remove MeshFilter because tk2dSprite (Script) depends on it

Can't remove MeshRenderer because tk2dSprite (Script) depends on it

Can't destroy Transform component of 'Clash Tink'. If you want to destroy the game object, please call 'Destroy' on the game object instead. Destroying the transform component is not allowed.

Can't remove MeshFilter because tk2dSprite (Script) depends on it

Can't remove MeshRenderer because tk2dSprite (Script) depends on it

Can't destroy Transform component of 'Clash Tink'. If you want to destroy the game object, please call 'Destroy' on the game object instead. Destroying the transform component is not allowed.

Can't remove MeshFilter because tk2dSprite (Script) depends on it

Can't remove MeshRenderer because tk2dSprite (Script) depends on it

Can't destroy Transform component of 'Clash Tink'. If you want to destroy the game object, please call 'Destroy' on the game object instead. Destroying the transform component is not allowed.

Can't remove MeshFilter because tk2dSprite (Script) depends on it

Can't remove MeshRenderer because tk2dSprite (Script) depends on it

Can't destroy Transform component of 'Clash Tink'. If you want to destroy the game object, please call 'Destroy' on the game object instead. Destroying the transform component is not allowed.

PlayOneShot was called with a null AudioClip.

Boss scene ended

Continuing boss sequence...

Deferring level start (marked as manual).

AddEventHandlerComponent: PlayMakerFixedUpdate

AddEventHandlerComponent: PlayMakerFixedUpdate

AddEventHandlerComponent: PlayMakerFixedUpdate

AddEventHandlerComponent: PlayMakerFixedUpdate

AddEventHandlerComponent: PlayMakerFixedUpdate

AddEventHandlerComponent: PlayMakerFixedUpdate

AddEventHandlerComponent: PlayMakerFixedUpdate

AddEventHandlerComponent: PlayMakerFixedUpdate

AddEventHandlerComponent: PlayMakerFixedUpdate

AddEventHandlerComponent: PlayMakerFixedUpdate

AddEventHandlerComponent: PlayMakerFixedUpdate

AddEventHandlerComponent: PlayMakerFixedUpdate

AddEventHandlerComponent: PlayMakerFixedUpdate

Can't remove MeshFilter because tk2dSprite (Script) depends on it

Can't remove MeshRenderer because tk2dSprite (Script) depends on it

Can't destroy Transform component of 'Clash Tink'. If you want to destroy the game object, please call 'Destroy' on the game object instead. Destroying the transform component is not allowed.

Object Pool attached to GlobalPool has run out of Slash Impact R prefabs, Instantiating an additional one.

AddEventHandlerComponent: PlayMakerFixedUpdate

AddEventHandlerComponent: PlayMakerFixedUpdate

AddEventHandlerComponent: PlayMakerFixedUpdate

AddEventHandlerComponent: PlayMakerFixedUpdate

AddEventHandlerComponent: PlayMakerFixedUpdate

AddEventHandlerComponent: PlayMakerFixedUpdate

Can't remove MeshFilter because tk2dSprite (Script) depends on it

Can't remove MeshRenderer because tk2dSprite (Script) depends on it

Can't destroy Transform component of 'Clash Tink'. If you want to destroy the game object, please call 'Destroy' on the game object instead. Destroying the transform component is not allowed.

Can't remove MeshFilter because tk2dSprite (Script) depends on it

Can't remove MeshRenderer because tk2dSprite (Script) depends on it

Can't destroy Transform component of 'Clash Tink'. If you want to destroy the game object, please call 'Destroy' on the game object instead. Destroying the transform component is not allowed.

Can't remove MeshFilter because tk2dSprite (Script) depends on it

Can't remove MeshRenderer because tk2dSprite (Script) depends on it

Can't destroy Transform component of 'Clash Tink'. If you want to destroy the game object, please call 'Destroy' on the game object instead. Destroying the transform component is not allowed.

Can't remove MeshFilter because tk2dSprite (Script) depends on it

Can't remove MeshRenderer because tk2dSprite (Script) depends on it

Can't destroy Transform component of 'Clash Tink'. If you want to destroy the game object, please call 'Destroy' on the game object instead. Destroying the transform component is not allowed.

Can't remove MeshFilter because tk2dSprite (Script) depends on it

Can't remove MeshRenderer because tk2dSprite (Script) depends on it

Can't destroy Transform component of 'Clash Tink'. If you want to destroy the game object, please call 'Destroy' on the game object instead. Destroying the transform component is not allowed.

Can't remove MeshFilter because tk2dSprite (Script) depends on it

Can't remove MeshRenderer because tk2dSprite (Script) depends on it

Can't destroy Transform component of 'Clash Tink'. If you want to destroy the game object, please call 'Destroy' on the game object instead. Destroying the transform component is not allowed.

Can't remove MeshFilter because tk2dSprite (Script) depends on it

Can't remove MeshRenderer because tk2dSprite (Script) depends on it

Can't destroy Transform component of 'Clash Tink'. If you want to destroy the game object, please call 'Destroy' on the game object instead. Destroying the transform component is not allowed.

Can't remove MeshFilter because tk2dSprite (Script) depends on it

Can't remove MeshRenderer because tk2dSprite (Script) depends on it

Can't destroy Transform component of 'Clash Tink'. If you want to destroy the game object, please call 'Destroy' on the game object instead. Destroying the transform component is not allowed.

Can't remove MeshFilter because tk2dSprite (Script) depends on it

Can't remove MeshRenderer because tk2dSprite (Script) depends on it

Can't destroy Transform component of 'Clash Tink'. If you want to destroy the game object, please call 'Destroy' on the game object instead. Destroying the transform component is not allowed.

Can't remove MeshFilter because tk2dSprite (Script) depends on it

Can't remove MeshRenderer because tk2dSprite (Script) depends on it

Can't destroy Transform component of 'Clash Tink'. If you want to destroy the game object, please call 'Destroy' on the game object instead. Destroying the transform component is not allowed.

Can't remove MeshFilter because tk2dSprite (Script) depends on it

Can't remove MeshRenderer because tk2dSprite (Script) depends on it

Can't destroy Transform component of 'Clash Tink'. If you want to destroy the game object, please call 'Destroy' on the game object instead. Destroying the transform component is not allowed.

Can't remove MeshFilter because tk2dSprite (Script) depends on it

Can't remove MeshRenderer because tk2dSprite (Script) depends on it

Can't destroy Transform component of 'Clash Tink'. If you want to destroy the game object, please call 'Destroy' on the game object instead. Destroying the transform component is not allowed.

Can't remove MeshFilter because tk2dSprite (Script) depends on it

Can't remove MeshRenderer because tk2dSprite (Script) depends on it

Can't destroy Transform component of 'Clash Tink'. If you want to destroy the game object, please call 'Destroy' on the game object instead. Destroying the transform component is not allowed.

Can't remove MeshFilter because tk2dSprite (Script) depends on it

Can't remove MeshRenderer because tk2dSprite (Script) depends on it

Can't destroy Transform component of 'Clash Tink'. If you want to destroy the game object, please call 'Destroy' on the game object instead. Destroying the transform component is not allowed.

Can't remove MeshFilter because tk2dSprite (Script) depends on it

Can't remove MeshRenderer because tk2dSprite (Script) depends on it

Can't destroy Transform component of 'Clash Tink'. If you want to destroy the game object, please call 'Destroy' on the game object instead. Destroying the transform component is not allowed.

Can't remove MeshFilter because tk2dSprite (Script) depends on it

Can't remove MeshRenderer because tk2dSprite (Script) depends on it

Can't destroy Transform component of 'Clash Tink'. If you want to destroy the game object, please call 'Destroy' on the game object instead. Destroying the transform component is not allowed.

Can't remove MeshFilter because tk2dSprite (Script) depends on it

Can't remove MeshRenderer because tk2dSprite (Script) depends on it

Can't destroy Transform component of 'Clash Tink'. If you want to destroy the game object, please call 'Destroy' on the game object instead. Destroying the transform component is not allowed.

Can't remove MeshFilter because tk2dSprite (Script) depends on it

Can't remove MeshRenderer because tk2dSprite (Script) depends on it

Can't destroy Transform component of 'Clash Tink'. If you want to destroy the game object, please call 'Destroy' on the game object instead. Destroying the transform component is not allowed.

Can't remove MeshFilter because tk2dSprite (Script) depends on it

Can't remove MeshRenderer because tk2dSprite (Script) depends on it

Can't destroy Transform component of 'Clash Tink'. If you want to destroy the game object, please call 'Destroy' on the game object instead. Destroying the transform component is not allowed.

Can't remove MeshFilter because tk2dSprite (Script) depends on it

Can't remove MeshRenderer because tk2dSprite (Script) depends on it

Can't destroy Transform component of 'Clash Tink'. If you want to destroy the game object, please call 'Destroy' on the game object instead. Destroying the transform component is not allowed.

Can't remove MeshFilter because tk2dSprite (Script) depends on it

Can't remove MeshRenderer because tk2dSprite (Script) depends on it

Can't destroy Transform component of 'Clash Tink'. If you want to destroy the game object, please call 'Destroy' on the game object instead. Destroying the transform component is not allowed.

Can't remove MeshFilter because tk2dSprite (Script) depends on it

Can't remove MeshRenderer because tk2dSprite (Script) depends on it

Can't destroy Transform component of 'Clash Tink'. If you want to destroy the game object, please call 'Destroy' on the game object instead. Destroying the transform component is not allowed.

Can't remove MeshFilter because tk2dSprite (Script) depends on it

Can't remove MeshRenderer because tk2dSprite (Script) depends on it

Can't destroy Transform component of 'Clash Tink'. If you want to destroy the game object, please call 'Destroy' on the game object instead. Destroying the transform component is not allowed.

Can't remove MeshFilter because tk2dSprite (Script) depends on it

Can't remove MeshRenderer because tk2dSprite (Script) depends on it

Can't destroy Transform component of 'Clash Tink'. If you want to destroy the game object, please call 'Destroy' on the game object instead. Destroying the transform component is not allowed.

Can't remove MeshFilter because tk2dSprite (Script) depends on it

Can't remove MeshRenderer because tk2dSprite (Script) depends on it

Can't destroy Transform component of 'Clash Tink'. If you want to destroy the game object, please call 'Destroy' on the game object instead. Destroying the transform component is not allowed.

Can't remove MeshFilter because tk2dSprite (Script) depends on it

Can't remove MeshRenderer because tk2dSprite (Script) depends on it

Can't destroy Transform component of 'Clash Tink'. If you want to destroy the game object, please call 'Destroy' on the game object instead. Destroying the transform component is not allowed.

Can't remove MeshFilter because tk2dSprite (Script) depends on it

Can't remove MeshRenderer because tk2dSprite (Script) depends on it

Can't destroy Transform component of 'Clash Tink'. If you want to destroy the game object, please call 'Destroy' on the game object instead. Destroying the transform component is not allowed.

Can't remove MeshFilter because tk2dSprite (Script) depends on it

Can't remove MeshRenderer because tk2dSprite (Script) depends on it

Can't destroy Transform component of 'Clash Tink'. If you want to destroy the game object, please call 'Destroy' on the game object instead. Destroying the transform component is not allowed.

Can't remove MeshFilter because tk2dSprite (Script) depends on it

Can't remove MeshRenderer because tk2dSprite (Script) depends on it

Can't destroy Transform component of 'Clash Tink'. If you want to destroy the game object, please call 'Destroy' on the game object instead. Destroying the transform component is not allowed.

Can't remove MeshFilter because tk2dSprite (Script) depends on it

Can't remove MeshRenderer because tk2dSprite (Script) depends on it

Can't destroy Transform component of 'Clash Tink'. If you want to destroy the game object, please call 'Destroy' on the game object instead. Destroying the transform component is not allowed.

Can't remove MeshFilter because tk2dSprite (Script) depends on it

Can't remove MeshRenderer because tk2dSprite (Script) depends on it

Can't destroy Transform component of 'Clash Tink'. If you want to destroy the game object, please call 'Destroy' on the game object instead. Destroying the transform component is not allowed.

Object Pool attached to GlobalPool has run out of Run Effects prefabs, Instantiating an additional one.

Object Pool attached to GlobalPool has run out of Run Effects prefabs, Instantiating an additional one.

Boss scene ended

Continuing boss sequence...

AddEventHandlerComponent: PlayMakerFixedUpdate

AddEventHandlerComponent: PlayMakerFixedUpdate

Deferring level start (marked as manual).

Can't remove MeshFilter because tk2dSprite (Script) depends on it

Can't remove MeshRenderer because tk2dSprite (Script) depends on it

Can't destroy Transform component of 'Clash Tink'. If you want to destroy the game object, please call 'Destroy' on the game object instead. Destroying the transform component is not allowed.

Can't remove MeshFilter because tk2dSprite (Script) depends on it

Can't remove MeshRenderer because tk2dSprite (Script) depends on it

Can't destroy Transform component of 'Clash Tink'. If you want to destroy the game object, please call 'Destroy' on the game object instead. Destroying the transform component is not allowed.

Can't remove MeshFilter because tk2dSprite (Script) depends on it

Can't remove MeshRenderer because tk2dSprite (Script) depends on it

Can't destroy Transform component of 'Clash Tink'. If you want to destroy the game object, please call 'Destroy' on the game object instead. Destroying the transform component is not allowed.

Can't remove MeshFilter because tk2dSprite (Script) depends on it

Can't remove MeshRenderer because tk2dSprite (Script) depends on it

Can't destroy Transform component of 'Clash Tink'. If you want to destroy the game object, please call 'Destroy' on the game object instead. Destroying the transform component is not allowed.

Object Pool attached to GlobalPool could not find a copy of Slash Effect Shade, Instantiating a new one.

Object Pool attached to GlobalPool has run out of Slash Effect Shade prefabs, Instantiating an additional one.

Object Pool attached to GlobalPool has run out of Slash Effect Shade prefabs, Instantiating an additional one.

Can't remove MeshFilter because tk2dSprite (Script) depends on it

Can't remove MeshRenderer because tk2dSprite (Script) depends on it

Can't destroy Transform component of 'Clash Tink'. If you want to destroy the game object, please call 'Destroy' on the game object instead. Destroying the transform component is not allowed.

Can't remove MeshFilter because tk2dSprite (Script) depends on it

Can't remove MeshRenderer because tk2dSprite (Script) depends on it

Can't destroy Transform component of 'Clash Tink'. If you want to destroy the game object, please call 'Destroy' on the game object instead. Destroying the transform component is not allowed.

Can't remove MeshFilter because tk2dSprite (Script) depends on it

Can't remove MeshRenderer because tk2dSprite (Script) depends on it

Can't destroy Transform component of 'Clash Tink'. If you want to destroy the game object, please call 'Destroy' on the game object instead. Destroying the transform component is not allowed.

Can't remove MeshFilter because tk2dSprite (Script) depends on it

Can't remove MeshRenderer because tk2dSprite (Script) depends on it

Can't destroy Transform component of 'Clash Tink'. If you want to destroy the game object, please call 'Destroy' on the game object instead. Destroying the transform component is not allowed.

Can't remove MeshFilter because tk2dSprite (Script) depends on it

Can't remove MeshRenderer because tk2dSprite (Script) depends on it

Can't destroy Transform component of 'Clash Tink'. If you want to destroy the game object, please call 'Destroy' on the game object instead. Destroying the transform component is not allowed.

AddEventHandlerComponent: PlayMakerFixedUpdate

Can't remove MeshFilter because tk2dSprite (Script) depends on it

Can't remove MeshRenderer because tk2dSprite (Script) depends on it

Can't destroy Transform component of 'Clash Tink'. If you want to destroy the game object, please call 'Destroy' on the game object instead. Destroying the transform component is not allowed.

Object Pool attached to GlobalPool could not find a copy of Hit Puff Med, Instantiating a new one.

Can't remove MeshFilter because tk2dSprite (Script) depends on it

Can't remove MeshRenderer because tk2dSprite (Script) depends on it

Can't destroy Transform component of 'Clash Tink'. If you want to destroy the game object, please call 'Destroy' on the game object instead. Destroying the transform component is not allowed.

Can't remove MeshFilter because tk2dSprite (Script) depends on it

Can't remove MeshRenderer because tk2dSprite (Script) depends on it

Can't destroy Transform component of 'Clash Tink'. If you want to destroy the game object, please call 'Destroy' on the game object instead. Destroying the transform component is not allowed.

Can't remove MeshFilter because tk2dSprite (Script) depends on it

Can't remove MeshRenderer because tk2dSprite (Script) depends on it

Can't destroy Transform component of 'Clash Tink'. If you want to destroy the game object, please call 'Destroy' on the game object instead. Destroying the transform component is not allowed.

Can't remove MeshFilter because tk2dSprite (Script) depends on it

Can't remove MeshRenderer because tk2dSprite (Script) depends on it

Can't destroy Transform component of 'Clash Tink'. If you want to destroy the game object, please call 'Destroy' on the game object instead. Destroying the transform component is not allowed.

Can't remove MeshFilter because tk2dSprite (Script) depends on it

Can't remove MeshRenderer because tk2dSprite (Script) depends on it

Can't destroy Transform component of 'Clash Tink'. If you want to destroy the game object, please call 'Destroy' on the game object instead. Destroying the transform component is not allowed.

Can't remove MeshFilter because tk2dSprite (Script) depends on it

Can't remove MeshRenderer because tk2dSprite (Script) depends on it

Can't destroy Transform component of 'Clash Tink'. If you want to destroy the game object, please call 'Destroy' on the game object instead. Destroying the transform component is not allowed.

AddEventHandlerComponent: PlayMakerFixedUpdate

Can't remove MeshFilter because tk2dSprite (Script) depends on it

Can't remove MeshRenderer because tk2dSprite (Script) depends on it

Can't destroy Transform component of 'Clash Tink'. If you want to destroy the game object, please call 'Destroy' on the game object instead. Destroying the transform component is not allowed.

Can't remove MeshFilter because tk2dSprite (Script) depends on it

Can't remove MeshRenderer because tk2dSprite (Script) depends on it

Can't destroy Transform component of 'Clash Tink'. If you want to destroy the game object, please call 'Destroy' on the game object instead. Destroying the transform component is not allowed.

Can't remove MeshFilter because tk2dSprite (Script) depends on it

Can't remove MeshRenderer because tk2dSprite (Script) depends on it

Can't destroy Transform component of 'Clash Tink'. If you want to destroy the game object, please call 'Destroy' on the game object instead. Destroying the transform component is not allowed.

Object Pool attached to GlobalPool has run out of Audio Player Actor prefabs, Instantiating an additional one.

AddEventHandlerComponent: PlayMakerFixedUpdate

AddEventHandlerComponent: PlayMakerFixedUpdate

Object Pool attached to GlobalPool has run out of Hit Puff Med prefabs, Instantiating an additional one.

Can't remove MeshFilter because tk2dSprite (Script) depends on it

Can't remove MeshRenderer because tk2dSprite (Script) depends on it

Can't destroy Transform component of 'Clash Tink'. If you want to destroy the game object, please call 'Destroy' on the game object instead. Destroying the transform component is not allowed.

Can't remove MeshFilter because tk2dSprite (Script) depends on it

Can't remove MeshRenderer because tk2dSprite (Script) depends on it

Can't destroy Transform component of 'Clash Tink'. If you want to destroy the game object, please call 'Destroy' on the game object instead. Destroying the transform component is not allowed.

Object Pool attached to GlobalPool has run out of Hit Flash Black prefabs, Instantiating an additional one.

Can't remove MeshFilter because tk2dSprite (Script) depends on it

Can't remove MeshRenderer because tk2dSprite (Script) depends on it

Can't destroy Transform component of 'Clash Tink'. If you want to destroy the game object, please call 'Destroy' on the game object instead. Destroying the transform component is not allowed.

Can't remove MeshFilter because tk2dSprite (Script) depends on it

Can't remove MeshRenderer because tk2dSprite (Script) depends on it

Can't destroy Transform component of 'Clash Tink'. If you want to destroy the game object, please call 'Destroy' on the game object instead. Destroying the transform component is not allowed.

Can't remove MeshFilter because tk2dSprite (Script) depends on it

Can't remove MeshRenderer because tk2dSprite (Script) depends on it

Can't destroy Transform component of 'Clash Tink'. If you want to destroy the game object, please call 'Destroy' on the game object instead. Destroying the transform component is not allowed.

Can't remove MeshFilter because tk2dSprite (Script) depends on it

Can't remove MeshRenderer because tk2dSprite (Script) depends on it

Can't destroy Transform component of 'Clash Tink'. If you want to destroy the game object, please call 'Destroy' on the game object instead. Destroying the transform component is not allowed.

Can't remove MeshFilter because tk2dSprite (Script) depends on it

Can't remove MeshRenderer because tk2dSprite (Script) depends on it

Can't destroy Transform component of 'Clash Tink'. If you want to destroy the game object, please call 'Destroy' on the game object instead. Destroying the transform component is not allowed.

AddEventHandlerComponent: PlayMakerFixedUpdate

Can't remove MeshFilter because tk2dSprite (Script) depends on it

Can't remove MeshRenderer because tk2dSprite (Script) depends on it

Can't destroy Transform component of 'Clash Tink'. If you want to destroy the game object, please call 'Destroy' on the game object instead. Destroying the transform component is not allowed.

Can't remove MeshFilter because tk2dSprite (Script) depends on it

Can't remove MeshRenderer because tk2dSprite (Script) depends on it

Can't destroy Transform component of 'Clash Tink'. If you want to destroy the game object, please call 'Destroy' on the game object instead. Destroying the transform component is not allowed.

Can't remove MeshFilter because tk2dSprite (Script) depends on it

Can't remove MeshRenderer because tk2dSprite (Script) depends on it

Can't destroy Transform component of 'Clash Tink'. If you want to destroy the game object, please call 'Destroy' on the game object instead. Destroying the transform component is not allowed.

AddEventHandlerComponent: PlayMakerFixedUpdate

Can't remove MeshFilter because tk2dSprite (Script) depends on it

Can't remove MeshRenderer because tk2dSprite (Script) depends on it

Can't destroy Transform component of 'Clash Tink'. If you want to destroy the game object, please call 'Destroy' on the game object instead. Destroying the transform component is not allowed.

Can't remove MeshFilter because tk2dSprite (Script) depends on it

Can't remove MeshRenderer because tk2dSprite (Script) depends on it

Can't destroy Transform component of 'Clash Tink'. If you want to destroy the game object, please call 'Destroy' on the game object instead. Destroying the transform component is not allowed.

Can't remove MeshFilter because tk2dSprite (Script) depends on it

Can't remove MeshRenderer because tk2dSprite (Script) depends on it

Can't destroy Transform component of 'Clash Tink'. If you want to destroy the game object, please call 'Destroy' on the game object instead. Destroying the transform component is not allowed.

Object Pool attached to GlobalPool has run out of Audio Player Actor prefabs, Instantiating an additional one.

Can't remove MeshFilter because tk2dSprite (Script) depends on it

Can't remove MeshRenderer because tk2dSprite (Script) depends on it

Can't destroy Transform component of 'Clash Tink'. If you want to destroy the game object, please call 'Destroy' on the game object instead. Destroying the transform component is not allowed.

Object Pool attached to GlobalPool has run out of Audio Player Actor prefabs, Instantiating an additional one.

Can't remove MeshFilter because tk2dSprite (Script) depends on it

Can't remove MeshRenderer because tk2dSprite (Script) depends on it

Can't destroy Transform component of 'Clash Tink'. If you want to destroy the game object, please call 'Destroy' on the game object instead. Destroying the transform component is not allowed.

Object Pool attached to GlobalPool has run out of Audio Player Actor prefabs, Instantiating an additional one.

Object Pool attached to GlobalPool has run out of Audio Player Actor prefabs, Instantiating an additional one.

Object Pool attached to GlobalPool has run out of Audio Player Actor prefabs, Instantiating an additional one.

Object Pool attached to GlobalPool has run out of Audio Player Actor prefabs, Instantiating an additional one.

Object Pool attached to GlobalPool has run out of Audio Player Actor prefabs, Instantiating an additional one.

Can't remove MeshFilter because tk2dSprite (Script) depends on it

Can't remove MeshRenderer because tk2dSprite (Script) depends on it

Can't destroy Transform component of 'Clash Tink'. If you want to destroy the game object, please call 'Destroy' on the game object instead. Destroying the transform component is not allowed.

Can't remove MeshFilter because tk2dSprite (Script) depends on it

Can't remove MeshRenderer because tk2dSprite (Script) depends on it

Can't destroy Transform component of 'Clash Tink'. If you want to destroy the game object, please call 'Destroy' on the game object instead. Destroying the transform component is not allowed.

Object Pool attached to GlobalPool has run out of Audio Player Actor prefabs, Instantiating an additional one.

Object Pool attached to GlobalPool has run out of Audio Player Actor prefabs, Instantiating an additional one.

AddEventHandlerComponent: PlayMakerFixedUpdate

Can't remove MeshFilter because tk2dSprite (Script) depends on it

Can't remove MeshRenderer because tk2dSprite (Script) depends on it

Can't destroy Transform component of 'Clash Tink'. If you want to destroy the game object, please call 'Destroy' on the game object instead. Destroying the transform component is not allowed.

AddEventHandlerComponent: PlayMakerFixedUpdate

AddEventHandlerComponent: PlayMakerFixedUpdate

Can't remove MeshFilter because tk2dSprite (Script) depends on it

Can't remove MeshRenderer because tk2dSprite (Script) depends on it

Can't destroy Transform component of 'Clash Tink'. If you want to destroy the game object, please call 'Destroy' on the game object instead. Destroying the transform component is not allowed.

Can't remove MeshFilter because tk2dSprite (Script) depends on it

Can't remove MeshRenderer because tk2dSprite (Script) depends on it

Can't destroy Transform component of 'Clash Tink'. If you want to destroy the game object, please call 'Destroy' on the game object instead. Destroying the transform component is not allowed.

Can't remove MeshFilter because tk2dSprite (Script) depends on it

Can't remove MeshRenderer because tk2dSprite (Script) depends on it

Can't destroy Transform component of 'Clash Tink'. If you want to destroy the game object, please call 'Destroy' on the game object instead. Destroying the transform component is not allowed.

Can't remove MeshFilter because tk2dSprite (Script) depends on it

Can't remove MeshRenderer because tk2dSprite (Script) depends on it

Can't destroy Transform component of 'Clash Tink'. If you want to destroy the game object, please call 'Destroy' on the game object instead. Destroying the transform component is not allowed.

Can't remove MeshFilter because tk2dSprite (Script) depends on it

Can't remove MeshRenderer because tk2dSprite (Script) depends on it

Can't destroy Transform component of 'Clash Tink'. If you want to destroy the game object, please call 'Destroy' on the game object instead. Destroying the transform component is not allowed.

Can't remove MeshFilter because tk2dSprite (Script) depends on it

Can't remove MeshRenderer because tk2dSprite (Script) depends on it

Can't destroy Transform component of 'Clash Tink'. If you want to destroy the game object, please call 'Destroy' on the game object instead. Destroying the transform component is not allowed.

Can't remove MeshFilter because tk2dSprite (Script) depends on it

Can't remove MeshRenderer because tk2dSprite (Script) depends on it

Can't destroy Transform component of 'Clash Tink'. If you want to destroy the game object, please call 'Destroy' on the game object instead. Destroying the transform component is not allowed.

Can't remove MeshFilter because tk2dSprite (Script) depends on it

Can't remove MeshRenderer because tk2dSprite (Script) depends on it

Can't destroy Transform component of 'Clash Tink'. If you want to destroy the game object, please call 'Destroy' on the game object instead. Destroying the transform component is not allowed.

Can't remove MeshFilter because tk2dSprite (Script) depends on it

Can't remove MeshRenderer because tk2dSprite (Script) depends on it

Can't destroy Transform component of 'Clash Tink'. If you want to destroy the game object, please call 'Destroy' on the game object instead. Destroying the transform component is not allowed.

AddEventHandlerComponent: PlayMakerFixedUpdate

AddEventHandlerComponent: PlayMakerFixedUpdate

Can't remove MeshFilter because tk2dSprite (Script) depends on it

Can't remove MeshRenderer because tk2dSprite (Script) depends on it

Can't destroy Transform component of 'Clash Tink'. If you want to destroy the game object, please call 'Destroy' on the game object instead. Destroying the transform component is not allowed.

Can't remove MeshFilter because tk2dSprite (Script) depends on it

Can't remove MeshRenderer because tk2dSprite (Script) depends on it

Can't destroy Transform component of 'Clash Tink'. If you want to destroy the game object, please call 'Destroy' on the game object instead. Destroying the transform component is not allowed.

Can't remove MeshFilter because tk2dSprite (Script) depends on it

Can't remove MeshRenderer because tk2dSprite (Script) depends on it

Can't destroy Transform component of 'Clash Tink'. If you want to destroy the game object, please call 'Destroy' on the game object instead. Destroying the transform component is not allowed.

Can't remove MeshFilter because tk2dSprite (Script) depends on it

Can't remove MeshRenderer because tk2dSprite (Script) depends on it

Can't destroy Transform component of 'Clash Tink'. If you want to destroy the game object, please call 'Destroy' on the game object instead. Destroying the transform component is not allowed.

Can't remove MeshFilter because tk2dSprite (Script) depends on it

Can't remove MeshRenderer because tk2dSprite (Script) depends on it

Can't destroy Transform component of 'Clash Tink'. If you want to destroy the game object, please call 'Destroy' on the game object instead. Destroying the transform component is not allowed.

Can't remove MeshFilter because tk2dSprite (Script) depends on it

Can't remove MeshRenderer because tk2dSprite (Script) depends on it

Can't destroy Transform component of 'Clash Tink'. If you want to destroy the game object, please call 'Destroy' on the game object instead. Destroying the transform component is not allowed.

Can't remove MeshFilter because tk2dSprite (Script) depends on it

Can't remove MeshRenderer because tk2dSprite (Script) depends on it

Can't destroy Transform component of 'Clash Tink'. If you want to destroy the game object, please call 'Destroy' on the game object instead. Destroying the transform component is not allowed.

Can't remove MeshFilter because tk2dSprite (Script) depends on it

Can't remove MeshRenderer because tk2dSprite (Script) depends on it

Can't destroy Transform component of 'Clash Tink'. If you want to destroy the game object, please call 'Destroy' on the game object instead. Destroying the transform component is not allowed.

Can't remove MeshFilter because tk2dSprite (Script) depends on it

Can't remove MeshRenderer because tk2dSprite (Script) depends on it

Can't destroy Transform component of 'Clash Tink'. If you want to destroy the game object, please call 'Destroy' on the game object instead. Destroying the transform component is not allowed.

AddEventHandlerComponent: PlayMakerFixedUpdate

Can't remove MeshFilter because tk2dSprite (Script) depends on it

Can't remove MeshRenderer because tk2dSprite (Script) depends on it

Can't destroy Transform component of 'Clash Tink'. If you want to destroy the game object, please call 'Destroy' on the game object instead. Destroying the transform component is not allowed.

AddEventHandlerComponent: PlayMakerFixedUpdate

Can't remove MeshFilter because tk2dSprite (Script) depends on it

Can't remove MeshRenderer because tk2dSprite (Script) depends on it

Can't destroy Transform component of 'Clash Tink'. If you want to destroy the game object, please call 'Destroy' on the game object instead. Destroying the transform component is not allowed.

Can't remove MeshFilter because tk2dSprite (Script) depends on it

Can't remove MeshRenderer because tk2dSprite (Script) depends on it

Can't destroy Transform component of 'Clash Tink'. If you want to destroy the game object, please call 'Destroy' on the game object instead. Destroying the transform component is not allowed.

Can't remove MeshFilter because tk2dSprite (Script) depends on it

Can't remove MeshRenderer because tk2dSprite (Script) depends on it

Can't destroy Transform component of 'Clash Tink'. If you want to destroy the game object, please call 'Destroy' on the game object instead. Destroying the transform component is not allowed.

Can't remove MeshFilter because tk2dSprite (Script) depends on it

Can't remove MeshRenderer because tk2dSprite (Script) depends on it

Can't destroy Transform component of 'Clash Tink'. If you want to destroy the game object, please call 'Destroy' on the game object instead. Destroying the transform component is not allowed.

Can't remove MeshFilter because tk2dSprite (Script) depends on it

Can't remove MeshRenderer because tk2dSprite (Script) depends on it

Can't destroy Transform component of 'Clash Tink'. If you want to destroy the game object, please call 'Destroy' on the game object instead. Destroying the transform component is not allowed.

Can't remove MeshFilter because tk2dSprite (Script) depends on it

Can't remove MeshRenderer because tk2dSprite (Script) depends on it

Can't destroy Transform component of 'Clash Tink'. If you want to destroy the game object, please call 'Destroy' on the game object instead. Destroying the transform component is not allowed.

Can't remove MeshFilter because tk2dSprite (Script) depends on it

Can't remove MeshRenderer because tk2dSprite (Script) depends on it

Can't destroy Transform component of 'Clash Tink'. If you want to destroy the game object, please call 'Destroy' on the game object instead. Destroying the transform component is not allowed.

Can't remove MeshFilter because tk2dSprite (Script) depends on it

Can't remove MeshRenderer because tk2dSprite (Script) depends on it

Can't destroy Transform component of 'Clash Tink'. If you want to destroy the game object, please call 'Destroy' on the game object instead. Destroying the transform component is not allowed.

AddEventHandlerComponent: PlayMakerFixedUpdate

Can't remove MeshFilter because tk2dSprite (Script) depends on it

Can't remove MeshRenderer because tk2dSprite (Script) depends on it

Can't destroy Transform component of 'Clash Tink'. If you want to destroy the game object, please call 'Destroy' on the game object instead. Destroying the transform component is not allowed.

Can't remove MeshFilter because tk2dSprite (Script) depends on it

Can't remove MeshRenderer because tk2dSprite (Script) depends on it

Can't destroy Transform component of 'Clash Tink'. If you want to destroy the game object, please call 'Destroy' on the game object instead. Destroying the transform component is not allowed.

Can't remove MeshFilter because tk2dSprite (Script) depends on it

Can't remove MeshRenderer because tk2dSprite (Script) depends on it

Can't destroy Transform component of 'Clash Tink'. If you want to destroy the game object, please call 'Destroy' on the game object instead. Destroying the transform component is not allowed.

Can't remove MeshFilter because tk2dSprite (Script) depends on it

Can't remove MeshRenderer because tk2dSprite (Script) depends on it

Can't destroy Transform component of 'Clash Tink'. If you want to destroy the game object, please call 'Destroy' on the game object instead. Destroying the transform component is not allowed.

Can't remove MeshFilter because tk2dSprite (Script) depends on it

Can't remove MeshRenderer because tk2dSprite (Script) depends on it

Can't destroy Transform component of 'Clash Tink'. If you want to destroy the game object, please call 'Destroy' on the game object instead. Destroying the transform component is not allowed.

AddEventHandlerComponent: PlayMakerFixedUpdate

Can't remove MeshFilter because tk2dSprite (Script) depends on it

Can't remove MeshRenderer because tk2dSprite (Script) depends on it

Can't destroy Transform component of 'Clash Tink'. If you want to destroy the game object, please call 'Destroy' on the game object instead. Destroying the transform component is not allowed.

Can't remove MeshFilter because tk2dSprite (Script) depends on it

Can't remove MeshRenderer because tk2dSprite (Script) depends on it

Can't destroy Transform component of 'Clash Tink'. If you want to destroy the game object, please call 'Destroy' on the game object instead. Destroying the transform component is not allowed.

Can't remove MeshFilter because tk2dSprite (Script) depends on it

Can't remove MeshRenderer because tk2dSprite (Script) depends on it

Can't destroy Transform component of 'Clash Tink'. If you want to destroy the game object, please call 'Destroy' on the game object instead. Destroying the transform component is not allowed.

Can't remove MeshFilter because tk2dSprite (Script) depends on it

Can't remove MeshRenderer because tk2dSprite (Script) depends on it

Can't destroy Transform component of 'Clash Tink'. If you want to destroy the game object, please call 'Destroy' on the game object instead. Destroying the transform component is not allowed.

Can't remove MeshFilter because tk2dSprite (Script) depends on it

Can't remove MeshRenderer because tk2dSprite (Script) depends on it

Can't destroy Transform component of 'Clash Tink'. If you want to destroy the game object, please call 'Destroy' on the game object instead. Destroying the transform component is not allowed.

Object Pool attached to GlobalPool has run out of Hit Shade prefabs, Instantiating an additional one.

PlayOneShot was called with a null AudioClip.

Boss scene ended

Continuing boss sequence...

AddEventHandlerComponent: PlayMakerFixedUpdate

Deferring level start (marked as manual).

Can't remove MeshFilter because tk2dSprite (Script) depends on it

Can't remove MeshRenderer because tk2dSprite (Script) depends on it

Can't destroy Transform component of 'Clash Tink'. If you want to destroy the game object, please call 'Destroy' on the game object instead. Destroying the transform component is not allowed.

Can't remove MeshFilter because tk2dSprite (Script) depends on it

Can't remove MeshRenderer because tk2dSprite (Script) depends on it

Can't destroy Transform component of 'Clash Tink'. If you want to destroy the game object, please call 'Destroy' on the game object instead. Destroying the transform component is not allowed.

Can't remove MeshFilter because tk2dSprite (Script) depends on it

Can't remove MeshRenderer because tk2dSprite (Script) depends on it

Can't destroy Transform component of 'Clash Tink'. If you want to destroy the game object, please call 'Destroy' on the game object instead. Destroying the transform component is not allowed.

AddEventHandlerComponent: PlayMakerFixedUpdate

Can't remove MeshFilter because tk2dSprite (Script) depends on it

Can't remove MeshRenderer because tk2dSprite (Script) depends on it

Can't destroy Transform component of 'Clash Tink'. If you want to destroy the game object, please call 'Destroy' on the game object instead. Destroying the transform component is not allowed.

Can't remove MeshFilter because tk2dSprite (Script) depends on it

Can't remove MeshRenderer because tk2dSprite (Script) depends on it

Can't destroy Transform component of 'Clash Tink'. If you want to destroy the game object, please call 'Destroy' on the game object instead. Destroying the transform component is not allowed.

Can't remove MeshFilter because tk2dSprite (Script) depends on it

Can't remove MeshRenderer because tk2dSprite (Script) depends on it

Can't destroy Transform component of 'Clash Tink'. If you want to destroy the game object, please call 'Destroy' on the game object instead. Destroying the transform component is not allowed.

Can't remove MeshFilter because tk2dSprite (Script) depends on it

Can't remove MeshRenderer because tk2dSprite (Script) depends on it

Can't destroy Transform component of 'Clash Tink'. If you want to destroy the game object, please call 'Destroy' on the game object instead. Destroying the transform component is not allowed.

Can't remove MeshFilter because tk2dSprite (Script) depends on it

Can't remove MeshRenderer because tk2dSprite (Script) depends on it

Can't destroy Transform component of 'Clash Tink'. If you want to destroy the game object, please call 'Destroy' on the game object instead. Destroying the transform component is not allowed.

PlayOneShot was called with a null AudioClip.

Can't remove MeshFilter because tk2dSprite (Script) depends on it

Can't remove MeshRenderer because tk2dSprite (Script) depends on it

Can't destroy Transform component of 'Clash Tink'. If you want to destroy the game object, please call 'Destroy' on the game object instead. Destroying the transform component is not allowed.

Can't remove MeshFilter because tk2dSprite (Script) depends on it

Can't remove MeshRenderer because tk2dSprite (Script) depends on it

Can't destroy Transform component of 'Clash Tink'. If you want to destroy the game object, please call 'Destroy' on the game object instead. Destroying the transform component is not allowed.

Can't remove MeshFilter because tk2dSprite (Script) depends on it

Can't remove MeshRenderer because tk2dSprite (Script) depends on it

Can't destroy Transform component of 'Clash Tink'. If you want to destroy the game object, please call 'Destroy' on the game object instead. Destroying the transform component is not allowed.

PlayOneShot was called with a null AudioClip.

Can't remove MeshFilter because tk2dSprite (Script) depends on it

Can't remove MeshRenderer because tk2dSprite (Script) depends on it

Can't destroy Transform component of 'Clash Tink'. If you want to destroy the game object, please call 'Destroy' on the game object instead. Destroying the transform component is not allowed.

AddEventHandlerComponent: PlayMakerFixedUpdate

AddEventHandlerComponent: PlayMakerFixedUpdate

Can't remove MeshFilter because tk2dSprite (Script) depends on it

Can't remove MeshRenderer because tk2dSprite (Script) depends on it

Can't destroy Transform component of 'Clash Tink'. If you want to destroy the game object, please call 'Destroy' on the game object instead. Destroying the transform component is not allowed.

Can't remove MeshFilter because tk2dSprite (Script) depends on it

Can't remove MeshRenderer because tk2dSprite (Script) depends on it

Can't destroy Transform component of 'Clash Tink'. If you want to destroy the game object, please call 'Destroy' on the game object instead. Destroying the transform component is not allowed.

Can't remove MeshFilter because tk2dSprite (Script) depends on it

Can't remove MeshRenderer because tk2dSprite (Script) depends on it

Can't destroy Transform component of 'Clash Tink'. If you want to destroy the game object, please call 'Destroy' on the game object instead. Destroying the transform component is not allowed.

PlayOneShot was called with a null AudioClip.

Can't remove MeshFilter because tk2dSprite (Script) depends on it

Can't remove MeshRenderer because tk2dSprite (Script) depends on it

Can't destroy Transform component of 'Clash Tink'. If you want to destroy the game object, please call 'Destroy' on the game object instead. Destroying the transform component is not allowed.

Can't remove MeshFilter because tk2dSprite (Script) depends on it

Can't remove MeshRenderer because tk2dSprite (Script) depends on it

Can't destroy Transform component of 'Clash Tink'. If you want to destroy the game object, please call 'Destroy' on the game object instead. Destroying the transform component is not allowed.

Can't remove MeshFilter because tk2dSprite (Script) depends on it

Can't remove MeshRenderer because tk2dSprite (Script) depends on it

Can't destroy Transform component of 'Clash Tink'. If you want to destroy the game object, please call 'Destroy' on the game object instead. Destroying the transform component is not allowed.

Can't remove MeshFilter because tk2dSprite (Script) depends on it

Can't remove MeshRenderer because tk2dSprite (Script) depends on it

Can't destroy Transform component of 'Clash Tink'. If you want to destroy the game object, please call 'Destroy' on the game object instead. Destroying the transform component is not allowed.

Can't remove MeshFilter because tk2dSprite (Script) depends on it

Can't remove MeshRenderer because tk2dSprite (Script) depends on it

Can't destroy Transform component of 'Clash Tink'. If you want to destroy the game object, please call 'Destroy' on the game object instead. Destroying the transform component is not allowed.

AddEventHandlerComponent: PlayMakerFixedUpdate

AddEventHandlerComponent: PlayMakerFixedUpdate

AddEventHandlerComponent: PlayMakerFixedUpdate

AddEventHandlerComponent: PlayMakerFixedUpdate

AddEventHandlerComponent: PlayMakerFixedUpdate

AddEventHandlerComponent: PlayMakerFixedUpdate

AddEventHandlerComponent: PlayMakerFixedUpdate

AddEventHandlerComponent: PlayMakerFixedUpdate

AddEventHandlerComponent: PlayMakerFixedUpdate

AddEventHandlerComponent: PlayMakerFixedUpdate

AddEventHandlerComponent: PlayMakerFixedUpdate

AddEventHandlerComponent: PlayMakerFixedUpdate

PlayOneShot was called with a null AudioClip.

PlayOneShot was called with a null AudioClip.

PlayOneShot was called with a null AudioClip.

PlayOneShot was called with a null AudioClip.

Can't remove MeshFilter because tk2dSprite (Script) depends on it

Can't remove MeshRenderer because tk2dSprite (Script) depends on it

Can't destroy Transform component of 'Clash Tink'. If you want to destroy the game object, please call 'Destroy' on the game object instead. Destroying the transform component is not allowed.

PlayOneShot was called with a null AudioClip.

PlayOneShot was called with a null AudioClip.

PlayOneShot was called with a null AudioClip.

PlayOneShot was called with a null AudioClip.

PlayOneShot was called with a null AudioClip.

PlayOneShot was called with a null AudioClip.

PlayOneShot was called with a null AudioClip.

PlayOneShot was called with a null AudioClip.

Can't remove MeshFilter because tk2dSprite (Script) depends on it

Can't remove MeshRenderer because tk2dSprite (Script) depends on it

Can't destroy Transform component of 'Clash Tink'. If you want to destroy the game object, please call 'Destroy' on the game object instead. Destroying the transform component is not allowed.

Can't remove MeshFilter because tk2dSprite (Script) depends on it

Can't remove MeshRenderer because tk2dSprite (Script) depends on it

Can't destroy Transform component of 'Clash Tink'. If you want to destroy the game object, please call 'Destroy' on the game object instead. Destroying the transform component is not allowed.

PlayOneShot was called with a null AudioClip.

Can't remove MeshFilter because tk2dSprite (Script) depends on it

Can't remove MeshRenderer because tk2dSprite (Script) depends on it

Can't destroy Transform component of 'Clash Tink'. If you want to destroy the game object, please call 'Destroy' on the game object instead. Destroying the transform component is not allowed.

Can't remove MeshFilter because tk2dSprite (Script) depends on it

Can't remove MeshRenderer because tk2dSprite (Script) depends on it

Can't destroy Transform component of 'Clash Tink'. If you want to destroy the game object, please call 'Destroy' on the game object instead. Destroying the transform component is not allowed.

Can't remove MeshFilter because tk2dSprite (Script) depends on it

Can't remove MeshRenderer because tk2dSprite (Script) depends on it

Can't destroy Transform component of 'Clash Tink'. If you want to destroy the game object, please call 'Destroy' on the game object instead. Destroying the transform component is not allowed.

Can't remove MeshFilter because tk2dSprite (Script) depends on it

Can't remove MeshRenderer because tk2dSprite (Script) depends on it

Can't destroy Transform component of 'Clash Tink'. If you want to destroy the game object, please call 'Destroy' on the game object instead. Destroying the transform component is not allowed.

AddEventHandlerComponent: PlayMakerFixedUpdate

AddEventHandlerComponent: PlayMakerFixedUpdate

AddEventHandlerComponent: PlayMakerFixedUpdate

AddEventHandlerComponent: PlayMakerFixedUpdate

AddEventHandlerComponent: PlayMakerFixedUpdate

AddEventHandlerComponent: PlayMakerFixedUpdate

AddEventHandlerComponent: PlayMakerFixedUpdate

AddEventHandlerComponent: PlayMakerFixedUpdate

PlayOneShot was called with a null AudioClip.

PlayOneShot was called with a null AudioClip.

PlayOneShot was called with a null AudioClip.

PlayOneShot was called with a null AudioClip.

PlayOneShot was called with a null AudioClip.

PlayOneShot was called with a null AudioClip.

PlayOneShot was called with a null AudioClip.

PlayOneShot was called with a null AudioClip.

PlayOneShot was called with a null AudioClip.

PlayOneShot was called with a null AudioClip.

PlayOneShot was called with a null AudioClip.

PlayOneShot was called with a null AudioClip.

PlayOneShot was called with a null AudioClip.

Can't remove MeshFilter because tk2dSprite (Script) depends on it

Can't remove MeshRenderer because tk2dSprite (Script) depends on it

Can't destroy Transform component of 'Clash Tink'. If you want to destroy the game object, please call 'Destroy' on the game object instead. Destroying the transform component is not allowed.

Can't remove MeshFilter because tk2dSprite (Script) depends on it

Can't remove MeshRenderer because tk2dSprite (Script) depends on it

Can't destroy Transform component of 'Clash Tink'. If you want to destroy the game object, please call 'Destroy' on the game object instead. Destroying the transform component is not allowed.

Can't remove MeshFilter because tk2dSprite (Script) depends on it

Can't remove MeshRenderer because tk2dSprite (Script) depends on it

Can't destroy Transform component of 'Clash Tink'. If you want to destroy the game object, please call 'Destroy' on the game object instead. Destroying the transform component is not allowed.

Can't remove MeshFilter because tk2dSprite (Script) depends on it

Can't remove MeshRenderer because tk2dSprite (Script) depends on it

Can't destroy Transform component of 'Clash Tink'. If you want to destroy the game object, please call 'Destroy' on the game object instead. Destroying the transform component is not allowed.

Can't remove MeshFilter because tk2dSprite (Script) depends on it

Can't remove MeshRenderer because tk2dSprite (Script) depends on it

Can't destroy Transform component of 'Clash Tink'. If you want to destroy the game object, please call 'Destroy' on the game object instead. Destroying the transform component is not allowed.

PlayOneShot was called with a null AudioClip.

PlayOneShot was called with a null AudioClip.

PlayOneShot was called with a null AudioClip.

PlayOneShot was called with a null AudioClip.

PlayOneShot was called with a null AudioClip.

PlayOneShot was called with a null AudioClip.

PlayOneShot was called with a null AudioClip.

PlayOneShot was called with a null AudioClip.

Can't remove MeshFilter because tk2dSprite (Script) depends on it

Can't remove MeshRenderer because tk2dSprite (Script) depends on it

Can't destroy Transform component of 'Clash Tink'. If you want to destroy the game object, please call 'Destroy' on the game object instead. Destroying the transform component is not allowed.

PlayOneShot was called with a null AudioClip.

PlayOneShot was called with a null AudioClip.

PlayOneShot was called with a null AudioClip.

PlayOneShot was called with a null AudioClip.

Object Pool attached to GlobalPool has run out of Vomit Glob prefabs, Instantiating an additional one.

AddEventHandlerComponent: PlayMakerFixedUpdate

Object Pool attached to GlobalPool has run out of Vomit Glob prefabs, Instantiating an additional one.

AddEventHandlerComponent: PlayMakerFixedUpdate

Object Pool attached to GlobalPool has run out of Vomit Glob prefabs, Instantiating an additional one.

AddEventHandlerComponent: PlayMakerFixedUpdate

Object Pool attached to GlobalPool has run out of Vomit Glob prefabs, Instantiating an additional one.

AddEventHandlerComponent: PlayMakerFixedUpdate

PlayOneShot was called with a null AudioClip.

PlayOneShot was called with a null AudioClip.

PlayOneShot was called with a null AudioClip.

PlayOneShot was called with a null AudioClip.

PlayOneShot was called with a null AudioClip.

PlayOneShot was called with a null AudioClip.

PlayOneShot was called with a null AudioClip.

PlayOneShot was called with a null AudioClip.

PlayOneShot was called with a null AudioClip.

PlayOneShot was called with a null AudioClip.

PlayOneShot was called with a null AudioClip.

PlayOneShot was called with a null AudioClip.

PlayOneShot was called with a null AudioClip.

Can't remove MeshFilter because tk2dSprite (Script) depends on it

Can't remove MeshRenderer because tk2dSprite (Script) depends on it

Can't destroy Transform component of 'Clash Tink'. If you want to destroy the game object, please call 'Destroy' on the game object instead. Destroying the transform component is not allowed.

PlayOneShot was called with a null AudioClip.

Can't remove MeshFilter because tk2dSprite (Script) depends on it

Can't remove MeshRenderer because tk2dSprite (Script) depends on it

Can't destroy Transform component of 'Clash Tink'. If you want to destroy the game object, please call 'Destroy' on the game object instead. Destroying the transform component is not allowed.

Can't remove MeshFilter because tk2dSprite (Script) depends on it

Can't remove MeshRenderer because tk2dSprite (Script) depends on it

Can't destroy Transform component of 'Clash Tink'. If you want to destroy the game object, please call 'Destroy' on the game object instead. Destroying the transform component is not allowed.

PlayOneShot was called with a null AudioClip.

PlayOneShot was called with a null AudioClip.

PlayOneShot was called with a null AudioClip.

PlayOneShot was called with a null AudioClip.

PlayOneShot was called with a null AudioClip.

PlayOneShot was called with a null AudioClip.

PlayOneShot was called with a null AudioClip.

PlayOneShot was called with a null AudioClip.

PlayOneShot was called with a null AudioClip.

PlayOneShot was called with a null AudioClip.

PlayOneShot was called with a null AudioClip.

PlayOneShot was called with a null AudioClip.

PlayOneShot was called with a null AudioClip.

Object Pool attached to GlobalPool has run out of Nail Clash Effect prefabs, Instantiating an additional one.

PlayOneShot was called with a null AudioClip.

PlayOneShot was called with a null AudioClip.

PlayOneShot was called with a null AudioClip.

PlayOneShot was called with a null AudioClip.

PlayOneShot was called with a null AudioClip.

PlayOneShot was called with a null AudioClip.

PlayOneShot was called with a null AudioClip.

PlayOneShot was called with a null AudioClip.

PlayOneShot was called with a null AudioClip.

PlayOneShot was called with a null AudioClip.

PlayOneShot was called with a null AudioClip.

PlayOneShot was called with a null AudioClip.

PlayOneShot was called with a null AudioClip.

PlayOneShot was called with a null AudioClip.

Asset unload force by death in boss sequence.

AddEventHandlerComponent: PlayMakerFixedUpdate

AddEventHandlerComponent: PlayMakerFixedUpdate

AddEventHandlerComponent: PlayMakerFixedUpdate

AddEventHandlerComponent: PlayMakerFixedUpdate

AddEventHandlerComponent: PlayMakerFixedUpdate

AddEventHandlerComponent: PlayMakerFixedUpdate

AddEventHandlerComponent: PlayMakerFixedUpdate

AddEventHandlerComponent: PlayMakerFixedUpdate

AddEventHandlerComponent: PlayMakerFixedUpdate

AddEventHandlerComponent: PlayMakerFixedUpdate

AddEventHandlerComponent: PlayMakerFixedUpdate

Deferring level start (marked as manual).

Unloading 52 Unused Serialized files (Serialized files now loaded: 1)

Unloading 761 unused Assets to reduce memory usage. Loaded Objects now: 67682.
Total: 347.364900 ms (FindLiveObjects: 4.271600 ms CreateObjectMapping: 2.954000 ms MarkObjects: 335.286200 ms  DeleteObjects: 4.852500 ms)

Deferring level start (marked as manual).

Using fallback 1 to find tilemap. Scene GG_Boss_Door_Entrance requires manual fixing.

Using fallback 2 to find tilemap. Scene GG_Boss_Door_Entrance requires manual fixing.

Failed to find tilemap in GG_Boss_Door_Entrance entirely.

AddEventHandlerComponent: PlayMakerFixedUpdate

AddEventHandlerComponent: PlayMakerFixedUpdate

AddEventHandlerComponent: PlayMakerFixedUpdate

AddEventHandlerComponent: PlayMakerFixedUpdate

AddEventHandlerComponent: PlayMakerFixedUpdate

AddEventHandlerComponent: PlayMakerFixedUpdate

AddEventHandlerComponent: PlayMakerFixedUpdate

AddEventHandlerComponent: PlayMakerFixedUpdate

Deferring level start (marked as manual).

AddEventHandlerComponent: PlayMakerFixedUpdate

PlayOneShot was called with a null AudioClip.

Can't remove MeshFilter because tk2dSprite (Script) depends on it

Can't remove MeshRenderer because tk2dSprite (Script) depends on it

Can't destroy Transform component of 'Clash Tink'. If you want to destroy the game object, please call 'Destroy' on the game object instead. Destroying the transform component is not allowed.

Can't remove MeshFilter because tk2dSprite (Script) depends on it

Can't remove MeshRenderer because tk2dSprite (Script) depends on it

Can't destroy Transform component of 'Clash Tink'. If you want to destroy the game object, please call 'Destroy' on the game object instead. Destroying the transform component is not allowed.

nailDamage: 21, multiplied: 52.5

Can't remove MeshFilter because tk2dSprite (Script) depends on it

Can't remove MeshRenderer because tk2dSprite (Script) depends on it

Can't destroy Transform component of 'Clash Tink'. If you want to destroy the game object, please call 'Destroy' on the game object instead. Destroying the transform component is not allowed.

nailDamage: 21, multiplied: 52.5

Can't remove MeshFilter because tk2dSprite (Script) depends on it

Can't remove MeshRenderer because tk2dSprite (Script) depends on it

Can't destroy Transform component of 'Clash Tink'. If you want to destroy the game object, please call 'Destroy' on the game object instead. Destroying the transform component is not allowed.

Can't remove MeshFilter because tk2dSprite (Script) depends on it

Can't remove MeshRenderer because tk2dSprite (Script) depends on it

Can't destroy Transform component of 'Clash Tink'. If you want to destroy the game object, please call 'Destroy' on the game object instead. Destroying the transform component is not allowed.

nailDamage: 21, multiplied: 52.5

Can't remove MeshFilter because tk2dSprite (Script) depends on it

Can't remove MeshRenderer because tk2dSprite (Script) depends on it

Can't destroy Transform component of 'Clash Tink'. If you want to destroy the game object, please call 'Destroy' on the game object instead. Destroying the transform component is not allowed.

Can't remove MeshFilter because tk2dSprite (Script) depends on it

Can't remove MeshRenderer because tk2dSprite (Script) depends on it

Can't destroy Transform component of 'Clash Tink'. If you want to destroy the game object, please call 'Destroy' on the game object instead. Destroying the transform component is not allowed.

Can't remove MeshFilter because tk2dSprite (Script) depends on it

Can't remove MeshRenderer because tk2dSprite (Script) depends on it

Can't destroy Transform component of 'Clash Tink'. If you want to destroy the game object, please call 'Destroy' on the game object instead. Destroying the transform component is not allowed.

nailDamage: 21, multiplied: 26.25

nailDamage: 21, multiplied: 26.25

Can't remove MeshFilter because tk2dSprite (Script) depends on it

Can't remove MeshRenderer because tk2dSprite (Script) depends on it

Can't destroy Transform component of 'Clash Tink'. If you want to destroy the game object, please call 'Destroy' on the game object instead. Destroying the transform component is not allowed.

Asset unload force by death in boss sequence.

AddEventHandlerComponent: PlayMakerFixedUpdate

AddEventHandlerComponent: PlayMakerFixedUpdate

AddEventHandlerComponent: PlayMakerFixedUpdate

AddEventHandlerComponent: PlayMakerFixedUpdate

AddEventHandlerComponent: PlayMakerFixedUpdate

AddEventHandlerComponent: PlayMakerFixedUpdate

AddEventHandlerComponent: PlayMakerFixedUpdate

AddEventHandlerComponent: PlayMakerFixedUpdate

AddEventHandlerComponent: PlayMakerFixedUpdate

AddEventHandlerComponent: PlayMakerFixedUpdate

AddEventHandlerComponent: PlayMakerFixedUpdate

Deferring level start (marked as manual).

Unloading 40 Unused Serialized files (Serialized files now loaded: 1)

Unloading 236 unused Assets to reduce memory usage. Loaded Objects now: 67749.
Total: 433.392100 ms (FindLiveObjects: 3.991700 ms CreateObjectMapping: 2.975000 ms MarkObjects: 424.238600 ms  DeleteObjects: 2.185900 ms)

Deferring level start (marked as manual).

Using fallback 1 to find tilemap. Scene GG_Boss_Door_Entrance requires manual fixing.

Using fallback 2 to find tilemap. Scene GG_Boss_Door_Entrance requires manual fixing.

Failed to find tilemap in GG_Boss_Door_Entrance entirely.

AddEventHandlerComponent: PlayMakerFixedUpdate

AddEventHandlerComponent: PlayMakerFixedUpdate

AddEventHandlerComponent: PlayMakerFixedUpdate

AddEventHandlerComponent: PlayMakerFixedUpdate

AddEventHandlerComponent: PlayMakerFixedUpdate

AddEventHandlerComponent: PlayMakerFixedUpdate

AddEventHandlerComponent: PlayMakerFixedUpdate

AddEventHandlerComponent: PlayMakerFixedUpdate

Deferring level start (marked as manual).

AddEventHandlerComponent: PlayMakerFixedUpdate

PlayOneShot was called with a null AudioClip.

Can't remove MeshFilter because tk2dSprite (Script) depends on it

Can't remove MeshRenderer because tk2dSprite (Script) depends on it

Can't destroy Transform component of 'Clash Tink'. If you want to destroy the game object, please call 'Destroy' on the game object instead. Destroying the transform component is not allowed.

Can't remove MeshFilter because tk2dSprite (Script) depends on it

Can't remove MeshRenderer because tk2dSprite (Script) depends on it

Can't destroy Transform component of 'Clash Tink'. If you want to destroy the game object, please call 'Destroy' on the game object instead. Destroying the transform component is not allowed.

Can't remove MeshFilter because tk2dSprite (Script) depends on it

Can't remove MeshRenderer because tk2dSprite (Script) depends on it

Can't destroy Transform component of 'Clash Tink'. If you want to destroy the game object, please call 'Destroy' on the game object instead. Destroying the transform component is not allowed.

Can't remove MeshFilter because tk2dSprite (Script) depends on it

Can't remove MeshRenderer because tk2dSprite (Script) depends on it

Can't destroy Transform component of 'Clash Tink'. If you want to destroy the game object, please call 'Destroy' on the game object instead. Destroying the transform component is not allowed.

nailDamage: 21, multiplied: 26.25

nailDamage: 21, multiplied: 26.25

Can't remove MeshFilter because tk2dSprite (Script) depends on it

Can't remove MeshRenderer because tk2dSprite (Script) depends on it

Can't destroy Transform component of 'Clash Tink'. If you want to destroy the game object, please call 'Destroy' on the game object instead. Destroying the transform component is not allowed.

Asset unload force by death in boss sequence.

AddEventHandlerComponent: PlayMakerFixedUpdate

AddEventHandlerComponent: PlayMakerFixedUpdate

AddEventHandlerComponent: PlayMakerFixedUpdate

AddEventHandlerComponent: PlayMakerFixedUpdate

AddEventHandlerComponent: PlayMakerFixedUpdate

AddEventHandlerComponent: PlayMakerFixedUpdate

AddEventHandlerComponent: PlayMakerFixedUpdate

AddEventHandlerComponent: PlayMakerFixedUpdate

AddEventHandlerComponent: PlayMakerFixedUpdate

AddEventHandlerComponent: PlayMakerFixedUpdate

AddEventHandlerComponent: PlayMakerFixedUpdate

Deferring level start (marked as manual).

Unloading 40 Unused Serialized files (Serialized files now loaded: 1)

Unloading 234 unused Assets to reduce memory usage. Loaded Objects now: 67817.
Total: 330.912600 ms (FindLiveObjects: 4.605900 ms CreateObjectMapping: 3.241000 ms MarkObjects: 320.959200 ms  DeleteObjects: 2.105500 ms)

nailDamage: 21, multiplied: 26.25

nailDamage: 21, multiplied: 26.25

nailDamage: 21, multiplied: 26.25

nailDamage: 21, multiplied: 26.25

Deferring level start (marked as manual).

Using fallback 1 to find tilemap. Scene GG_Boss_Door_Entrance requires manual fixing.

Using fallback 2 to find tilemap. Scene GG_Boss_Door_Entrance requires manual fixing.

Failed to find tilemap in GG_Boss_Door_Entrance entirely.

AddEventHandlerComponent: PlayMakerFixedUpdate

AddEventHandlerComponent: PlayMakerFixedUpdate

AddEventHandlerComponent: PlayMakerFixedUpdate

AddEventHandlerComponent: PlayMakerFixedUpdate

AddEventHandlerComponent: PlayMakerFixedUpdate

AddEventHandlerComponent: PlayMakerFixedUpdate

AddEventHandlerComponent: PlayMakerFixedUpdate

AddEventHandlerComponent: PlayMakerFixedUpdate

Deferring level start (marked as manual).

AddEventHandlerComponent: PlayMakerFixedUpdate

PlayOneShot was called with a null AudioClip.

Can't remove MeshFilter because tk2dSprite (Script) depends on it

Can't remove MeshRenderer because tk2dSprite (Script) depends on it

Can't destroy Transform component of 'Clash Tink'. If you want to destroy the game object, please call 'Destroy' on the game object instead. Destroying the transform component is not allowed.

Can't remove MeshFilter because tk2dSprite (Script) depends on it

Can't remove MeshRenderer because tk2dSprite (Script) depends on it

Can't destroy Transform component of 'Clash Tink'. If you want to destroy the game object, please call 'Destroy' on the game object instead. Destroying the transform component is not allowed.

Can't remove MeshFilter because tk2dSprite (Script) depends on it

Can't remove MeshRenderer because tk2dSprite (Script) depends on it

Can't destroy Transform component of 'Clash Tink'. If you want to destroy the game object, please call 'Destroy' on the game object instead. Destroying the transform component is not allowed.

Can't remove MeshFilter because tk2dSprite (Script) depends on it

Can't remove MeshRenderer because tk2dSprite (Script) depends on it

Can't destroy Transform component of 'Clash Tink'. If you want to destroy the game object, please call 'Destroy' on the game object instead. Destroying the transform component is not allowed.

Can't remove MeshFilter because tk2dSprite (Script) depends on it

Can't remove MeshRenderer because tk2dSprite (Script) depends on it

Can't destroy Transform component of 'Clash Tink'. If you want to destroy the game object, please call 'Destroy' on the game object instead. Destroying the transform component is not allowed.

Can't remove MeshFilter because tk2dSprite (Script) depends on it

Can't remove MeshRenderer because tk2dSprite (Script) depends on it

Can't destroy Transform component of 'Clash Tink'. If you want to destroy the game object, please call 'Destroy' on the game object instead. Destroying the transform component is not allowed.

Can't remove MeshFilter because tk2dSprite (Script) depends on it

Can't remove MeshRenderer because tk2dSprite (Script) depends on it

Can't destroy Transform component of 'Clash Tink'. If you want to destroy the game object, please call 'Destroy' on the game object instead. Destroying the transform component is not allowed.

Can't remove MeshFilter because tk2dSprite (Script) depends on it

Can't remove MeshRenderer because tk2dSprite (Script) depends on it

Can't destroy Transform component of 'Clash Tink'. If you want to destroy the game object, please call 'Destroy' on the game object instead. Destroying the transform component is not allowed.

Can't remove MeshFilter because tk2dSprite (Script) depends on it

Can't remove MeshRenderer because tk2dSprite (Script) depends on it

Can't destroy Transform component of 'Clash Tink'. If you want to destroy the game object, please call 'Destroy' on the game object instead. Destroying the transform component is not allowed.

Can't remove MeshFilter because tk2dSprite (Script) depends on it

Can't remove MeshRenderer because tk2dSprite (Script) depends on it

Can't destroy Transform component of 'Clash Tink'. If you want to destroy the game object, please call 'Destroy' on the game object instead. Destroying the transform component is not allowed.

Can't remove MeshFilter because tk2dSprite (Script) depends on it

Can't remove MeshRenderer because tk2dSprite (Script) depends on it

Can't destroy Transform component of 'Clash Tink'. If you want to destroy the game object, please call 'Destroy' on the game object instead. Destroying the transform component is not allowed.

Can't remove MeshFilter because tk2dSprite (Script) depends on it

Can't remove MeshRenderer because tk2dSprite (Script) depends on it

Can't destroy Transform component of 'Clash Tink'. If you want to destroy the game object, please call 'Destroy' on the game object instead. Destroying the transform component is not allowed.

Can't remove MeshFilter because tk2dSprite (Script) depends on it

Can't remove MeshRenderer because tk2dSprite (Script) depends on it

Can't destroy Transform component of 'Clash Tink'. If you want to destroy the game object, please call 'Destroy' on the game object instead. Destroying the transform component is not allowed.

Can't remove MeshFilter because tk2dSprite (Script) depends on it

Can't remove MeshRenderer because tk2dSprite (Script) depends on it

Can't destroy Transform component of 'Clash Tink'. If you want to destroy the game object, please call 'Destroy' on the game object instead. Destroying the transform component is not allowed.

Can't remove MeshFilter because tk2dSprite (Script) depends on it

Can't remove MeshRenderer because tk2dSprite (Script) depends on it

Can't destroy Transform component of 'Clash Tink'. If you want to destroy the game object, please call 'Destroy' on the game object instead. Destroying the transform component is not allowed.

Can't remove MeshFilter because tk2dSprite (Script) depends on it

Can't remove MeshRenderer because tk2dSprite (Script) depends on it

Can't destroy Transform component of 'Clash Tink'. If you want to destroy the game object, please call 'Destroy' on the game object instead. Destroying the transform component is not allowed.

Can't remove MeshFilter because tk2dSprite (Script) depends on it

Can't remove MeshRenderer because tk2dSprite (Script) depends on it

Can't destroy Transform component of 'Clash Tink'. If you want to destroy the game object, please call 'Destroy' on the game object instead. Destroying the transform component is not allowed.

Can't remove MeshFilter because tk2dSprite (Script) depends on it

Can't remove MeshRenderer because tk2dSprite (Script) depends on it

Can't destroy Transform component of 'Clash Tink'. If you want to destroy the game object, please call 'Destroy' on the game object instead. Destroying the transform component is not allowed.

Can't remove MeshFilter because tk2dSprite (Script) depends on it

Can't remove MeshRenderer because tk2dSprite (Script) depends on it

Can't destroy Transform component of 'Clash Tink'. If you want to destroy the game object, please call 'Destroy' on the game object instead. Destroying the transform component is not allowed.

Can't remove MeshFilter because tk2dSprite (Script) depends on it

Can't remove MeshRenderer because tk2dSprite (Script) depends on it

Can't destroy Transform component of 'Clash Tink'. If you want to destroy the game object, please call 'Destroy' on the game object instead. Destroying the transform component is not allowed.

Can't remove MeshFilter because tk2dSprite (Script) depends on it

Can't remove MeshRenderer because tk2dSprite (Script) depends on it

Can't destroy Transform component of 'Clash Tink'. If you want to destroy the game object, please call 'Destroy' on the game object instead. Destroying the transform component is not allowed.

Can't remove MeshFilter because tk2dSprite (Script) depends on it

Can't remove MeshRenderer because tk2dSprite (Script) depends on it

Can't destroy Transform component of 'Clash Tink'. If you want to destroy the game object, please call 'Destroy' on the game object instead. Destroying the transform component is not allowed.

Can't remove MeshFilter because tk2dSprite (Script) depends on it

Can't remove MeshRenderer because tk2dSprite (Script) depends on it

Can't destroy Transform component of 'Clash Tink'. If you want to destroy the game object, please call 'Destroy' on the game object instead. Destroying the transform component is not allowed.

Can't remove MeshFilter because tk2dSprite (Script) depends on it

Can't remove MeshRenderer because tk2dSprite (Script) depends on it

Can't destroy Transform component of 'Clash Tink'. If you want to destroy the game object, please call 'Destroy' on the game object instead. Destroying the transform component is not allowed.

Can't remove MeshFilter because tk2dSprite (Script) depends on it

Can't remove MeshRenderer because tk2dSprite (Script) depends on it

Can't destroy Transform component of 'Clash Tink'. If you want to destroy the game object, please call 'Destroy' on the game object instead. Destroying the transform component is not allowed.

get_actions: Fsm not initialized: Cast Right

get_fsm: Fsm not initialized: Cast Right

get_fsm: Fsm not initialized: Cast Right

state.Fsm == null

Error Loading Action: Cast Right : HutongGames.PlayMaker.Actions.SetScale : gameObject
System.NullReferenceException: Object reference not set to an instance of an object
  at HutongGames.PlayMaker.ActionData.GetFsmOwnerDefault (HutongGames.PlayMaker.Fsm fsm, System.Int32 paramIndex) [0x0003d] in <29eb59fa5c9943cd8f336db074533d31>:0 
  at HutongGames.PlayMaker.ActionData.LoadActionField (HutongGames.PlayMaker.Fsm fsm, System.Object obj, System.Reflection.FieldInfo field, System.Int32 paramIndex) [0x002cd] in <29eb59fa5c9943cd8f336db074533d31>:0 
  at HutongGames.PlayMaker.ActionData.CreateAction (HutongGames.PlayMaker.ActionData+Context context, System.Int32 actionIndex) [0x0024f] in <29eb59fa5c9943cd8f336db074533d31>:0 

Error Loading Action: Cast Right : HutongGames.PlayMaker.Actions.SetScale : vector
System.NullReferenceException: Object reference not set to an instance of an object
  at HutongGames.PlayMaker.ActionData.GetFsmVector3 (HutongGames.PlayMaker.Fsm fsm, System.Int32 paramIndex) [0x0000d] in <29eb59fa5c9943cd8f336db074533d31>:0 
  at HutongGames.PlayMaker.ActionData.LoadActionField (HutongGames.PlayMaker.Fsm fsm, System.Object obj, System.Reflection.FieldInfo field, System.Int32 paramIndex) [0x00129] in <29eb59fa5c9943cd8f336db074533d31>:0 
  at HutongGames.PlayMaker.ActionData.CreateAction (HutongGames.PlayMaker.ActionData+Context context, System.Int32 actionIndex) [0x0024f] in <29eb59fa5c9943cd8f336db074533d31>:0 

fsm == null!

fsm == null!

fsm == null!

get_fsm: Fsm not initialized: Cast Right

state.Fsm == null

Error Loading Action: Cast Right : HutongGames.PlayMaker.Actions.SendEventByName : eventTarget
System.NullReferenceException: Object reference not set to an instance of an object
  at HutongGames.PlayMaker.ActionData.GetFsmEventTarget (HutongGames.PlayMaker.Fsm fsm, System.Int32 paramIndex) [0x00063] in <29eb59fa5c9943cd8f336db074533d31>:0 
  at HutongGames.PlayMaker.ActionData.LoadActionField (HutongGames.PlayMaker.Fsm fsm, System.Object obj, System.Reflection.FieldInfo field, System.Int32 paramIndex) [0x00295] in <29eb59fa5c9943cd8f336db074533d31>:0 
  at HutongGames.PlayMaker.ActionData.CreateAction (HutongGames.PlayMaker.ActionData+Context context, System.Int32 actionIndex) [0x0024f] in <29eb59fa5c9943cd8f336db074533d31>:0 

fsm == null!

get_fsm: Fsm not initialized: Cast Right

state.Fsm == null

Error Loading Action: Cast Right : HutongGames.PlayMaker.Actions.PlayerDataBoolTest : gameObject
System.NullReferenceException: Object reference not set to an instance of an object
  at HutongGames.PlayMaker.ActionData.GetFsmOwnerDefault (HutongGames.PlayMaker.Fsm fsm, System.Int32 paramIndex) [0x0003d] in <29eb59fa5c9943cd8f336db074533d31>:0 
  at HutongGames.PlayMaker.ActionData.LoadActionField (HutongGames.PlayMaker.Fsm fsm, System.Object obj, System.Reflection.FieldInfo field, System.Int32 paramIndex) [0x002cd] in <29eb59fa5c9943cd8f336db074533d31>:0 
  at HutongGames.PlayMaker.ActionData.CreateAction (HutongGames.PlayMaker.ActionData+Context context, System.Int32 actionIndex) [0x0024f] in <29eb59fa5c9943cd8f336db074533d31>:0 

Error Loading Action: Cast Right : HutongGames.PlayMaker.Actions.PlayerDataBoolTest : isTrue
System.NullReferenceException: Object reference not set to an instance of an object
  at HutongGames.PlayMaker.ActionData.LoadActionField (HutongGames.PlayMaker.Fsm fsm, System.Object obj, System.Reflection.FieldInfo field, System.Int32 paramIndex) [0x00032] in <29eb59fa5c9943cd8f336db074533d31>:0 
  at HutongGames.PlayMaker.ActionData.CreateAction (HutongGames.PlayMaker.ActionData+Context context, System.Int32 actionIndex) [0x0024f] in <29eb59fa5c9943cd8f336db074533d31>:0 

Error Loading Action: Cast Right : HutongGames.PlayMaker.Actions.PlayerDataBoolTest : isFalse
System.NullReferenceException: Object reference not set to an instance of an object
  at HutongGames.PlayMaker.ActionData.LoadActionField (HutongGames.PlayMaker.Fsm fsm, System.Object obj, System.Reflection.FieldInfo field, System.Int32 paramIndex) [0x00032] in <29eb59fa5c9943cd8f336db074533d31>:0 
  at HutongGames.PlayMaker.ActionData.CreateAction (HutongGames.PlayMaker.ActionData+Context context, System.Int32 actionIndex) [0x0024f] in <29eb59fa5c9943cd8f336db074533d31>:0 

get_fsm: Fsm not initialized: Cast Right

state.Fsm == null

Error Loading Action: Cast Right : HutongGames.PlayMaker.Actions.AudioPlayerOneShotSingle : spawnPoint
System.NullReferenceException: Object reference not set to an instance of an object
  at HutongGames.PlayMaker.ActionData.GetFsmGameObject (HutongGames.PlayMaker.Fsm fsm, System.Int32 paramIndex) [0x00037] in <29eb59fa5c9943cd8f336db074533d31>:0 
  at HutongGames.PlayMaker.ActionData.LoadActionField (HutongGames.PlayMaker.Fsm fsm, System.Object obj, System.Reflection.FieldInfo field, System.Int32 paramIndex) [0x00016] in <29eb59fa5c9943cd8f336db074533d31>:0 
  at HutongGames.PlayMaker.ActionData.CreateAction (HutongGames.PlayMaker.ActionData+Context context, System.Int32 actionIndex) [0x0024f] in <29eb59fa5c9943cd8f336db074533d31>:0 

fsm == null!

fsm == null!

fsm == null!

fsm == null!

get_fsm: Fsm not initialized: Cast Right

state.Fsm == null

Error Loading Action: Cast Right : HutongGames.PlayMaker.Actions.SpawnObjectFromGlobalPool : spawnPoint
System.NullReferenceException: Object reference not set to an instance of an object
  at HutongGames.PlayMaker.ActionData.GetFsmGameObject (HutongGames.PlayMaker.Fsm fsm, System.Int32 paramIndex) [0x00037] in <29eb59fa5c9943cd8f336db074533d31>:0 
  at HutongGames.PlayMaker.ActionData.LoadActionField (HutongGames.PlayMaker.Fsm fsm, System.Object obj, System.Reflection.FieldInfo field, System.Int32 paramIndex) [0x00016] in <29eb59fa5c9943cd8f336db074533d31>:0 
  at HutongGames.PlayMaker.ActionData.CreateAction (HutongGames.PlayMaker.ActionData+Context context, System.Int32 actionIndex) [0x0024f] in <29eb59fa5c9943cd8f336db074533d31>:0 

Error Loading Action: Cast Right : HutongGames.PlayMaker.Actions.SpawnObjectFromGlobalPool : position
System.NullReferenceException: Object reference not set to an instance of an object
  at HutongGames.PlayMaker.ActionData.GetFsmVector3 (HutongGames.PlayMaker.Fsm fsm, System.Int32 paramIndex) [0x0000d] in <29eb59fa5c9943cd8f336db074533d31>:0 
  at HutongGames.PlayMaker.ActionData.LoadActionField (HutongGames.PlayMaker.Fsm fsm, System.Object obj, System.Reflection.FieldInfo field, System.Int32 paramIndex) [0x00129] in <29eb59fa5c9943cd8f336db074533d31>:0 
  at HutongGames.PlayMaker.ActionData.CreateAction (HutongGames.PlayMaker.ActionData+Context context, System.Int32 actionIndex) [0x0024f] in <29eb59fa5c9943cd8f336db074533d31>:0 

Error Loading Action: Cast Right : HutongGames.PlayMaker.Actions.SpawnObjectFromGlobalPool : rotation
System.NullReferenceException: Object reference not set to an instance of an object
  at HutongGames.PlayMaker.ActionData.GetFsmVector3 (HutongGames.PlayMaker.Fsm fsm, System.Int32 paramIndex) [0x0000d] in <29eb59fa5c9943cd8f336db074533d31>:0 
  at HutongGames.PlayMaker.ActionData.LoadActionField (HutongGames.PlayMaker.Fsm fsm, System.Object obj, System.Reflection.FieldInfo field, System.Int32 paramIndex) [0x00129] in <29eb59fa5c9943cd8f336db074533d31>:0 
  at HutongGames.PlayMaker.ActionData.CreateAction (HutongGames.PlayMaker.ActionData+Context context, System.Int32 actionIndex) [0x0024f] in <29eb59fa5c9943cd8f336db074533d31>:0 

Error Loading Action: Cast Right : HutongGames.PlayMaker.Actions.SpawnObjectFromGlobalPool : storeObject
System.NullReferenceException: Object reference not set to an instance of an object
  at HutongGames.PlayMaker.ActionData.GetFsmGameObject (HutongGames.PlayMaker.Fsm fsm, System.Int32 paramIndex) [0x00037] in <29eb59fa5c9943cd8f336db074533d31>:0 
  at HutongGames.PlayMaker.ActionData.LoadActionField (HutongGames.PlayMaker.Fsm fsm, System.Object obj, System.Reflection.FieldInfo field, System.Int32 paramIndex) [0x00016] in <29eb59fa5c9943cd8f336db074533d31>:0 
  at HutongGames.PlayMaker.ActionData.CreateAction (HutongGames.PlayMaker.ActionData+Context context, System.Int32 actionIndex) [0x0024f] in <29eb59fa5c9943cd8f336db074533d31>:0 

get_fsm: Fsm not initialized: Cast Right

state.Fsm == null

Error Loading Action: Cast Right : HutongGames.PlayMaker.Actions.SetFsmFloat : gameObject
System.NullReferenceException: Object reference not set to an instance of an object
  at HutongGames.PlayMaker.ActionData.GetFsmOwnerDefault (HutongGames.PlayMaker.Fsm fsm, System.Int32 paramIndex) [0x0003d] in <29eb59fa5c9943cd8f336db074533d31>:0 
  at HutongGames.PlayMaker.ActionData.LoadActionField (HutongGames.PlayMaker.Fsm fsm, System.Object obj, System.Reflection.FieldInfo field, System.Int32 paramIndex) [0x002cd] in <29eb59fa5c9943cd8f336db074533d31>:0 
  at HutongGames.PlayMaker.ActionData.CreateAction (HutongGames.PlayMaker.ActionData+Context context, System.Int32 actionIndex) [0x0024f] in <29eb59fa5c9943cd8f336db074533d31>:0 

fsm == null!

get_fsm: Fsm not initialized: Cast Right

state.Fsm == null

Error Loading Action: Cast Right : HutongGames.PlayMaker.Actions.SetVelocityAsAngle : gameObject
System.NullReferenceException: Object reference not set to an instance of an object
  at HutongGames.PlayMaker.ActionData.GetFsmOwnerDefault (HutongGames.PlayMaker.Fsm fsm, System.Int32 paramIndex) [0x0003d] in <29eb59fa5c9943cd8f336db074533d31>:0 
  at HutongGames.PlayMaker.ActionData.LoadActionField (HutongGames.PlayMaker.Fsm fsm, System.Object obj, System.Reflection.FieldInfo field, System.Int32 paramIndex) [0x002cd] in <29eb59fa5c9943cd8f336db074533d31>:0 
  at HutongGames.PlayMaker.ActionData.CreateAction (HutongGames.PlayMaker.ActionData+Context context, System.Int32 actionIndex) [0x0024f] in <29eb59fa5c9943cd8f336db074533d31>:0 

fsm == null!

fsm == null!

get_actions: Fsm not initialized: Cast Right

get_actions: Fsm not initialized: Cast Right

get_actions: Fsm not initialized: Cast Right

AddEventHandlerComponent: PlayMakerFixedUpdate

Can't remove MeshFilter because tk2dSprite (Script) depends on it

Can't remove MeshRenderer because tk2dSprite (Script) depends on it

Can't destroy Transform component of 'Clash Tink'. If you want to destroy the game object, please call 'Destroy' on the game object instead. Destroying the transform component is not allowed.

Can't remove MeshFilter because tk2dSprite (Script) depends on it

Can't remove MeshRenderer because tk2dSprite (Script) depends on it

Can't destroy Transform component of 'Clash Tink'. If you want to destroy the game object, please call 'Destroy' on the game object instead. Destroying the transform component is not allowed.

Can't remove MeshFilter because tk2dSprite (Script) depends on it

Can't remove MeshRenderer because tk2dSprite (Script) depends on it

Can't destroy Transform component of 'Clash Tink'. If you want to destroy the game object, please call 'Destroy' on the game object instead. Destroying the transform component is not allowed.

Can't remove MeshFilter because tk2dSprite (Script) depends on it

Can't remove MeshRenderer because tk2dSprite (Script) depends on it

Can't destroy Transform component of 'Clash Tink'. If you want to destroy the game object, please call 'Destroy' on the game object instead. Destroying the transform component is not allowed.

Can't remove MeshFilter because tk2dSprite (Script) depends on it

Can't remove MeshRenderer because tk2dSprite (Script) depends on it

Can't destroy Transform component of 'Clash Tink'. If you want to destroy the game object, please call 'Destroy' on the game object instead. Destroying the transform component is not allowed.

Can't remove MeshFilter because tk2dSprite (Script) depends on it

Can't remove MeshRenderer because tk2dSprite (Script) depends on it

Can't destroy Transform component of 'Clash Tink'. If you want to destroy the game object, please call 'Destroy' on the game object instead. Destroying the transform component is not allowed.

Can't remove MeshFilter because tk2dSprite (Script) depends on it

Can't remove MeshRenderer because tk2dSprite (Script) depends on it

Can't destroy Transform component of 'Clash Tink'. If you want to destroy the game object, please call 'Destroy' on the game object instead. Destroying the transform component is not allowed.

Can't remove MeshFilter because tk2dSprite (Script) depends on it

Can't remove MeshRenderer because tk2dSprite (Script) depends on it

Can't destroy Transform component of 'Clash Tink'. If you want to destroy the game object, please call 'Destroy' on the game object instead. Destroying the transform component is not allowed.

Can't remove MeshFilter because tk2dSprite (Script) depends on it

Can't remove MeshRenderer because tk2dSprite (Script) depends on it

Can't destroy Transform component of 'Clash Tink'. If you want to destroy the game object, please call 'Destroy' on the game object instead. Destroying the transform component is not allowed.

Object Pool attached to GlobalPool has run out of Audio Player Actor prefabs, Instantiating an additional one.

Can't remove MeshFilter because tk2dSprite (Script) depends on it

Can't remove MeshRenderer because tk2dSprite (Script) depends on it

Can't destroy Transform component of 'Clash Tink'. If you want to destroy the game object, please call 'Destroy' on the game object instead. Destroying the transform component is not allowed.

Can't remove MeshFilter because tk2dSprite (Script) depends on it

Can't remove MeshRenderer because tk2dSprite (Script) depends on it

Can't destroy Transform component of 'Clash Tink'. If you want to destroy the game object, please call 'Destroy' on the game object instead. Destroying the transform component is not allowed.

Can't remove MeshFilter because tk2dSprite (Script) depends on it

Can't remove MeshRenderer because tk2dSprite (Script) depends on it

Can't destroy Transform component of 'Clash Tink'. If you want to destroy the game object, please call 'Destroy' on the game object instead. Destroying the transform component is not allowed.

Can't remove MeshFilter because tk2dSprite (Script) depends on it

Can't remove MeshRenderer because tk2dSprite (Script) depends on it

Can't destroy Transform component of 'Clash Tink'. If you want to destroy the game object, please call 'Destroy' on the game object instead. Destroying the transform component is not allowed.

Can't remove MeshFilter because tk2dSprite (Script) depends on it

Can't remove MeshRenderer because tk2dSprite (Script) depends on it

Can't destroy Transform component of 'Clash Tink'. If you want to destroy the game object, please call 'Destroy' on the game object instead. Destroying the transform component is not allowed.

Can't remove MeshFilter because tk2dSprite (Script) depends on it

Can't remove MeshRenderer because tk2dSprite (Script) depends on it

Can't destroy Transform component of 'Clash Tink'. If you want to destroy the game object, please call 'Destroy' on the game object instead. Destroying the transform component is not allowed.

PlayOneShot was called with a null AudioClip.

Boss scene ended

Continuing boss sequence...

Deferring level start (marked as manual).

AddEventHandlerComponent: PlayMakerFixedUpdate

AddEventHandlerComponent: PlayMakerFixedUpdate

AddEventHandlerComponent: PlayMakerFixedUpdate

AddEventHandlerComponent: PlayMakerFixedUpdate

AddEventHandlerComponent: PlayMakerFixedUpdate

AddEventHandlerComponent: PlayMakerFixedUpdate

AddEventHandlerComponent: PlayMakerFixedUpdate

AddEventHandlerComponent: PlayMakerFixedUpdate

AddEventHandlerComponent: PlayMakerFixedUpdate

AddEventHandlerComponent: PlayMakerFixedUpdate

AddEventHandlerComponent: PlayMakerFixedUpdate

AddEventHandlerComponent: PlayMakerFixedUpdate

AddEventHandlerComponent: PlayMakerFixedUpdate

AddEventHandlerComponent: PlayMakerFixedUpdate

AddEventHandlerComponent: PlayMakerFixedUpdate

AddEventHandlerComponent: PlayMakerFixedUpdate

AddEventHandlerComponent: PlayMakerFixedUpdate

AddEventHandlerComponent: PlayMakerFixedUpdate

AddEventHandlerComponent: PlayMakerFixedUpdate

Can't remove MeshFilter because tk2dSprite (Script) depends on it

Can't remove MeshRenderer because tk2dSprite (Script) depends on it

Can't destroy Transform component of 'Clash Tink'. If you want to destroy the game object, please call 'Destroy' on the game object instead. Destroying the transform component is not allowed.

Object Pool attached to GlobalPool has run out of Audio Player Actor prefabs, Instantiating an additional one.

Object Pool attached to GlobalPool has run out of Audio Player Actor prefabs, Instantiating an additional one.

Can't remove MeshFilter because tk2dSprite (Script) depends on it

Can't remove MeshRenderer because tk2dSprite (Script) depends on it

Can't destroy Transform component of 'Clash Tink'. If you want to destroy the game object, please call 'Destroy' on the game object instead. Destroying the transform component is not allowed.

Can't remove MeshFilter because tk2dSprite (Script) depends on it

Can't remove MeshRenderer because tk2dSprite (Script) depends on it

Can't destroy Transform component of 'Clash Tink'. If you want to destroy the game object, please call 'Destroy' on the game object instead. Destroying the transform component is not allowed.

Can't remove MeshFilter because tk2dSprite (Script) depends on it

Can't remove MeshRenderer because tk2dSprite (Script) depends on it

Can't destroy Transform component of 'Clash Tink'. If you want to destroy the game object, please call 'Destroy' on the game object instead. Destroying the transform component is not allowed.

Can't remove MeshFilter because tk2dSprite (Script) depends on it

Can't remove MeshRenderer because tk2dSprite (Script) depends on it

Can't destroy Transform component of 'Clash Tink'. If you want to destroy the game object, please call 'Destroy' on the game object instead. Destroying the transform component is not allowed.

Object Pool attached to GlobalPool has run out of Audio Player Actor prefabs, Instantiating an additional one.

Can't remove MeshFilter because tk2dSprite (Script) depends on it

Can't remove MeshRenderer because tk2dSprite (Script) depends on it

Can't destroy Transform component of 'Clash Tink'. If you want to destroy the game object, please call 'Destroy' on the game object instead. Destroying the transform component is not allowed.

Object Pool attached to GlobalPool has run out of Audio Player Actor prefabs, Instantiating an additional one.

Object Pool attached to GlobalPool has run out of Audio Player Actor prefabs, Instantiating an additional one.

Object Pool attached to GlobalPool has run out of Audio Player Actor prefabs, Instantiating an additional one.

Object Pool attached to GlobalPool has run out of Audio Player Actor prefabs, Instantiating an additional one.

Object Pool attached to GlobalPool has run out of Audio Player Actor prefabs, Instantiating an additional one.

Can't remove MeshFilter because tk2dSprite (Script) depends on it

Can't remove MeshRenderer because tk2dSprite (Script) depends on it

Can't destroy Transform component of 'Clash Tink'. If you want to destroy the game object, please call 'Destroy' on the game object instead. Destroying the transform component is not allowed.

Can't remove MeshFilter because tk2dSprite (Script) depends on it

Can't remove MeshRenderer because tk2dSprite (Script) depends on it

Can't destroy Transform component of 'Clash Tink'. If you want to destroy the game object, please call 'Destroy' on the game object instead. Destroying the transform component is not allowed.

Can't remove MeshFilter because tk2dSprite (Script) depends on it

Can't remove MeshRenderer because tk2dSprite (Script) depends on it

Can't destroy Transform component of 'Clash Tink'. If you want to destroy the game object, please call 'Destroy' on the game object instead. Destroying the transform component is not allowed.

Can't remove MeshFilter because tk2dSprite (Script) depends on it

Can't remove MeshRenderer because tk2dSprite (Script) depends on it

Can't destroy Transform component of 'Clash Tink'. If you want to destroy the game object, please call 'Destroy' on the game object instead. Destroying the transform component is not allowed.

Can't remove MeshFilter because tk2dSprite (Script) depends on it

Can't remove MeshRenderer because tk2dSprite (Script) depends on it

Can't destroy Transform component of 'Clash Tink'. If you want to destroy the game object, please call 'Destroy' on the game object instead. Destroying the transform component is not allowed.

Can't remove MeshFilter because tk2dSprite (Script) depends on it

Can't remove MeshRenderer because tk2dSprite (Script) depends on it

Can't destroy Transform component of 'Clash Tink'. If you want to destroy the game object, please call 'Destroy' on the game object instead. Destroying the transform component is not allowed.

Can't remove MeshFilter because tk2dSprite (Script) depends on it

Can't remove MeshRenderer because tk2dSprite (Script) depends on it

Can't destroy Transform component of 'Clash Tink'. If you want to destroy the game object, please call 'Destroy' on the game object instead. Destroying the transform component is not allowed.

Can't remove MeshFilter because tk2dSprite (Script) depends on it

Can't remove MeshRenderer because tk2dSprite (Script) depends on it

Can't destroy Transform component of 'Clash Tink'. If you want to destroy the game object, please call 'Destroy' on the game object instead. Destroying the transform component is not allowed.

Can't remove MeshFilter because tk2dSprite (Script) depends on it

Can't remove MeshRenderer because tk2dSprite (Script) depends on it

Can't destroy Transform component of 'Clash Tink'. If you want to destroy the game object, please call 'Destroy' on the game object instead. Destroying the transform component is not allowed.

Can't remove MeshFilter because tk2dSprite (Script) depends on it

Can't remove MeshRenderer because tk2dSprite (Script) depends on it

Can't destroy Transform component of 'Clash Tink'. If you want to destroy the game object, please call 'Destroy' on the game object instead. Destroying the transform component is not allowed.

Can't remove MeshFilter because tk2dSprite (Script) depends on it

Can't remove MeshRenderer because tk2dSprite (Script) depends on it

Can't destroy Transform component of 'Clash Tink'. If you want to destroy the game object, please call 'Destroy' on the game object instead. Destroying the transform component is not allowed.

Can't remove MeshFilter because tk2dSprite (Script) depends on it

Can't remove MeshRenderer because tk2dSprite (Script) depends on it

Can't destroy Transform component of 'Clash Tink'. If you want to destroy the game object, please call 'Destroy' on the game object instead. Destroying the transform component is not allowed.

Can't remove MeshFilter because tk2dSprite (Script) depends on it

Can't remove MeshRenderer because tk2dSprite (Script) depends on it

Can't destroy Transform component of 'Clash Tink'. If you want to destroy the game object, please call 'Destroy' on the game object instead. Destroying the transform component is not allowed.

Can't remove MeshFilter because tk2dSprite (Script) depends on it

Can't remove MeshRenderer because tk2dSprite (Script) depends on it

Can't destroy Transform component of 'Clash Tink'. If you want to destroy the game object, please call 'Destroy' on the game object instead. Destroying the transform component is not allowed.

Can't remove MeshFilter because tk2dSprite (Script) depends on it

Can't remove MeshRenderer because tk2dSprite (Script) depends on it

Can't destroy Transform component of 'Clash Tink'. If you want to destroy the game object, please call 'Destroy' on the game object instead. Destroying the transform component is not allowed.

Can't remove MeshFilter because tk2dSprite (Script) depends on it

Can't remove MeshRenderer because tk2dSprite (Script) depends on it

Can't destroy Transform component of 'Clash Tink'. If you want to destroy the game object, please call 'Destroy' on the game object instead. Destroying the transform component is not allowed.

Can't remove MeshFilter because tk2dSprite (Script) depends on it

Can't remove MeshRenderer because tk2dSprite (Script) depends on it

Can't destroy Transform component of 'Clash Tink'. If you want to destroy the game object, please call 'Destroy' on the game object instead. Destroying the transform component is not allowed.

Can't remove MeshFilter because tk2dSprite (Script) depends on it

Can't remove MeshRenderer because tk2dSprite (Script) depends on it

Can't destroy Transform component of 'Clash Tink'. If you want to destroy the game object, please call 'Destroy' on the game object instead. Destroying the transform component is not allowed.

Can't remove MeshFilter because tk2dSprite (Script) depends on it

Can't remove MeshRenderer because tk2dSprite (Script) depends on it

Can't destroy Transform component of 'Clash Tink'. If you want to destroy the game object, please call 'Destroy' on the game object instead. Destroying the transform component is not allowed.

Can't remove MeshFilter because tk2dSprite (Script) depends on it

Can't remove MeshRenderer because tk2dSprite (Script) depends on it

Can't destroy Transform component of 'Clash Tink'. If you want to destroy the game object, please call 'Destroy' on the game object instead. Destroying the transform component is not allowed.

Can't remove MeshFilter because tk2dSprite (Script) depends on it

Can't remove MeshRenderer because tk2dSprite (Script) depends on it

Can't destroy Transform component of 'Clash Tink'. If you want to destroy the game object, please call 'Destroy' on the game object instead. Destroying the transform component is not allowed.

Can't remove MeshFilter because tk2dSprite (Script) depends on it

Can't remove MeshRenderer because tk2dSprite (Script) depends on it

Can't destroy Transform component of 'Clash Tink'. If you want to destroy the game object, please call 'Destroy' on the game object instead. Destroying the transform component is not allowed.

Can't remove MeshFilter because tk2dSprite (Script) depends on it

Can't remove MeshRenderer because tk2dSprite (Script) depends on it

Can't destroy Transform component of 'Clash Tink'. If you want to destroy the game object, please call 'Destroy' on the game object instead. Destroying the transform component is not allowed.

Can't remove MeshFilter because tk2dSprite (Script) depends on it

Can't remove MeshRenderer because tk2dSprite (Script) depends on it

Can't destroy Transform component of 'Clash Tink'. If you want to destroy the game object, please call 'Destroy' on the game object instead. Destroying the transform component is not allowed.

Can't remove MeshFilter because tk2dSprite (Script) depends on it

Can't remove MeshRenderer because tk2dSprite (Script) depends on it

Can't destroy Transform component of 'Clash Tink'. If you want to destroy the game object, please call 'Destroy' on the game object instead. Destroying the transform component is not allowed.

Can't remove MeshFilter because tk2dSprite (Script) depends on it

Can't remove MeshRenderer because tk2dSprite (Script) depends on it

Can't destroy Transform component of 'Clash Tink'. If you want to destroy the game object, please call 'Destroy' on the game object instead. Destroying the transform component is not allowed.

Can't remove MeshFilter because tk2dSprite (Script) depends on it

Can't remove MeshRenderer because tk2dSprite (Script) depends on it

Can't destroy Transform component of 'Clash Tink'. If you want to destroy the game object, please call 'Destroy' on the game object instead. Destroying the transform component is not allowed.

Can't remove MeshFilter because tk2dSprite (Script) depends on it

Can't remove MeshRenderer because tk2dSprite (Script) depends on it

Can't destroy Transform component of 'Clash Tink'. If you want to destroy the game object, please call 'Destroy' on the game object instead. Destroying the transform component is not allowed.

Can't remove MeshFilter because tk2dSprite (Script) depends on it

Can't remove MeshRenderer because tk2dSprite (Script) depends on it

Can't destroy Transform component of 'Clash Tink'. If you want to destroy the game object, please call 'Destroy' on the game object instead. Destroying the transform component is not allowed.

Boss scene ended

Continuing boss sequence...

AddEventHandlerComponent: PlayMakerFixedUpdate

AddEventHandlerComponent: PlayMakerFixedUpdate

Deferring level start (marked as manual).

Can't remove MeshFilter because tk2dSprite (Script) depends on it

Can't remove MeshRenderer because tk2dSprite (Script) depends on it

Can't destroy Transform component of 'Clash Tink'. If you want to destroy the game object, please call 'Destroy' on the game object instead. Destroying the transform component is not allowed.

Can't remove MeshFilter because tk2dSprite (Script) depends on it

Can't remove MeshRenderer because tk2dSprite (Script) depends on it

Can't destroy Transform component of 'Clash Tink'. If you want to destroy the game object, please call 'Destroy' on the game object instead. Destroying the transform component is not allowed.

Can't remove MeshFilter because tk2dSprite (Script) depends on it

Can't remove MeshRenderer because tk2dSprite (Script) depends on it

Can't destroy Transform component of 'Clash Tink'. If you want to destroy the game object, please call 'Destroy' on the game object instead. Destroying the transform component is not allowed.

Can't remove MeshFilter because tk2dSprite (Script) depends on it

Can't remove MeshRenderer because tk2dSprite (Script) depends on it

Can't destroy Transform component of 'Clash Tink'. If you want to destroy the game object, please call 'Destroy' on the game object instead. Destroying the transform component is not allowed.

Can't remove MeshFilter because tk2dSprite (Script) depends on it

Can't remove MeshRenderer because tk2dSprite (Script) depends on it

Can't destroy Transform component of 'Clash Tink'. If you want to destroy the game object, please call 'Destroy' on the game object instead. Destroying the transform component is not allowed.

Object Pool attached to GlobalPool has run out of Audio Player Actor prefabs, Instantiating an additional one.

Can't remove MeshFilter because tk2dSprite (Script) depends on it

Can't remove MeshRenderer because tk2dSprite (Script) depends on it

Can't destroy Transform component of 'Clash Tink'. If you want to destroy the game object, please call 'Destroy' on the game object instead. Destroying the transform component is not allowed.

Object Pool attached to GlobalPool has run out of Audio Player Actor prefabs, Instantiating an additional one.

Object Pool attached to GlobalPool has run out of Audio Player Actor prefabs, Instantiating an additional one.

Can't remove MeshFilter because tk2dSprite (Script) depends on it

Can't remove MeshRenderer because tk2dSprite (Script) depends on it

Can't destroy Transform component of 'Clash Tink'. If you want to destroy the game object, please call 'Destroy' on the game object instead. Destroying the transform component is not allowed.

Can't remove MeshFilter because tk2dSprite (Script) depends on it

Can't remove MeshRenderer because tk2dSprite (Script) depends on it

Can't destroy Transform component of 'Clash Tink'. If you want to destroy the game object, please call 'Destroy' on the game object instead. Destroying the transform component is not allowed.

Can't remove MeshFilter because tk2dSprite (Script) depends on it

Can't remove MeshRenderer because tk2dSprite (Script) depends on it

Can't destroy Transform component of 'Clash Tink'. If you want to destroy the game object, please call 'Destroy' on the game object instead. Destroying the transform component is not allowed.

AddEventHandlerComponent: PlayMakerFixedUpdate

Can't remove MeshFilter because tk2dSprite (Script) depends on it

Can't remove MeshRenderer because tk2dSprite (Script) depends on it

Can't destroy Transform component of 'Clash Tink'. If you want to destroy the game object, please call 'Destroy' on the game object instead. Destroying the transform component is not allowed.

Can't remove MeshFilter because tk2dSprite (Script) depends on it

Can't remove MeshRenderer because tk2dSprite (Script) depends on it

Can't destroy Transform component of 'Clash Tink'. If you want to destroy the game object, please call 'Destroy' on the game object instead. Destroying the transform component is not allowed.

Can't remove MeshFilter because tk2dSprite (Script) depends on it

Can't remove MeshRenderer because tk2dSprite (Script) depends on it

Can't destroy Transform component of 'Clash Tink'. If you want to destroy the game object, please call 'Destroy' on the game object instead. Destroying the transform component is not allowed.

Can't remove MeshFilter because tk2dSprite (Script) depends on it

Can't remove MeshRenderer because tk2dSprite (Script) depends on it

Can't destroy Transform component of 'Clash Tink'. If you want to destroy the game object, please call 'Destroy' on the game object instead. Destroying the transform component is not allowed.

Can't remove MeshFilter because tk2dSprite (Script) depends on it

Can't remove MeshRenderer because tk2dSprite (Script) depends on it

Can't destroy Transform component of 'Clash Tink'. If you want to destroy the game object, please call 'Destroy' on the game object instead. Destroying the transform component is not allowed.

Can't remove MeshFilter because tk2dSprite (Script) depends on it

Can't remove MeshRenderer because tk2dSprite (Script) depends on it

Can't destroy Transform component of 'Clash Tink'. If you want to destroy the game object, please call 'Destroy' on the game object instead. Destroying the transform component is not allowed.

AddEventHandlerComponent: PlayMakerFixedUpdate

Can't remove MeshFilter because tk2dSprite (Script) depends on it

Can't remove MeshRenderer because tk2dSprite (Script) depends on it

Can't destroy Transform component of 'Clash Tink'. If you want to destroy the game object, please call 'Destroy' on the game object instead. Destroying the transform component is not allowed.

Can't remove MeshFilter because tk2dSprite (Script) depends on it

Can't remove MeshRenderer because tk2dSprite (Script) depends on it

Can't destroy Transform component of 'Clash Tink'. If you want to destroy the game object, please call 'Destroy' on the game object instead. Destroying the transform component is not allowed.

Can't remove MeshFilter because tk2dSprite (Script) depends on it

Can't remove MeshRenderer because tk2dSprite (Script) depends on it

Can't destroy Transform component of 'Clash Tink'. If you want to destroy the game object, please call 'Destroy' on the game object instead. Destroying the transform component is not allowed.

Can't remove MeshFilter because tk2dSprite (Script) depends on it

Can't remove MeshRenderer because tk2dSprite (Script) depends on it

Can't destroy Transform component of 'Clash Tink'. If you want to destroy the game object, please call 'Destroy' on the game object instead. Destroying the transform component is not allowed.

Can't remove MeshFilter because tk2dSprite (Script) depends on it

Can't remove MeshRenderer because tk2dSprite (Script) depends on it

Can't destroy Transform component of 'Clash Tink'. If you want to destroy the game object, please call 'Destroy' on the game object instead. Destroying the transform component is not allowed.

Can't remove MeshFilter because tk2dSprite (Script) depends on it

Can't remove MeshRenderer because tk2dSprite (Script) depends on it

Can't destroy Transform component of 'Clash Tink'. If you want to destroy the game object, please call 'Destroy' on the game object instead. Destroying the transform component is not allowed.

Can't remove MeshFilter because tk2dSprite (Script) depends on it

Can't remove MeshRenderer because tk2dSprite (Script) depends on it

Can't destroy Transform component of 'Clash Tink'. If you want to destroy the game object, please call 'Destroy' on the game object instead. Destroying the transform component is not allowed.

Can't remove MeshFilter because tk2dSprite (Script) depends on it

Can't remove MeshRenderer because tk2dSprite (Script) depends on it

Can't destroy Transform component of 'Clash Tink'. If you want to destroy the game object, please call 'Destroy' on the game object instead. Destroying the transform component is not allowed.

Can't remove MeshFilter because tk2dSprite (Script) depends on it

Can't remove MeshRenderer because tk2dSprite (Script) depends on it

Can't destroy Transform component of 'Clash Tink'. If you want to destroy the game object, please call 'Destroy' on the game object instead. Destroying the transform component is not allowed.

Can't remove MeshFilter because tk2dSprite (Script) depends on it

Can't remove MeshRenderer because tk2dSprite (Script) depends on it

Can't destroy Transform component of 'Clash Tink'. If you want to destroy the game object, please call 'Destroy' on the game object instead. Destroying the transform component is not allowed.

Can't remove MeshFilter because tk2dSprite (Script) depends on it

Can't remove MeshRenderer because tk2dSprite (Script) depends on it

Can't destroy Transform component of 'Clash Tink'. If you want to destroy the game object, please call 'Destroy' on the game object instead. Destroying the transform component is not allowed.

Can't remove MeshFilter because tk2dSprite (Script) depends on it

Can't remove MeshRenderer because tk2dSprite (Script) depends on it

Can't destroy Transform component of 'Clash Tink'. If you want to destroy the game object, please call 'Destroy' on the game object instead. Destroying the transform component is not allowed.

Can't remove MeshFilter because tk2dSprite (Script) depends on it

Can't remove MeshRenderer because tk2dSprite (Script) depends on it

Can't destroy Transform component of 'Clash Tink'. If you want to destroy the game object, please call 'Destroy' on the game object instead. Destroying the transform component is not allowed.

Can't remove MeshFilter because tk2dSprite (Script) depends on it

Can't remove MeshRenderer because tk2dSprite (Script) depends on it

Can't destroy Transform component of 'Clash Tink'. If you want to destroy the game object, please call 'Destroy' on the game object instead. Destroying the transform component is not allowed.

Can't remove MeshFilter because tk2dSprite (Script) depends on it

Can't remove MeshRenderer because tk2dSprite (Script) depends on it

Can't destroy Transform component of 'Clash Tink'. If you want to destroy the game object, please call 'Destroy' on the game object instead. Destroying the transform component is not allowed.

Can't remove MeshFilter because tk2dSprite (Script) depends on it

Can't remove MeshRenderer because tk2dSprite (Script) depends on it

Can't destroy Transform component of 'Clash Tink'. If you want to destroy the game object, please call 'Destroy' on the game object instead. Destroying the transform component is not allowed.

Can't remove MeshFilter because tk2dSprite (Script) depends on it

Can't remove MeshRenderer because tk2dSprite (Script) depends on it

Can't destroy Transform component of 'Clash Tink'. If you want to destroy the game object, please call 'Destroy' on the game object instead. Destroying the transform component is not allowed.

Can't remove MeshFilter because tk2dSprite (Script) depends on it

Can't remove MeshRenderer because tk2dSprite (Script) depends on it

Can't destroy Transform component of 'Clash Tink'. If you want to destroy the game object, please call 'Destroy' on the game object instead. Destroying the transform component is not allowed.

AddEventHandlerComponent: PlayMakerFixedUpdate

AddEventHandlerComponent: PlayMakerFixedUpdate

Can't remove MeshFilter because tk2dSprite (Script) depends on it

Can't remove MeshRenderer because tk2dSprite (Script) depends on it

Can't destroy Transform component of 'Clash Tink'. If you want to destroy the game object, please call 'Destroy' on the game object instead. Destroying the transform component is not allowed.

AddEventHandlerComponent: PlayMakerFixedUpdate

Can't remove MeshFilter because tk2dSprite (Script) depends on it

Can't remove MeshRenderer because tk2dSprite (Script) depends on it

Can't destroy Transform component of 'Clash Tink'. If you want to destroy the game object, please call 'Destroy' on the game object instead. Destroying the transform component is not allowed.

Can't remove MeshFilter because tk2dSprite (Script) depends on it

Can't remove MeshRenderer because tk2dSprite (Script) depends on it

Can't destroy Transform component of 'Clash Tink'. If you want to destroy the game object, please call 'Destroy' on the game object instead. Destroying the transform component is not allowed.

Can't remove MeshFilter because tk2dSprite (Script) depends on it

Can't remove MeshRenderer because tk2dSprite (Script) depends on it

Can't destroy Transform component of 'Clash Tink'. If you want to destroy the game object, please call 'Destroy' on the game object instead. Destroying the transform component is not allowed.

Can't remove MeshFilter because tk2dSprite (Script) depends on it

Can't remove MeshRenderer because tk2dSprite (Script) depends on it

Can't destroy Transform component of 'Clash Tink'. If you want to destroy the game object, please call 'Destroy' on the game object instead. Destroying the transform component is not allowed.

Can't remove MeshFilter because tk2dSprite (Script) depends on it

Can't remove MeshRenderer because tk2dSprite (Script) depends on it

Can't destroy Transform component of 'Clash Tink'. If you want to destroy the game object, please call 'Destroy' on the game object instead. Destroying the transform component is not allowed.

Can't remove MeshFilter because tk2dSprite (Script) depends on it

Can't remove MeshRenderer because tk2dSprite (Script) depends on it

Can't destroy Transform component of 'Clash Tink'. If you want to destroy the game object, please call 'Destroy' on the game object instead. Destroying the transform component is not allowed.

AddEventHandlerComponent: PlayMakerFixedUpdate

Can't remove MeshFilter because tk2dSprite (Script) depends on it

Can't remove MeshRenderer because tk2dSprite (Script) depends on it

Can't destroy Transform component of 'Clash Tink'. If you want to destroy the game object, please call 'Destroy' on the game object instead. Destroying the transform component is not allowed.

AddEventHandlerComponent: PlayMakerFixedUpdate

Can't remove MeshFilter because tk2dSprite (Script) depends on it

Can't remove MeshRenderer because tk2dSprite (Script) depends on it

Can't destroy Transform component of 'Clash Tink'. If you want to destroy the game object, please call 'Destroy' on the game object instead. Destroying the transform component is not allowed.

Can't remove MeshFilter because tk2dSprite (Script) depends on it

Can't remove MeshRenderer because tk2dSprite (Script) depends on it

Can't destroy Transform component of 'Clash Tink'. If you want to destroy the game object, please call 'Destroy' on the game object instead. Destroying the transform component is not allowed.

Can't remove MeshFilter because tk2dSprite (Script) depends on it

Can't remove MeshRenderer because tk2dSprite (Script) depends on it

Can't destroy Transform component of 'Clash Tink'. If you want to destroy the game object, please call 'Destroy' on the game object instead. Destroying the transform component is not allowed.

Can't remove MeshFilter because tk2dSprite (Script) depends on it

Can't remove MeshRenderer because tk2dSprite (Script) depends on it

Can't destroy Transform component of 'Clash Tink'. If you want to destroy the game object, please call 'Destroy' on the game object instead. Destroying the transform component is not allowed.

Can't remove MeshFilter because tk2dSprite (Script) depends on it

Can't remove MeshRenderer because tk2dSprite (Script) depends on it

Can't destroy Transform component of 'Clash Tink'. If you want to destroy the game object, please call 'Destroy' on the game object instead. Destroying the transform component is not allowed.

Can't remove MeshFilter because tk2dSprite (Script) depends on it

Can't remove MeshRenderer because tk2dSprite (Script) depends on it

Can't destroy Transform component of 'Clash Tink'. If you want to destroy the game object, please call 'Destroy' on the game object instead. Destroying the transform component is not allowed.

Can't remove MeshFilter because tk2dSprite (Script) depends on it

Can't remove MeshRenderer because tk2dSprite (Script) depends on it

Can't destroy Transform component of 'Clash Tink'. If you want to destroy the game object, please call 'Destroy' on the game object instead. Destroying the transform component is not allowed.

Can't remove MeshFilter because tk2dSprite (Script) depends on it

Can't remove MeshRenderer because tk2dSprite (Script) depends on it

Can't destroy Transform component of 'Clash Tink'. If you want to destroy the game object, please call 'Destroy' on the game object instead. Destroying the transform component is not allowed.

Can't remove MeshFilter because tk2dSprite (Script) depends on it

Can't remove MeshRenderer because tk2dSprite (Script) depends on it

Can't destroy Transform component of 'Clash Tink'. If you want to destroy the game object, please call 'Destroy' on the game object instead. Destroying the transform component is not allowed.

AddEventHandlerComponent: PlayMakerFixedUpdate

AddEventHandlerComponent: PlayMakerFixedUpdate

AddEventHandlerComponent: PlayMakerFixedUpdate

Can't remove MeshFilter because tk2dSprite (Script) depends on it

Can't remove MeshRenderer because tk2dSprite (Script) depends on it

Can't destroy Transform component of 'Clash Tink'. If you want to destroy the game object, please call 'Destroy' on the game object instead. Destroying the transform component is not allowed.

Can't remove MeshFilter because tk2dSprite (Script) depends on it

Can't remove MeshRenderer because tk2dSprite (Script) depends on it

Can't destroy Transform component of 'Clash Tink'. If you want to destroy the game object, please call 'Destroy' on the game object instead. Destroying the transform component is not allowed.

Can't remove MeshFilter because tk2dSprite (Script) depends on it

Can't remove MeshRenderer because tk2dSprite (Script) depends on it

Can't destroy Transform component of 'Clash Tink'. If you want to destroy the game object, please call 'Destroy' on the game object instead. Destroying the transform component is not allowed.

Can't remove MeshFilter because tk2dSprite (Script) depends on it

Can't remove MeshRenderer because tk2dSprite (Script) depends on it

Can't destroy Transform component of 'Clash Tink'. If you want to destroy the game object, please call 'Destroy' on the game object instead. Destroying the transform component is not allowed.

Can't remove MeshFilter because tk2dSprite (Script) depends on it

Can't remove MeshRenderer because tk2dSprite (Script) depends on it

Can't destroy Transform component of 'Clash Tink'. If you want to destroy the game object, please call 'Destroy' on the game object instead. Destroying the transform component is not allowed.

AddEventHandlerComponent: PlayMakerFixedUpdate

AddEventHandlerComponent: PlayMakerFixedUpdate

AddEventHandlerComponent: PlayMakerFixedUpdate

Can't remove MeshFilter because tk2dSprite (Script) depends on it

Can't remove MeshRenderer because tk2dSprite (Script) depends on it

Can't destroy Transform component of 'Clash Tink'. If you want to destroy the game object, please call 'Destroy' on the game object instead. Destroying the transform component is not allowed.

Object Pool attached to GlobalPool has run out of Audio Player Actor prefabs, Instantiating an additional one.

Can't remove MeshFilter because tk2dSprite (Script) depends on it

Can't remove MeshRenderer because tk2dSprite (Script) depends on it

Can't destroy Transform component of 'Clash Tink'. If you want to destroy the game object, please call 'Destroy' on the game object instead. Destroying the transform component is not allowed.

Can't remove MeshFilter because tk2dSprite (Script) depends on it

Can't remove MeshRenderer because tk2dSprite (Script) depends on it

Can't destroy Transform component of 'Clash Tink'. If you want to destroy the game object, please call 'Destroy' on the game object instead. Destroying the transform component is not allowed.

Can't remove MeshFilter because tk2dSprite (Script) depends on it

Can't remove MeshRenderer because tk2dSprite (Script) depends on it

Can't destroy Transform component of 'Clash Tink'. If you want to destroy the game object, please call 'Destroy' on the game object instead. Destroying the transform component is not allowed.

Can't remove MeshFilter because tk2dSprite (Script) depends on it

Can't remove MeshRenderer because tk2dSprite (Script) depends on it

Can't destroy Transform component of 'Clash Tink'. If you want to destroy the game object, please call 'Destroy' on the game object instead. Destroying the transform component is not allowed.

Can't remove MeshFilter because tk2dSprite (Script) depends on it

Can't remove MeshRenderer because tk2dSprite (Script) depends on it

Can't destroy Transform component of 'Clash Tink'. If you want to destroy the game object, please call 'Destroy' on the game object instead. Destroying the transform component is not allowed.

Can't remove MeshFilter because tk2dSprite (Script) depends on it

Can't remove MeshRenderer because tk2dSprite (Script) depends on it

Can't destroy Transform component of 'Clash Tink'. If you want to destroy the game object, please call 'Destroy' on the game object instead. Destroying the transform component is not allowed.

PlayOneShot was called with a null AudioClip.

Object Pool attached to GlobalPool has run out of Audio Player Actor prefabs, Instantiating an additional one.

Object Pool attached to GlobalPool has run out of Audio Player Actor prefabs, Instantiating an additional one.

Boss scene ended

Continuing boss sequence...

AddEventHandlerComponent: PlayMakerFixedUpdate

Deferring level start (marked as manual).

AddEventHandlerComponent: PlayMakerFixedUpdate

PlayOneShot was called with a null AudioClip.

Object Pool attached to GlobalPool has run out of Audio Player Actor prefabs, Instantiating an additional one.

PlayOneShot was called with a null AudioClip.

Can't remove MeshFilter because tk2dSprite (Script) depends on it

Can't remove MeshRenderer because tk2dSprite (Script) depends on it

Can't destroy Transform component of 'Clash Tink'. If you want to destroy the game object, please call 'Destroy' on the game object instead. Destroying the transform component is not allowed.

Can't remove MeshFilter because tk2dSprite (Script) depends on it

Can't remove MeshRenderer because tk2dSprite (Script) depends on it

Can't destroy Transform component of 'Clash Tink'. If you want to destroy the game object, please call 'Destroy' on the game object instead. Destroying the transform component is not allowed.

PlayOneShot was called with a null AudioClip.

Object Pool attached to GlobalPool has run out of Audio Player Actor prefabs, Instantiating an additional one.

PlayOneShot was called with a null AudioClip.

Object Pool attached to GlobalPool has run out of Audio Player Actor prefabs, Instantiating an additional one.

Can't remove MeshFilter because tk2dSprite (Script) depends on it

Can't remove MeshRenderer because tk2dSprite (Script) depends on it

Can't destroy Transform component of 'Clash Tink'. If you want to destroy the game object, please call 'Destroy' on the game object instead. Destroying the transform component is not allowed.

PlayOneShot was called with a null AudioClip.

Can't remove MeshFilter because tk2dSprite (Script) depends on it

Can't remove MeshRenderer because tk2dSprite (Script) depends on it

Can't destroy Transform component of 'Clash Tink'. If you want to destroy the game object, please call 'Destroy' on the game object instead. Destroying the transform component is not allowed.

Can't remove MeshFilter because tk2dSprite (Script) depends on it

Can't remove MeshRenderer because tk2dSprite (Script) depends on it

Can't destroy Transform component of 'Clash Tink'. If you want to destroy the game object, please call 'Destroy' on the game object instead. Destroying the transform component is not allowed.

Can't remove MeshFilter because tk2dSprite (Script) depends on it

Can't remove MeshRenderer because tk2dSprite (Script) depends on it

Can't destroy Transform component of 'Clash Tink'. If you want to destroy the game object, please call 'Destroy' on the game object instead. Destroying the transform component is not allowed.

Object Pool attached to GlobalPool has run out of Audio Player Actor prefabs, Instantiating an additional one.

Can't remove MeshFilter because tk2dSprite (Script) depends on it

Can't remove MeshRenderer because tk2dSprite (Script) depends on it

Can't destroy Transform component of 'Clash Tink'. If you want to destroy the game object, please call 'Destroy' on the game object instead. Destroying the transform component is not allowed.

PlayOneShot was called with a null AudioClip.

Can't remove MeshFilter because tk2dSprite (Script) depends on it

Can't remove MeshRenderer because tk2dSprite (Script) depends on it

Can't destroy Transform component of 'Clash Tink'. If you want to destroy the game object, please call 'Destroy' on the game object instead. Destroying the transform component is not allowed.

Can't remove MeshFilter because tk2dSprite (Script) depends on it

Can't remove MeshRenderer because tk2dSprite (Script) depends on it

Can't destroy Transform component of 'Clash Tink'. If you want to destroy the game object, please call 'Destroy' on the game object instead. Destroying the transform component is not allowed.

Can't remove MeshFilter because tk2dSprite (Script) depends on it

Can't remove MeshRenderer because tk2dSprite (Script) depends on it

Can't destroy Transform component of 'Clash Tink'. If you want to destroy the game object, please call 'Destroy' on the game object instead. Destroying the transform component is not allowed.

Can't remove MeshFilter because tk2dSprite (Script) depends on it

Can't remove MeshRenderer because tk2dSprite (Script) depends on it

Can't destroy Transform component of 'Clash Tink'. If you want to destroy the game object, please call 'Destroy' on the game object instead. Destroying the transform component is not allowed.

PlayOneShot was called with a null AudioClip.

Can't remove MeshFilter because tk2dSprite (Script) depends on it

Can't remove MeshRenderer because tk2dSprite (Script) depends on it

Can't destroy Transform component of 'Clash Tink'. If you want to destroy the game object, please call 'Destroy' on the game object instead. Destroying the transform component is not allowed.

Can't remove MeshFilter because tk2dSprite (Script) depends on it

Can't remove MeshRenderer because tk2dSprite (Script) depends on it

Can't destroy Transform component of 'Clash Tink'. If you want to destroy the game object, please call 'Destroy' on the game object instead. Destroying the transform component is not allowed.

Can't remove MeshFilter because tk2dSprite (Script) depends on it

Can't remove MeshRenderer because tk2dSprite (Script) depends on it

Can't destroy Transform component of 'Clash Tink'. If you want to destroy the game object, please call 'Destroy' on the game object instead. Destroying the transform component is not allowed.

Can't remove MeshFilter because tk2dSprite (Script) depends on it

Can't remove MeshRenderer because tk2dSprite (Script) depends on it

Can't destroy Transform component of 'Clash Tink'. If you want to destroy the game object, please call 'Destroy' on the game object instead. Destroying the transform component is not allowed.

Can't remove MeshFilter because tk2dSprite (Script) depends on it

Can't remove MeshRenderer because tk2dSprite (Script) depends on it

Can't destroy Transform component of 'Clash Tink'. If you want to destroy the game object, please call 'Destroy' on the game object instead. Destroying the transform component is not allowed.

Can't remove MeshFilter because tk2dSprite (Script) depends on it

Can't remove MeshRenderer because tk2dSprite (Script) depends on it

Can't destroy Transform component of 'Clash Tink'. If you want to destroy the game object, please call 'Destroy' on the game object instead. Destroying the transform component is not allowed.

AddEventHandlerComponent: PlayMakerFixedUpdate

AddEventHandlerComponent: PlayMakerFixedUpdate

AddEventHandlerComponent: PlayMakerFixedUpdate

AddEventHandlerComponent: PlayMakerFixedUpdate

AddEventHandlerComponent: PlayMakerFixedUpdate

AddEventHandlerComponent: PlayMakerFixedUpdate

AddEventHandlerComponent: PlayMakerFixedUpdate

AddEventHandlerComponent: PlayMakerFixedUpdate

PlayOneShot was called with a null AudioClip.

PlayOneShot was called with a null AudioClip.

PlayOneShot was called with a null AudioClip.

PlayOneShot was called with a null AudioClip.

PlayOneShot was called with a null AudioClip.

PlayOneShot was called with a null AudioClip.

PlayOneShot was called with a null AudioClip.

PlayOneShot was called with a null AudioClip.

PlayOneShot was called with a null AudioClip.

PlayOneShot was called with a null AudioClip.

PlayOneShot was called with a null AudioClip.

PlayOneShot was called with a null AudioClip.

PlayOneShot was called with a null AudioClip.

Can't remove MeshFilter because tk2dSprite (Script) depends on it

Can't remove MeshRenderer because tk2dSprite (Script) depends on it

Can't destroy Transform component of 'Clash Tink'. If you want to destroy the game object, please call 'Destroy' on the game object instead. Destroying the transform component is not allowed.

Can't remove MeshFilter because tk2dSprite (Script) depends on it

Can't remove MeshRenderer because tk2dSprite (Script) depends on it

Can't destroy Transform component of 'Clash Tink'. If you want to destroy the game object, please call 'Destroy' on the game object instead. Destroying the transform component is not allowed.

Asset unload force by death in boss sequence.

AddEventHandlerComponent: PlayMakerFixedUpdate

AddEventHandlerComponent: PlayMakerFixedUpdate

AddEventHandlerComponent: PlayMakerFixedUpdate

AddEventHandlerComponent: PlayMakerFixedUpdate

AddEventHandlerComponent: PlayMakerFixedUpdate

AddEventHandlerComponent: PlayMakerFixedUpdate

AddEventHandlerComponent: PlayMakerFixedUpdate

AddEventHandlerComponent: PlayMakerFixedUpdate

AddEventHandlerComponent: PlayMakerFixedUpdate

AddEventHandlerComponent: PlayMakerFixedUpdate

AddEventHandlerComponent: PlayMakerFixedUpdate

Deferring level start (marked as manual).

Unloading 52 Unused Serialized files (Serialized files now loaded: 1)

Unloading 755 unused Assets to reduce memory usage. Loaded Objects now: 68125.
Total: 353.977800 ms (FindLiveObjects: 4.653200 ms CreateObjectMapping: 2.608600 ms MarkObjects: 342.132000 ms  DeleteObjects: 4.583400 ms)

Unloading 6 Unused Serialized files (Serialized files now loaded: 1)
UnloadTime: 9.319700 ms
Deferring level start (marked as manual).


Unloading 515 unused Assets to reduce memory usage. Loaded Objects now: 61665.
Total: 350.025900 ms (FindLiveObjects: 5.653100 ms CreateObjectMapping: 4.011600 ms MarkObjects: 338.623800 ms  DeleteObjects: 1.736900 ms)

Unloading 5 Unused Serialized files (Serialized files now loaded: 1)
UnloadTime: 0.387400 ms
Parent of RectTransform is being set with parent property. Consider using the SetParent method instead, with the worldPositionStays argument set to false. This will retain local orientation and scale rather than world orientation and scale, which can prevent common UI scaling issues.

Parent of RectTransform is being set with parent property. Consider using the SetParent method instead, with the worldPositionStays argument set to false. This will retain local orientation and scale rather than world orientation and scale, which can prevent common UI scaling issues.

Parent of RectTransform is being set with parent property. Consider using the SetParent method instead, with the worldPositionStays argument set to false. This will retain local orientation and scale rather than world orientation and scale, which can prevent common UI scaling issues.

Parent of RectTransform is being set with parent property. Consider using the SetParent method instead, with the worldPositionStays argument set to false. This will retain local orientation and scale rather than world orientation and scale, which can prevent common UI scaling issues.

Coroutine couldn't be started because the the game object 'OptionsMenuScreen' is inactive!

DontDestroyOnLoad only works for root GameObjects or components on root GameObjects.

Performing automatic level start.

Failed to retrieve achievement state for STEELSOUL

Game controller set to None.

Failed to retrieve achievement state for NEGLECT

Failed to retrieve achievement state for NAILSMITH_SPARE

Failed to retrieve achievement state for ENDING_A

Failed to retrieve achievement state for SPEEDRUN_1

Failed to retrieve achievement state for SPEEDRUN_2

Failed to retrieve achievement state for STEELSOUL

Failed to retrieve achievement state for STEELSOUL_COMPLETION

Failed to retrieve achievement state for HUNTER_1

Failed to retrieve achievement state for HUNTER_2

Failed to retrieve achievement state for MR_MUSHROOM

Failed to retrieve achievement state for WHITE_DEFENDER

Failed to retrieve achievement state for GREY_PRINCE

Failed to retrieve achievement state for PANTHEON3

Failed to retrieve achievement state for PANTHEON4

Failed to retrieve achievement state for ENDINGD

Failed to retrieve achievement state for COMPLETIONGG

Couldn't find a Hero, make sure one exists in the scene.

Couldn't find a Hero, make sure one exists in the scene.

Couldn't find a Hero, make sure one exists in the scene.

Couldn't find a Hero, make sure one exists in the scene.

Couldn't find a Hero, make sure one exists in the scene.

Couldn't find a Hero, make sure one exists in the scene.

Couldn't find a Hero, make sure one exists in the scene.

Couldn't find a Hero, make sure one exists in the scene.

Couldn't find a Hero, make sure one exists in the scene.

Couldn't find a Hero, make sure one exists in the scene.

Couldn't find a Hero, make sure one exists in the scene.

Couldn't find a Hero, make sure one exists in the scene.

Couldn't find a Hero, make sure one exists in the scene.

Couldn't find a Hero, make sure one exists in the scene.

Couldn't find a Hero, make sure one exists in the scene.

Couldn't find a Hero, make sure one exists in the scene.

Couldn't find a Hero, make sure one exists in the scene.

Couldn't find a Hero, make sure one exists in the scene.

Couldn't find a Hero, make sure one exists in the scene.

Couldn't find a Hero, make sure one exists in the scene.

Couldn't find a Hero, make sure one exists in the scene.

Couldn't find a Hero, make sure one exists in the scene.

Couldn't find a Hero, make sure one exists in the scene.

Couldn't find a Hero, make sure one exists in the scene.

Couldn't find a Hero, make sure one exists in the scene.

Couldn't find a Hero, make sure one exists in the scene.

Couldn't find a Hero, make sure one exists in the scene.

Couldn't find a Hero, make sure one exists in the scene.

Couldn't find a Hero, make sure one exists in the scene.

Couldn't find a Hero, make sure one exists in the scene.

Couldn't find a Hero, make sure one exists in the scene.

Couldn't find a Hero, make sure one exists in the scene.

Couldn't find a Hero, make sure one exists in the scene.

Couldn't find a Hero, make sure one exists in the scene.

Couldn't find a Hero, make sure one exists in the scene.

Couldn't find a Hero, make sure one exists in the scene.

Couldn't find a Hero, make sure one exists in the scene.

Couldn't find a Hero, make sure one exists in the scene.

Couldn't find a Hero, make sure one exists in the scene.

Couldn't find a Hero, make sure one exists in the scene.

Couldn't find a Hero, make sure one exists in the scene.

Couldn't find a Hero, make sure one exists in the scene.

Couldn't find a Hero, make sure one exists in the scene.

Couldn't find a Hero, make sure one exists in the scene.

Couldn't find a Hero, make sure one exists in the scene.

Couldn't find a Hero, make sure one exists in the scene.

Couldn't find a Hero, make sure one exists in the scene.

Couldn't find a Hero, make sure one exists in the scene.

Couldn't find a Hero, make sure one exists in the scene.

Couldn't find a Hero, make sure one exists in the scene.

Couldn't find a Hero, make sure one exists in the scene.

Couldn't find a Hero, make sure one exists in the scene.

Couldn't find a Hero, make sure one exists in the scene.

Couldn't find a Hero, make sure one exists in the scene.

Couldn't find a Hero, make sure one exists in the scene.

Couldn't find a Hero, make sure one exists in the scene.


Unloading 574 unused Assets to reduce memory usage. Loaded Objects now: 54486.
Total: 294.502300 ms (FindLiveObjects: 4.499000 ms CreateObjectMapping: 4.631600 ms MarkObjects: 283.575100 ms  DeleteObjects: 1.796000 ms)

Couldn't find a Hero, make sure one exists in the scene.

Couldn't find a Hero, make sure one exists in the scene.

Couldn't find a Hero, make sure one exists in the scene.

Couldn't find a Hero, make sure one exists in the scene.

Couldn't find a Hero, make sure one exists in the scene.

Couldn't find a Hero, make sure one exists in the scene.

Couldn't find a Hero, make sure one exists in the scene.

Couldn't find a Hero, make sure one exists in the scene.

Couldn't find a Hero, make sure one exists in the scene.

Couldn't find a Hero, make sure one exists in the scene.

Couldn't find a Hero, make sure one exists in the scene.

Couldn't find a Hero, make sure one exists in the scene.

Couldn't find a Hero, make sure one exists in the scene.

Couldn't find a Hero, make sure one exists in the scene.

Couldn't find a Hero, make sure one exists in the scene.

Couldn't find a Hero, make sure one exists in the scene.

Couldn't find a Hero, make sure one exists in the scene.

Couldn't find a Hero, make sure one exists in the scene.

Couldn't find a Hero, make sure one exists in the scene.

Couldn't find a Hero, make sure one exists in the scene.

Couldn't find a Hero, make sure one exists in the scene.

Couldn't find a Hero, make sure one exists in the scene.

Couldn't find a Hero, make sure one exists in the scene.

Couldn't find a Hero, make sure one exists in the scene.

Couldn't find a Hero, make sure one exists in the scene.

Couldn't find a Hero, make sure one exists in the scene.

Couldn't find a Hero, make sure one exists in the scene.

Couldn't find a Hero, make sure one exists in the scene.

Couldn't find a Hero, make sure one exists in the scene.

Couldn't find a Hero, make sure one exists in the scene.

Couldn't find a Hero, make sure one exists in the scene.

Couldn't find a Hero, make sure one exists in the scene.

Couldn't find a Hero, make sure one exists in the scene.

Couldn't find a Hero, make sure one exists in the scene.

Couldn't find a Hero, make sure one exists in the scene.

Couldn't find a Hero, make sure one exists in the scene.

Couldn't find a Hero, make sure one exists in the scene.

Couldn't find a Hero, make sure one exists in the scene.

Couldn't find a Hero, make sure one exists in the scene.

Couldn't find a Hero, make sure one exists in the scene.

Couldn't find a Hero, make sure one exists in the scene.

Couldn't find a Hero, make sure one exists in the scene.

Couldn't find a Hero, make sure one exists in the scene.

Couldn't find a Hero, make sure one exists in the scene.

Couldn't find a Hero, make sure one exists in the scene.

Couldn't find a Hero, make sure one exists in the scene.

Couldn't find a Hero, make sure one exists in the scene.

Couldn't find a Hero, make sure one exists in the scene.

Couldn't find a Hero, make sure one exists in the scene.

Couldn't find a Hero, make sure one exists in the scene.

Couldn't find a Hero, make sure one exists in the scene.

Couldn't find a Hero, make sure one exists in the scene.

Couldn't find a Hero, make sure one exists in the scene.

Couldn't find a Hero, make sure one exists in the scene.

Couldn't find a Hero, make sure one exists in the scene.

Couldn't find a Hero, make sure one exists in the scene.

Couldn't find a Hero, make sure one exists in the scene.

Couldn't find a Hero, make sure one exists in the scene.

Couldn't find a Hero, make sure one exists in the scene.

Couldn't find a Hero, make sure one exists in the scene.

Couldn't find a Hero, make sure one exists in the scene.

Couldn't find a Hero, make sure one exists in the scene.

Couldn't find a Hero, make sure one exists in the scene.

Couldn't find a Hero, make sure one exists in the scene.

Couldn't find a Hero, make sure one exists in the scene.

Couldn't find a Hero, make sure one exists in the scene.

Couldn't find a Hero, make sure one exists in the scene.

Couldn't find a Hero, make sure one exists in the scene.

Couldn't find a Hero, make sure one exists in the scene.

Couldn't find a Hero, make sure one exists in the scene.

Couldn't find a Hero, make sure one exists in the scene.

Couldn't find a Hero, make sure one exists in the scene.

Couldn't find a Hero, make sure one exists in the scene.

Couldn't find a Hero, make sure one exists in the scene.

Couldn't find a Hero, make sure one exists in the scene.

Couldn't find a Hero, make sure one exists in the scene.

Couldn't find a Hero, make sure one exists in the scene.

Couldn't find a Hero, make sure one exists in the scene.

Couldn't find a Hero, make sure one exists in the scene.

Couldn't find a Hero, make sure one exists in the scene.

Couldn't find a Hero, make sure one exists in the scene.

Couldn't find a Hero, make sure one exists in the scene.

Couldn't find a Hero, make sure one exists in the scene.

Couldn't find a Hero, make sure one exists in the scene.

Couldn't find a Hero, make sure one exists in the scene.

Couldn't find a Hero, make sure one exists in the scene.

Couldn't find a Hero, make sure one exists in the scene.

Couldn't find a Hero, make sure one exists in the scene.

Couldn't find a Hero, make sure one exists in the scene.

Couldn't find a Hero, make sure one exists in the scene.

Couldn't find a Hero, make sure one exists in the scene.

Couldn't find a Hero, make sure one exists in the scene.

Couldn't find a Hero, make sure one exists in the scene.

Couldn't find a Hero, make sure one exists in the scene.

Couldn't find a Hero, make sure one exists in the scene.

Couldn't find a Hero, make sure one exists in the scene.

Setting up 2 worker threads for Enlighten.
  Thread -> id: 3660 -> priority: 1 
  Thread -> id: 3d28 -> priority: 1 
Shutting down Steam API.

