Mono path[0] = 'D:/Games/AdventureGames/Hollow Knight - Copy/hollow_knight_Data/Managed'
Mono config path = 'D:/Games/AdventureGames/Hollow Knight - Copy/MonoBleedingEdge/etc'
Initialize engine version: 2020.2.2f1 (068178b99f32)
[Subsystems] Discovering subsystems at path D:/Games/AdventureGames/Hollow Knight - Copy/hollow_knight_Data/UnitySubsystems
GfxDevice: creating device client; threaded=1
Direct3D:
    Version:  Direct3D 11.0 [level 11.0]
    Renderer: NVIDIA GeForce GTX 750 Ti (ID=0x1380)
    Vendor:   
    VRAM:     1999 MB
    Driver:   32.0.15.6094
Begin MonoManager ReloadAssembly
- Completed reload, in  0.899 seconds
OnLevelWasLoaded was found on GameMap
This message has been deprecated and will be removed in a later version of Unity.
Add a delegate to SceneManager.sceneLoaded instead to get notifications after scene loading has completed

OnLevelWasLoaded was found on PlayMakerUnity2d
This message has been deprecated and will be removed in a later version of Unity.
Add a delegate to SceneManager.sceneLoaded instead to get notifications after scene loading has completed

D3D11 device created for Microsoft Media Foundation video decoding.
<RI> Initializing input.
<RI> Input initialized.
<RI> Initialized touch support.
The class named 'ConfigManager' is abstract. The script class can't be abstract!

UnloadTime: 41.997600 ms
Graphics tier changed to High

Steam initializing

Steam logged in as Player

Selected online subsystem SteamOnlineSubsystem

Discovered supported languages: DE, EN, ES, FR, IT, JA, KO, PT, RU, ZH

Unloading 5 Unused Serialized files (Serialized files now loaded: 0)
Loaded saved language code 'EN'

Restored language code 'EN'


Unloading 362 unused Assets to reduce memory usage. Loaded Objects now: 3824.
Total: 1.673700 ms (FindLiveObjects: 0.218900 ms CreateObjectMapping: 0.111600 ms MarkObjects: 1.248900 ms  DeleteObjects: 0.093700 ms)

Unloading 5 Unused Serialized files (Serialized files now loaded: 0)
Steam stats received.

Direct3D: detected that using refresh rate causes time drift. Will stop trusting refresh rate until the game window is moved.
Direct3D: detected that vsync is broken (it does not limit frame rate properly). Delta time will now be calculated using cpu-side time stampling until the game window is moved.
Didn't need to wait for PlayerPrefs load.

UnloadTime: 4.649400 ms
DontDestroyOnLoad only works for root GameObjects or components on root GameObjects.

Performing automatic level start.

Failed to retrieve achievement state for ENDING_A

Failed to retrieve achievement state for ENDING_B

Failed to retrieve achievement state for ENDING_C

Failed to retrieve achievement state for STEELSOUL

Game controller set to None.

Failed to retrieve achievement state for PROTECTED

Failed to retrieve achievement state for MASKED

Failed to retrieve achievement state for CHARMED

Failed to retrieve achievement state for ENCHANTED

Failed to retrieve achievement state for BLESSED

Failed to retrieve achievement state for SOULFUL

Failed to retrieve achievement state for WORLDSOUL

Failed to retrieve achievement state for FK_DEFEAT

Failed to retrieve achievement state for DREAM_FK

Failed to retrieve achievement state for HORNET_1

Failed to retrieve achievement state for HORNET_2

Failed to retrieve achievement state for SOUL_MASTER_DEFEAT

Failed to retrieve achievement state for DREAM_SOUL_MASTER_DEFEAT

Failed to retrieve achievement state for BROKEN_VESSEL

Failed to retrieve achievement state for DREAM_BROKEN_VESSEL

Failed to retrieve achievement state for DUNG_DEFENDER

Failed to retrieve achievement state for MANTIS_LORDS

Failed to retrieve achievement state for COLLECTOR

Failed to retrieve achievement state for ZOTE

Failed to retrieve achievement state for NEGLECT

Failed to retrieve achievement state for ATTUNEMENT

Failed to retrieve achievement state for AWAKENING

Failed to retrieve achievement state for ASCENSION

Failed to retrieve achievement state for GRUBFRIEND

Failed to retrieve achievement state for METAMORPHOSIS

Failed to retrieve achievement state for NAILSMITH_KILL

Failed to retrieve achievement state for NAILSMITH_SPARE

Failed to retrieve achievement state for QUIRREL_EPILOGUE

Failed to retrieve achievement state for MOURNER

Failed to retrieve achievement state for TRAITOR_LORD

Failed to retrieve achievement state for STAG_STATION_HALF

Failed to retrieve achievement state for STAG_STATION_ALL

Failed to retrieve achievement state for TEACHER

Failed to retrieve achievement state for WATCHER

Failed to retrieve achievement state for BEAST

Failed to retrieve achievement state for MAP

Failed to retrieve achievement state for COLOSSEUM_1

Failed to retrieve achievement state for COLOSSEUM_2

Failed to retrieve achievement state for COLOSSEUM_3

Failed to retrieve achievement state for ENDING_A

Failed to retrieve achievement state for ENDING_B

Failed to retrieve achievement state for ENDING_C

Failed to retrieve achievement state for VOID

Failed to retrieve achievement state for SPEEDRUN_1

Failed to retrieve achievement state for SPEEDRUN_2

Failed to retrieve achievement state for SPEED_COMPLETION

Failed to retrieve achievement state for STEELSOUL

Failed to retrieve achievement state for STEELSOUL_COMPLETION

Failed to retrieve achievement state for HUNTER_1

Failed to retrieve achievement state for HUNTER_2

Failed to retrieve achievement state for MR_MUSHROOM

Failed to retrieve achievement state for WHITE_DEFENDER

Failed to retrieve achievement state for GREY_PRINCE

Failed to retrieve achievement state for GRIMM

Failed to retrieve achievement state for NIGHTMARE_GRIMM

Failed to retrieve achievement state for BANISHMENT

Failed to retrieve achievement state for PANTHEON1

Failed to retrieve achievement state for PANTHEON2

Failed to retrieve achievement state for PANTHEON3

Failed to retrieve achievement state for PANTHEON4


Unloading 30 unused Assets to reduce memory usage. Loaded Objects now: 46223.
Total: 157.082000 ms (FindLiveObjects: 5.627800 ms CreateObjectMapping: 2.698000 ms MarkObjects: 148.495800 ms  DeleteObjects: 0.259200 ms)

Making UI menu lean.

Deferring level start (marked as manual).

Using fallback 1 to find tilemap. Scene Opening_Sequence requires manual fixing.

Using fallback 2 to find tilemap. Scene Opening_Sequence requires manual fixing.

Failed to find tilemap in Opening_Sequence entirely.

Unloading 5 Unused Serialized files (Serialized files now loaded: 0)
Starting opening sequence.

Opening sequience changing sequences.


Unloading 181 unused Assets to reduce memory usage. Loaded Objects now: 43084.
Total: 137.962500 ms (FindLiveObjects: 2.552500 ms CreateObjectMapping: 1.735600 ms MarkObjects: 132.418300 ms  DeleteObjects: 1.255600 ms)

Setting skip mode: SKIP_PROMPT

Started cinematic 'Prologue'

Opening sequience changing sequences.

Setting skip mode: NOT_SKIPPABLE

Started cinematic 'Prologue'

Setting skip mode: SKIP_PROMPT

Stopped cinematic 'Prologue'

Started cinematic 'Intro'

Opening sequience changing sequences.

Setting skip mode: NOT_SKIPPABLE

Started cinematic 'Intro'

Setting skip mode: SKIP_PROMPT

Stopped cinematic 'Intro'

Setting skip mode: NOT_SKIPPABLE

Opening sequience changing sequences.

AddEventHandlerComponent: PlayMakerFixedUpdate

AddEventHandlerComponent: PlayMakerFixedUpdate

AddEventHandlerComponent: PlayMakerFixedUpdate

AddEventHandlerComponent: PlayMakerFixedUpdate

AddEventHandlerComponent: PlayMakerFixedUpdate

AddEventHandlerComponent: PlayMakerFixedUpdate

AddEventHandlerComponent: PlayMakerFixedUpdate

AddEventHandlerComponent: PlayMakerFixedUpdate

AddEventHandlerComponent: PlayMakerFixedUpdate

PlayMakerUnity2DProxy requires the 'PlayMaker Unity 2D' Prefab in the Scene.
Use the menu 'PlayMaker/Addons/Unity 2D/Components/Add PlayMakerUnity2D to Scene' to correct the situation

PlayMakerUnity2DProxy requires the 'PlayMaker Unity 2D' Prefab in the Scene.
Use the menu 'PlayMaker/Addons/Unity 2D/Components/Add PlayMakerUnity2D to Scene' to correct the situation

PlayMakerUnity2DProxy requires the 'PlayMaker Unity 2D' Prefab in the Scene.
Use the menu 'PlayMaker/Addons/Unity 2D/Components/Add PlayMakerUnity2D to Scene' to correct the situation

PlayMakerUnity2DProxy requires the 'PlayMaker Unity 2D' Prefab in the Scene.
Use the menu 'PlayMaker/Addons/Unity 2D/Components/Add PlayMakerUnity2D to Scene' to correct the situation

PlayMakerUnity2DProxy requires the 'PlayMaker Unity 2D' Prefab in the Scene.
Use the menu 'PlayMaker/Addons/Unity 2D/Components/Add PlayMakerUnity2D to Scene' to correct the situation

PlayMakerUnity2DProxy requires the 'PlayMaker Unity 2D' Prefab in the Scene.
Use the menu 'PlayMaker/Addons/Unity 2D/Components/Add PlayMakerUnity2D to Scene' to correct the situation

PlayMakerUnity2DProxy requires the 'PlayMaker Unity 2D' Prefab in the Scene.
Use the menu 'PlayMaker/Addons/Unity 2D/Components/Add PlayMakerUnity2D to Scene' to correct the situation

Unloading 6 Unused Serialized files (Serialized files now loaded: 0)
UnloadTime: 1.189200 ms
AddEventHandlerComponent: PlayMakerFixedUpdate

AddEventHandlerComponent: PlayMakerFixedUpdate

AddEventHandlerComponent: PlayMakerFixedUpdate

AddEventHandlerComponent: PlayMakerFixedUpdate

AddEventHandlerComponent: PlayMakerFixedUpdate

AddEventHandlerComponent: PlayMakerFixedUpdate

AddEventHandlerComponent: PlayMakerFixedUpdate

AddEventHandlerComponent: PlayMakerFixedUpdate

AddEventHandlerComponent: PlayMakerFixedUpdate

AddEventHandlerComponent: PlayMakerFixedUpdate

AddEventHandlerComponent: PlayMakerFixedUpdate

AddEventHandlerComponent: PlayMakerFixedUpdate

AddEventHandlerComponent: PlayMakerFixedUpdate

AddEventHandlerComponent: PlayMakerFixedUpdate

AddEventHandlerComponent: PlayMakerFixedUpdate

AddEventHandlerComponent: PlayMakerFixedUpdate

AddEventHandlerComponent: PlayMakerFixedUpdate

AddEventHandlerComponent: PlayMakerFixedUpdate

AddEventHandlerComponent: PlayMakerFixedUpdate

AddEventHandlerComponent: PlayMakerFixedUpdate

AddEventHandlerComponent: PlayMakerFixedUpdate

Performing automatic level start.


Unloading 147 unused Assets to reduce memory usage. Loaded Objects now: 64500.
Total: 193.403700 ms (FindLiveObjects: 3.586200 ms CreateObjectMapping: 2.314000 ms MarkObjects: 186.700700 ms  DeleteObjects: 0.801600 ms)

Object Pool attached to GlobalPool has run out of Run Effects prefabs, Instantiating an additional one.

Object Pool attached to GlobalPool has run out of Run Effects prefabs, Instantiating an additional one.

Object Pool attached to GlobalPool has run out of Slash Impact R prefabs, Instantiating an additional one.

Object Pool attached to GlobalPool has run out of Strike Nail R prefabs, Instantiating an additional one.

Object Pool attached to GlobalPool has run out of Plat Rocks prefabs, Instantiating an additional one.

Object Pool attached to GlobalPool has run out of Slash Impact R prefabs, Instantiating an additional one.

Object Pool attached to GlobalPool has run out of Strike Nail R prefabs, Instantiating an additional one.

Object Pool attached to GlobalPool has run out of Run Effects prefabs, Instantiating an additional one.

Object Pool attached to GlobalPool has run out of Plat Dust prefabs, Instantiating an additional one.

Object Pool attached to GlobalPool has run out of Plat Dust prefabs, Instantiating an additional one.

Object Pool attached to GlobalPool has run out of Plat Stream Dust prefabs, Instantiating an additional one.

Bump Height: 0.09458923

Bump Height: 0.09459305

AddEventHandlerComponent: PlayMakerFixedUpdate

AddEventHandlerComponent: PlayMakerFixedUpdate

AddEventHandlerComponent: PlayMakerFixedUpdate

Failed to retrieve achievement state for CHARMED

Pushing achievement CHARMED

Steam achievement CHARMED (0/0) upload complete

Object Pool attached to GlobalPool has run out of Slash Impact R prefabs, Instantiating an additional one.

Object Pool attached to GlobalPool has run out of Plat Rocks prefabs, Instantiating an additional one.

AddEventHandlerComponent: PlayMakerFixedUpdate

AddEventHandlerComponent: PlayMakerFixedUpdate

AddEventHandlerComponent: PlayMakerFixedUpdate

AddEventHandlerComponent: PlayMakerFixedUpdate

AddEventHandlerComponent: PlayMakerFixedUpdate

AddEventHandlerComponent: PlayMakerFixedUpdate

AddEventHandlerComponent: PlayMakerFixedUpdate

AddEventHandlerComponent: PlayMakerCollisionEnter2D

AddEventHandlerComponent: PlayMakerFixedUpdate

AddEventHandlerComponent: PlayMakerFixedUpdate

AddEventHandlerComponent: PlayMakerFixedUpdate

AddEventHandlerComponent: PlayMakerFixedUpdate

AddEventHandlerComponent: PlayMakerFixedUpdate

AddEventHandlerComponent: PlayMakerFixedUpdate

Deferring level start (marked as manual).

AddEventHandlerComponent: PlayMakerFixedUpdate

AddEventHandlerComponent: PlayMakerFixedUpdate

AddEventHandlerComponent: PlayMakerFixedUpdate

AddEventHandlerComponent: PlayMakerFixedUpdate

Deferring level start (marked as manual).

AddEventHandlerComponent: PlayMakerFixedUpdate

AddEventHandlerComponent: PlayMakerCollisionStay

AddEventHandlerComponent: PlayMakerCollisionEnter2D

AddEventHandlerComponent: PlayMakerCollisionStay2D

AddEventHandlerComponent: PlayMakerFixedUpdate

AddEventHandlerComponent: PlayMakerCollisionStay

AddEventHandlerComponent: PlayMakerCollisionEnter2D

AddEventHandlerComponent: PlayMakerCollisionStay2D

AddEventHandlerComponent: PlayMakerFixedUpdate

AddEventHandlerComponent: PlayMakerCollisionStay

AddEventHandlerComponent: PlayMakerCollisionEnter2D

AddEventHandlerComponent: PlayMakerCollisionStay2D

AddEventHandlerComponent: PlayMakerFixedUpdate

AddEventHandlerComponent: PlayMakerCollisionStay

AddEventHandlerComponent: PlayMakerCollisionEnter2D

AddEventHandlerComponent: PlayMakerCollisionStay2D

AddEventHandlerComponent: PlayMakerFixedUpdate

AddEventHandlerComponent: PlayMakerCollisionStay

AddEventHandlerComponent: PlayMakerCollisionEnter2D

AddEventHandlerComponent: PlayMakerCollisionStay2D

AddEventHandlerComponent: PlayMakerFixedUpdate

AddEventHandlerComponent: PlayMakerCollisionStay

AddEventHandlerComponent: PlayMakerCollisionEnter2D

AddEventHandlerComponent: PlayMakerCollisionStay2D

AddEventHandlerComponent: PlayMakerFixedUpdate

AddEventHandlerComponent: PlayMakerCollisionStay

AddEventHandlerComponent: PlayMakerCollisionEnter2D

AddEventHandlerComponent: PlayMakerCollisionStay2D

AddEventHandlerComponent: PlayMakerFixedUpdate

AddEventHandlerComponent: PlayMakerCollisionStay

AddEventHandlerComponent: PlayMakerCollisionEnter2D

AddEventHandlerComponent: PlayMakerCollisionStay2D

AddEventHandlerComponent: PlayMakerFixedUpdate

AddEventHandlerComponent: PlayMakerCollisionStay

AddEventHandlerComponent: PlayMakerCollisionEnter2D

AddEventHandlerComponent: PlayMakerCollisionStay2D

AddEventHandlerComponent: PlayMakerFixedUpdate

Deferring level start (marked as manual).

Object Pool attached to GlobalPool has run out of Strike Nail R prefabs, Instantiating an additional one.

AddEventHandlerComponent: PlayMakerFixedUpdate

AddEventHandlerComponent: PlayMakerFixedUpdate

Deferring level start (marked as manual).

PlayerData: Could not find field named , check variable name exists and FSM variable string is correct.

Deferring level start (marked as manual).

AddEventHandlerComponent: PlayMakerFixedUpdate

AddEventHandlerComponent: PlayMakerFixedUpdate

AddEventHandlerComponent: PlayMakerFixedUpdate

AddEventHandlerComponent: PlayMakerFixedUpdate

AddEventHandlerComponent: PlayMakerFixedUpdate

AddEventHandlerComponent: PlayMakerFixedUpdate

AddEventHandlerComponent: PlayMakerFixedUpdate

AddEventHandlerComponent: PlayMakerFixedUpdate

AddEventHandlerComponent: PlayMakerFixedUpdate

AddEventHandlerComponent: PlayMakerFixedUpdate

AddEventHandlerComponent: PlayMakerFixedUpdate

AddEventHandlerComponent: PlayMakerFixedUpdate

AddEventHandlerComponent: PlayMakerFixedUpdate

AddEventHandlerComponent: PlayMakerFixedUpdate

AddEventHandlerComponent: PlayMakerFixedUpdate

AddEventHandlerComponent: PlayMakerFixedUpdate

AddEventHandlerComponent: PlayMakerFixedUpdate

AddEventHandlerComponent: PlayMakerFixedUpdate

AddEventHandlerComponent: PlayMakerFixedUpdate

AddEventHandlerComponent: PlayMakerFixedUpdate

AddEventHandlerComponent: PlayMakerFixedUpdate

AddEventHandlerComponent: PlayMakerFixedUpdate

AddEventHandlerComponent: PlayMakerFixedUpdate

AddEventHandlerComponent: PlayMakerFixedUpdate

AddEventHandlerComponent: PlayMakerFixedUpdate

AddEventHandlerComponent: PlayMakerFixedUpdate

AddEventHandlerComponent: PlayMakerFixedUpdate

AddEventHandlerComponent: PlayMakerFixedUpdate

AddEventHandlerComponent: PlayMakerFixedUpdate

AddEventHandlerComponent: PlayMakerFixedUpdate

AddEventHandlerComponent: PlayMakerFixedUpdate

AddEventHandlerComponent: PlayMakerFixedUpdate

Deferring level start (marked as manual).

AddEventHandlerComponent: PlayMakerFixedUpdate

Deferring level start (marked as manual).

AddEventHandlerComponent: PlayMakerFixedUpdate

AddEventHandlerComponent: PlayMakerFixedUpdate

Deferring level start (marked as manual).

AddEventHandlerComponent: PlayMakerFixedUpdate

AddEventHandlerComponent: PlayMakerFixedUpdate

AddEventHandlerComponent: PlayMakerFixedUpdate

AddEventHandlerComponent: PlayMakerFixedUpdate

Deferring level start (marked as manual).

Object Pool attached to GlobalPool has run out of Plat Stream Dust prefabs, Instantiating an additional one.

Object Pool attached to GlobalPool has run out of Plat Dust prefabs, Instantiating an additional one.

AddEventHandlerComponent: PlayMakerFixedUpdate

Deferring level start (marked as manual).

AddEventHandlerComponent: PlayMakerFixedUpdate

AddEventHandlerComponent: PlayMakerFixedUpdate

AddEventHandlerComponent: PlayMakerFixedUpdate

AddEventHandlerComponent: PlayMakerFixedUpdate

Deferring level start (marked as manual).

AddEventHandlerComponent: PlayMakerFixedUpdate

AddEventHandlerComponent: PlayMakerFixedUpdate

AddEventHandlerComponent: PlayMakerFixedUpdate

AddEventHandlerComponent: PlayMakerFixedUpdate

Deferring level start (marked as manual).

AddEventHandlerComponent: PlayMakerFixedUpdate

AddEventHandlerComponent: PlayMakerFixedUpdate

AddEventHandlerComponent: PlayMakerFixedUpdate

AddEventHandlerComponent: PlayMakerFixedUpdate

AddEventHandlerComponent: PlayMakerFixedUpdate

AddEventHandlerComponent: PlayMakerFixedUpdate

AddEventHandlerComponent: PlayMakerFixedUpdate

AddEventHandlerComponent: PlayMakerFixedUpdate

Deferring level start (marked as manual).

AddEventHandlerComponent: PlayMakerFixedUpdate

AddEventHandlerComponent: PlayMakerFixedUpdate

AddEventHandlerComponent: PlayMakerFixedUpdate

AddEventHandlerComponent: PlayMakerFixedUpdate

AddEventHandlerComponent: PlayMakerFixedUpdate

AddEventHandlerComponent: PlayMakerFixedUpdate

AddEventHandlerComponent: PlayMakerFixedUpdate

AddEventHandlerComponent: PlayMakerFixedUpdate

AddEventHandlerComponent: PlayMakerFixedUpdate

AddEventHandlerComponent: PlayMakerFixedUpdate

AddEventHandlerComponent: PlayMakerFixedUpdate

AddEventHandlerComponent: PlayMakerFixedUpdate

AddEventHandlerComponent: PlayMakerFixedUpdate

AddEventHandlerComponent: PlayMakerFixedUpdate

AddEventHandlerComponent: PlayMakerFixedUpdate

AddEventHandlerComponent: PlayMakerFixedUpdate

AddEventHandlerComponent: PlayMakerFixedUpdate

AddEventHandlerComponent: PlayMakerFixedUpdate

AddEventHandlerComponent: PlayMakerFixedUpdate

AddEventHandlerComponent: PlayMakerFixedUpdate

AddEventHandlerComponent: PlayMakerFixedUpdate

AddEventHandlerComponent: PlayMakerFixedUpdate

AddEventHandlerComponent: PlayMakerFixedUpdate

AddEventHandlerComponent: PlayMakerFixedUpdate

AddEventHandlerComponent: PlayMakerFixedUpdate

AddEventHandlerComponent: PlayMakerFixedUpdate

AddEventHandlerComponent: PlayMakerFixedUpdate

AddEventHandlerComponent: PlayMakerFixedUpdate

AddEventHandlerComponent: PlayMakerFixedUpdate

AddEventHandlerComponent: PlayMakerFixedUpdate

AddEventHandlerComponent: PlayMakerFixedUpdate

AddEventHandlerComponent: PlayMakerFixedUpdate

AddEventHandlerComponent: PlayMakerFixedUpdate

AddEventHandlerComponent: PlayMakerFixedUpdate

AddEventHandlerComponent: PlayMakerFixedUpdate

Deferring level start (marked as manual).

AddEventHandlerComponent: PlayMakerFixedUpdate

AddEventHandlerComponent: PlayMakerFixedUpdate

AddEventHandlerComponent: PlayMakerFixedUpdate

AddEventHandlerComponent: PlayMakerFixedUpdate

AddEventHandlerComponent: PlayMakerFixedUpdate

AddEventHandlerComponent: PlayMakerFixedUpdate

AddEventHandlerComponent: PlayMakerFixedUpdate

AddEventHandlerComponent: PlayMakerFixedUpdate

AddEventHandlerComponent: PlayMakerFixedUpdate

Deferring level start (marked as manual).

AddEventHandlerComponent: PlayMakerFixedUpdate

AddEventHandlerComponent: PlayMakerFixedUpdate

AddEventHandlerComponent: PlayMakerFixedUpdate

AddEventHandlerComponent: PlayMakerFixedUpdate

AddEventHandlerComponent: PlayMakerFixedUpdate

Deferring level start (marked as manual).

PlayOneShot was called with a null AudioClip.

PlayOneShot was called with a null AudioClip.

AddEventHandlerComponent: PlayMakerFixedUpdate

AddEventHandlerComponent: PlayMakerFixedUpdate

AddEventHandlerComponent: PlayMakerFixedUpdate

AddEventHandlerComponent: PlayMakerFixedUpdate

AddEventHandlerComponent: PlayMakerFixedUpdate

AddEventHandlerComponent: PlayMakerFixedUpdate

AddEventHandlerComponent: PlayMakerFixedUpdate

AddEventHandlerComponent: PlayMakerFixedUpdate

AddEventHandlerComponent: PlayMakerFixedUpdate

Deferring level start (marked as manual).

Object Pool attached to GlobalPool has run out of Slash Impact R prefabs, Instantiating an additional one.

AddEventHandlerComponent: PlayMakerFixedUpdate

AddEventHandlerComponent: PlayMakerFixedUpdate

AddEventHandlerComponent: PlayMakerFixedUpdate

AddEventHandlerComponent: PlayMakerFixedUpdate

AddEventHandlerComponent: PlayMakerFixedUpdate

AddEventHandlerComponent: PlayMakerFixedUpdate

Deferring level start (marked as manual).

AddEventHandlerComponent: PlayMakerFixedUpdate

Object Pool attached to GlobalPool could not find a copy of Hit Puff Large, Instantiating a new one.

Object Pool attached to GlobalPool has run out of Hit Puff Large prefabs, Instantiating an additional one.

AddEventHandlerComponent: PlayMakerFixedUpdate

AddEventHandlerComponent: PlayMakerFixedUpdate

Object Pool attached to GlobalPool could not find a copy of Shockwave Spurt, Instantiating a new one.

Object Pool attached to GlobalPool could not find a copy of Shockwave Spurt L, Instantiating a new one.

Object Pool attached to GlobalPool has run out of Shockwave Spurt prefabs, Instantiating an additional one.

Object Pool attached to GlobalPool has run out of Shockwave Spurt L prefabs, Instantiating an additional one.

Object Pool attached to GlobalPool has run out of Shockwave Spurt prefabs, Instantiating an additional one.

Object Pool attached to GlobalPool has run out of Shockwave Spurt L prefabs, Instantiating an additional one.

Object Pool attached to GlobalPool has run out of Shockwave Spurt prefabs, Instantiating an additional one.

Object Pool attached to GlobalPool has run out of Shockwave Spurt L prefabs, Instantiating an additional one.

Object Pool attached to GlobalPool has run out of Shockwave Spurt prefabs, Instantiating an additional one.

Object Pool attached to GlobalPool has run out of Shockwave Spurt L prefabs, Instantiating an additional one.

Object Pool attached to GlobalPool has run out of Shockwave Spurt prefabs, Instantiating an additional one.

Object Pool attached to GlobalPool has run out of Shockwave Spurt L prefabs, Instantiating an additional one.

Object Pool attached to GlobalPool has run out of Shockwave Spurt prefabs, Instantiating an additional one.

Object Pool attached to GlobalPool has run out of Shockwave Spurt L prefabs, Instantiating an additional one.

Object Pool attached to GlobalPool has run out of Shockwave Spurt prefabs, Instantiating an additional one.

Object Pool attached to GlobalPool has run out of Shockwave Spurt L prefabs, Instantiating an additional one.

Object Pool attached to GlobalPool has run out of Shockwave Spurt prefabs, Instantiating an additional one.

Object Pool attached to GlobalPool has run out of Shockwave Spurt L prefabs, Instantiating an additional one.

Object Pool attached to GlobalPool has run out of Shockwave Spurt prefabs, Instantiating an additional one.

Object Pool attached to GlobalPool has run out of Shockwave Spurt L prefabs, Instantiating an additional one.

Object Pool attached to GlobalPool has run out of Shockwave Spurt prefabs, Instantiating an additional one.

Object Pool attached to GlobalPool has run out of Shockwave Spurt L prefabs, Instantiating an additional one.

Object Pool attached to GlobalPool has run out of Shockwave Spurt prefabs, Instantiating an additional one.

Object Pool attached to GlobalPool has run out of Shockwave Spurt L prefabs, Instantiating an additional one.

Object Pool attached to GlobalPool has run out of Shockwave Spurt prefabs, Instantiating an additional one.

Object Pool attached to GlobalPool has run out of Shockwave Spurt L prefabs, Instantiating an additional one.

Object Pool attached to GlobalPool has run out of Shockwave Spurt prefabs, Instantiating an additional one.

Object Pool attached to GlobalPool has run out of Shockwave Spurt L prefabs, Instantiating an additional one.

Object Pool attached to GlobalPool has run out of Shockwave Spurt prefabs, Instantiating an additional one.

Object Pool attached to GlobalPool has run out of Shockwave Spurt L prefabs, Instantiating an additional one.

Object Pool attached to GlobalPool has run out of Shockwave Spurt prefabs, Instantiating an additional one.

Object Pool attached to GlobalPool has run out of Shockwave Spurt L prefabs, Instantiating an additional one.

Object Pool attached to GlobalPool has run out of Shockwave Spurt prefabs, Instantiating an additional one.

Object Pool attached to GlobalPool has run out of Shockwave Spurt L prefabs, Instantiating an additional one.

Object Pool attached to GlobalPool has run out of Shockwave Spurt prefabs, Instantiating an additional one.

Object Pool attached to GlobalPool has run out of Shockwave Spurt L prefabs, Instantiating an additional one.

Object Pool attached to GlobalPool has run out of Shockwave Spurt prefabs, Instantiating an additional one.

Object Pool attached to GlobalPool has run out of Shockwave Spurt L prefabs, Instantiating an additional one.

Object Pool attached to GlobalPool has run out of Shockwave Spurt prefabs, Instantiating an additional one.

Object Pool attached to GlobalPool has run out of Shockwave Spurt L prefabs, Instantiating an additional one.

Object Pool attached to GlobalPool has run out of Shockwave Spurt prefabs, Instantiating an additional one.

Object Pool attached to GlobalPool has run out of Shockwave Spurt L prefabs, Instantiating an additional one.

Object Pool attached to GlobalPool has run out of Shockwave Spurt prefabs, Instantiating an additional one.

Object Pool attached to GlobalPool has run out of Shockwave Spurt L prefabs, Instantiating an additional one.

Object Pool attached to GlobalPool has run out of Shockwave Spurt prefabs, Instantiating an additional one.

Object Pool attached to GlobalPool has run out of Shockwave Spurt L prefabs, Instantiating an additional one.

Object Pool attached to GlobalPool has run out of Shockwave Spurt prefabs, Instantiating an additional one.

Object Pool attached to GlobalPool has run out of Shockwave Spurt L prefabs, Instantiating an additional one.

Object Pool attached to GlobalPool has run out of Shockwave Spurt prefabs, Instantiating an additional one.

Object Pool attached to GlobalPool has run out of Shockwave Spurt L prefabs, Instantiating an additional one.

Object Pool attached to GlobalPool has run out of Shockwave Spurt prefabs, Instantiating an additional one.

Object Pool attached to GlobalPool has run out of Shockwave Spurt L prefabs, Instantiating an additional one.

Object Pool attached to GlobalPool has run out of Shockwave Spurt prefabs, Instantiating an additional one.

Object Pool attached to GlobalPool has run out of Shockwave Spurt L prefabs, Instantiating an additional one.

Object Pool attached to GlobalPool has run out of Shockwave Spurt prefabs, Instantiating an additional one.

Object Pool attached to GlobalPool has run out of Shockwave Spurt L prefabs, Instantiating an additional one.

Object Pool attached to GlobalPool has run out of Shockwave Spurt prefabs, Instantiating an additional one.

Object Pool attached to GlobalPool has run out of Shockwave Spurt L prefabs, Instantiating an additional one.

Object Pool attached to GlobalPool has run out of Shockwave Spurt prefabs, Instantiating an additional one.

Object Pool attached to GlobalPool has run out of Shockwave Spurt L prefabs, Instantiating an additional one.

Object Pool attached to GlobalPool has run out of Shockwave Spurt prefabs, Instantiating an additional one.

Object Pool attached to GlobalPool has run out of Shockwave Spurt L prefabs, Instantiating an additional one.

Object Pool attached to GlobalPool has run out of Shockwave Spurt prefabs, Instantiating an additional one.

Object Pool attached to GlobalPool has run out of Shockwave Spurt L prefabs, Instantiating an additional one.

Object Pool attached to GlobalPool has run out of Shockwave Spurt prefabs, Instantiating an additional one.

Object Pool attached to GlobalPool has run out of Shockwave Spurt L prefabs, Instantiating an additional one.

Object Pool attached to GlobalPool has run out of Shockwave Spurt prefabs, Instantiating an additional one.

Object Pool attached to GlobalPool has run out of Shockwave Spurt L prefabs, Instantiating an additional one.

Object Pool attached to GlobalPool has run out of Shockwave Spurt prefabs, Instantiating an additional one.

Object Pool attached to GlobalPool has run out of Shockwave Spurt L prefabs, Instantiating an additional one.

Object Pool attached to GlobalPool has run out of Shockwave Spurt prefabs, Instantiating an additional one.

Object Pool attached to GlobalPool has run out of Shockwave Spurt L prefabs, Instantiating an additional one.

Object Pool attached to GlobalPool has run out of Shockwave Spurt prefabs, Instantiating an additional one.

Object Pool attached to GlobalPool has run out of Shockwave Spurt L prefabs, Instantiating an additional one.

Object Pool attached to GlobalPool has run out of Shockwave Spurt prefabs, Instantiating an additional one.

Object Pool attached to GlobalPool has run out of Shockwave Spurt L prefabs, Instantiating an additional one.

Object Pool attached to GlobalPool has run out of Shockwave Spurt prefabs, Instantiating an additional one.

Object Pool attached to GlobalPool has run out of Shockwave Spurt L prefabs, Instantiating an additional one.

Object Pool attached to GlobalPool has run out of Shockwave Spurt prefabs, Instantiating an additional one.

Object Pool attached to GlobalPool has run out of Shockwave Spurt L prefabs, Instantiating an additional one.

Object Pool attached to GlobalPool has run out of Shockwave Spurt prefabs, Instantiating an additional one.

Object Pool attached to GlobalPool has run out of Shockwave Spurt L prefabs, Instantiating an additional one.

Object Pool attached to GlobalPool has run out of Shockwave Spurt prefabs, Instantiating an additional one.

Object Pool attached to GlobalPool has run out of Shockwave Spurt L prefabs, Instantiating an additional one.

Object Pool attached to GlobalPool has run out of Shockwave Spurt prefabs, Instantiating an additional one.

Object Pool attached to GlobalPool has run out of Shockwave Spurt L prefabs, Instantiating an additional one.

Object Pool attached to GlobalPool has run out of Shockwave Spurt prefabs, Instantiating an additional one.

Object Pool attached to GlobalPool has run out of Shockwave Spurt L prefabs, Instantiating an additional one.

Object Pool attached to GlobalPool has run out of Shockwave Spurt prefabs, Instantiating an additional one.

Object Pool attached to GlobalPool has run out of Shockwave Spurt L prefabs, Instantiating an additional one.

Object Pool attached to GlobalPool has run out of Shockwave Spurt prefabs, Instantiating an additional one.

Object Pool attached to GlobalPool has run out of Shockwave Spurt L prefabs, Instantiating an additional one.

Object Pool attached to GlobalPool has run out of Shockwave Spurt prefabs, Instantiating an additional one.

Object Pool attached to GlobalPool has run out of Shockwave Spurt L prefabs, Instantiating an additional one.

Object Pool attached to GlobalPool has run out of Shockwave Spurt prefabs, Instantiating an additional one.

Object Pool attached to GlobalPool has run out of Shockwave Spurt L prefabs, Instantiating an additional one.

Object Pool attached to GlobalPool has run out of Shockwave Spurt prefabs, Instantiating an additional one.

Object Pool attached to GlobalPool has run out of Shockwave Spurt L prefabs, Instantiating an additional one.

Object Pool attached to GlobalPool has run out of Shockwave Spurt prefabs, Instantiating an additional one.

Death broadcast event 'ZOM GUARD KILLED' not implemented!

AddEventHandlerComponent: PlayMakerFixedUpdate

AddEventHandlerComponent: PlayMakerFixedUpdate

AddEventHandlerComponent: PlayMakerFixedUpdate

Deferring level start (marked as manual).

AddEventHandlerComponent: PlayMakerFixedUpdate

AddEventHandlerComponent: PlayMakerFixedUpdate

AddEventHandlerComponent: PlayMakerFixedUpdate

AddEventHandlerComponent: PlayMakerFixedUpdate

AddEventHandlerComponent: PlayMakerFixedUpdate

Additively loaded scene: Crossroads_10_boss in sequence

Object Pool attached to GlobalPool has run out of Particle Rock Small prefabs, Instantiating an additional one.

Object Pool attached to GlobalPool has run out of Particle Rock Small prefabs, Instantiating an additional one.

Object Pool attached to GlobalPool has run out of Particle Rock Small prefabs, Instantiating an additional one.

Object Pool attached to GlobalPool has run out of Particle Rock Small prefabs, Instantiating an additional one.

Object Pool attached to GlobalPool has run out of Particle Rock Small prefabs, Instantiating an additional one.

Object Pool attached to GlobalPool has run out of Particle Rock Small prefabs, Instantiating an additional one.

Object Pool attached to GlobalPool has run out of Particle Rock Small prefabs, Instantiating an additional one.

Object Pool attached to GlobalPool has run out of Particle Rock Small prefabs, Instantiating an additional one.

Object Pool attached to GlobalPool has run out of Particle Rock Small prefabs, Instantiating an additional one.

Object Pool attached to GlobalPool has run out of Particle Rock Small prefabs, Instantiating an additional one.

Object Pool attached to GlobalPool has run out of Particle Rock Small prefabs, Instantiating an additional one.

Object Pool attached to GlobalPool has run out of Particle Rock Small prefabs, Instantiating an additional one.

Object Pool attached to GlobalPool has run out of Particle Rock Small prefabs, Instantiating an additional one.

Object Pool attached to GlobalPool has run out of Particle Rock Small prefabs, Instantiating an additional one.

Object Pool attached to GlobalPool has run out of Particle Rock Small prefabs, Instantiating an additional one.

Object Pool attached to GlobalPool has run out of Particle Rock Small prefabs, Instantiating an additional one.

Object Pool attached to GlobalPool has run out of Particle Rock Small prefabs, Instantiating an additional one.

Object Pool attached to GlobalPool has run out of Particle Rock Small prefabs, Instantiating an additional one.

Object Pool attached to GlobalPool has run out of Particle Rock Small prefabs, Instantiating an additional one.

Object Pool attached to GlobalPool has run out of Particle Rock Small prefabs, Instantiating an additional one.

Object Pool attached to GlobalPool could not find a copy of Dust Hit Plume R, Instantiating a new one.

AddEventHandlerComponent: PlayMakerFixedUpdate

Object Pool attached to GlobalPool has run out of Dust Hit Plume R prefabs, Instantiating an additional one.

AddEventHandlerComponent: PlayMakerFixedUpdate

AddEventHandlerComponent: PlayMakerFixedUpdate

AddEventHandlerComponent: PlayMakerFixedUpdate

AddEventHandlerComponent: PlayMakerFixedUpdate

AddEventHandlerComponent: PlayMakerFixedUpdate

AddEventHandlerComponent: PlayMakerFixedUpdate

AddEventHandlerComponent: PlayMakerFixedUpdate

Cannot use 'velocity' on a static body.

Cannot use 'velocity' on a static body.

Cannot use 'velocity' on a static body.

Cannot use 'velocity' on a static body.

Cannot use 'velocity' on a static body.

Object Pool attached to GlobalPool has run out of Particle Rock Tiny Transient Plain prefabs, Instantiating an additional one.

Cannot use 'velocity' on a static body.

Object Pool attached to GlobalPool has run out of Particle Rock Tiny Transient Plain prefabs, Instantiating an additional one.

Cannot use 'velocity' on a static body.

Object Pool attached to GlobalPool has run out of Particle Rock Tiny Transient Plain prefabs, Instantiating an additional one.

Cannot use 'velocity' on a static body.

Object Pool attached to GlobalPool has run out of Particle Rock Tiny Transient Plain prefabs, Instantiating an additional one.

Cannot use 'velocity' on a static body.

Object Pool attached to GlobalPool has run out of Particle Rock Tiny Transient Plain prefabs, Instantiating an additional one.

Cannot use 'velocity' on a static body.

Object Pool attached to GlobalPool has run out of Particle Rock Tiny Transient Plain prefabs, Instantiating an additional one.

Cannot use 'velocity' on a static body.

Object Pool attached to GlobalPool has run out of Particle Rock Tiny Transient Plain prefabs, Instantiating an additional one.

Cannot use 'velocity' on a static body.

Object Pool attached to GlobalPool has run out of Particle Rock Tiny Transient Plain prefabs, Instantiating an additional one.

Cannot use 'velocity' on a static body.

Object Pool attached to GlobalPool has run out of Particle Rock Tiny Transient Plain prefabs, Instantiating an additional one.

Cannot use 'velocity' on a static body.

Object Pool attached to GlobalPool has run out of Particle Rock Tiny Transient Plain prefabs, Instantiating an additional one.

Cannot use 'velocity' on a static body.

Object Pool attached to GlobalPool has run out of Particle Rock Tiny Transient Plain prefabs, Instantiating an additional one.

Cannot use 'velocity' on a static body.

Object Pool attached to GlobalPool has run out of Particle Rock Tiny Transient Plain prefabs, Instantiating an additional one.

Cannot use 'velocity' on a static body.

Object Pool attached to GlobalPool has run out of Particle Rock Tiny Transient Plain prefabs, Instantiating an additional one.

Cannot use 'velocity' on a static body.

Object Pool attached to GlobalPool has run out of Particle Rock Tiny Transient Plain prefabs, Instantiating an additional one.

Cannot use 'velocity' on a static body.

Object Pool attached to GlobalPool has run out of Particle Rock Tiny Transient Plain prefabs, Instantiating an additional one.

Cannot use 'velocity' on a static body.

Object Pool attached to GlobalPool has run out of Particle Rock Tiny Transient Plain prefabs, Instantiating an additional one.

Cannot use 'velocity' on a static body.

Object Pool attached to GlobalPool has run out of Particle Rock Tiny Transient Plain prefabs, Instantiating an additional one.

Cannot use 'velocity' on a static body.

Object Pool attached to GlobalPool has run out of Particle Rock Tiny Transient Plain prefabs, Instantiating an additional one.

Cannot use 'velocity' on a static body.

Object Pool attached to GlobalPool has run out of Particle Rock Tiny Transient Plain prefabs, Instantiating an additional one.

Cannot use 'velocity' on a static body.

Object Pool attached to GlobalPool has run out of Particle Rock Tiny Transient Plain prefabs, Instantiating an additional one.

Cannot use 'velocity' on a static body.

Object Pool attached to GlobalPool has run out of Particle Rock Tiny Transient Plain prefabs, Instantiating an additional one.

Cannot use 'velocity' on a static body.

Object Pool attached to GlobalPool has run out of Particle Rock Tiny Transient Plain prefabs, Instantiating an additional one.

Cannot use 'velocity' on a static body.

Object Pool attached to GlobalPool has run out of Particle Rock Tiny Transient Plain prefabs, Instantiating an additional one.

Cannot use 'velocity' on a static body.

Object Pool attached to GlobalPool has run out of Particle Rock Tiny Transient Plain prefabs, Instantiating an additional one.

Cannot use 'velocity' on a static body.

Object Pool attached to GlobalPool has run out of Particle Rock Tiny Transient Plain prefabs, Instantiating an additional one.

Cannot use 'velocity' on a static body.

AddEventHandlerComponent: PlayMakerFixedUpdate

Object Pool attached to GlobalPool has run out of particle_orange blood prefabs, Instantiating an additional one.

Object Pool attached to GlobalPool has run out of particle_orange blood prefabs, Instantiating an additional one.

Object Pool attached to GlobalPool has run out of particle_orange blood prefabs, Instantiating an additional one.

Object Pool attached to GlobalPool has run out of particle_orange blood prefabs, Instantiating an additional one.

Object Pool attached to GlobalPool has run out of particle_orange blood prefabs, Instantiating an additional one.

Object Pool attached to GlobalPool has run out of particle_orange blood prefabs, Instantiating an additional one.

Object Pool attached to GlobalPool has run out of particle_orange blood prefabs, Instantiating an additional one.

Object Pool attached to GlobalPool has run out of particle_orange blood prefabs, Instantiating an additional one.

Object Pool attached to GlobalPool has run out of particle_orange blood prefabs, Instantiating an additional one.

Object Pool attached to GlobalPool has run out of particle_orange blood prefabs, Instantiating an additional one.

Object Pool attached to GlobalPool has run out of particle_orange blood prefabs, Instantiating an additional one.

Object Pool attached to GlobalPool has run out of particle_orange blood prefabs, Instantiating an additional one.

Object Pool attached to GlobalPool has run out of particle_orange blood prefabs, Instantiating an additional one.

Object Pool attached to GlobalPool has run out of particle_orange blood prefabs, Instantiating an additional one.

Object Pool attached to GlobalPool has run out of particle_orange blood prefabs, Instantiating an additional one.

Object Pool attached to GlobalPool has run out of particle_orange blood prefabs, Instantiating an additional one.

Object Pool attached to GlobalPool could not find a copy of Audio Player NoDestroy, Instantiating a new one.

AddEventHandlerComponent: PlayMakerFixedUpdate

AddEventHandlerComponent: PlayMakerFixedUpdate

Failed to retrieve achievement state for FK_DEFEAT

Pushing achievement FK_DEFEAT

PlayOneShot was called with a null AudioClip.

Steam achievement FK_DEFEAT (0/0) upload complete

Object Pool attached to GlobalPool could not find a copy of Relic Get Msg, Instantiating a new one.

Deferring level start (marked as manual).

Deferring level start (marked as manual).

AddEventHandlerComponent: PlayMakerFixedUpdate

AddEventHandlerComponent: PlayMakerFixedUpdate

AddEventHandlerComponent: PlayMakerFixedUpdate

AddEventHandlerComponent: PlayMakerFixedUpdate

AddEventHandlerComponent: PlayMakerFixedUpdate

AddEventHandlerComponent: PlayMakerFixedUpdate

AddEventHandlerComponent: PlayMakerFixedUpdate

AddEventHandlerComponent: PlayMakerFixedUpdate

AddEventHandlerComponent: PlayMakerFixedUpdate

AddEventHandlerComponent: PlayMakerFixedUpdate

AddEventHandlerComponent: PlayMakerFixedUpdate

AddEventHandlerComponent: PlayMakerFixedUpdate

AddEventHandlerComponent: PlayMakerFixedUpdate

AddEventHandlerComponent: PlayMakerFixedUpdate

AddEventHandlerComponent: PlayMakerFixedUpdate

AddEventHandlerComponent: PlayMakerFixedUpdate

AddEventHandlerComponent: PlayMakerFixedUpdate

AddEventHandlerComponent: PlayMakerFixedUpdate

AddEventHandlerComponent: PlayMakerFixedUpdate

AddEventHandlerComponent: PlayMakerFixedUpdate

AddEventHandlerComponent: PlayMakerFixedUpdate

AddEventHandlerComponent: PlayMakerFixedUpdate

AddEventHandlerComponent: PlayMakerFixedUpdate

AddEventHandlerComponent: PlayMakerFixedUpdate

AddEventHandlerComponent: PlayMakerFixedUpdate

Deferring level start (marked as manual).

Persistent Bool Item - Couldn't reset value on FSM because it's missing.

Persistent Bool Item - Couldn't reset value on FSM because it's missing.

Object Pool attached to GlobalPool has run out of Audio Player NoDestroy prefabs, Instantiating an additional one.

AddEventHandlerComponent: PlayMakerFixedUpdate

Object Pool attached to GlobalPool has run out of Strike Nail R prefabs, Instantiating an additional one.

Object Pool attached to GlobalPool could not find a copy of Dust Land Small, Instantiating a new one.

AddEventHandlerComponent: PlayMakerFixedUpdate

AddEventHandlerComponent: PlayMakerFixedUpdate

AddEventHandlerComponent: PlayMakerFixedUpdate

Object Pool attached to GlobalPool has run out of Plat Rocks prefabs, Instantiating an additional one.

Object Pool attached to GlobalPool has run out of White Flash R prefabs, Instantiating an additional one.

Object Pool attached to GlobalPool has run out of Dust Land Small prefabs, Instantiating an additional one.

AddEventHandlerComponent: PlayMakerFixedUpdate

AddEventHandlerComponent: PlayMakerFixedUpdate

AddEventHandlerComponent: PlayMakerFixedUpdate

AddEventHandlerComponent: PlayMakerFixedUpdate

AddEventHandlerComponent: PlayMakerFixedUpdate

AddEventHandlerComponent: PlayMakerFixedUpdate

AddEventHandlerComponent: PlayMakerFixedUpdate

AddEventHandlerComponent: PlayMakerFixedUpdate

Object Pool attached to GlobalPool could not find a copy of Screen Flash, Instantiating a new one.

AddEventHandlerComponent: PlayMakerFixedUpdate

AddEventHandlerComponent: PlayMakerFixedUpdate

AddEventHandlerComponent: PlayMakerFixedUpdate

AddEventHandlerComponent: PlayMakerFixedUpdate

AddEventHandlerComponent: PlayMakerFixedUpdate

AddEventHandlerComponent: PlayMakerFixedUpdate

AddEventHandlerComponent: PlayMakerFixedUpdate

AddEventHandlerComponent: PlayMakerFixedUpdate

Object Pool attached to GlobalPool has run out of Screen Flash prefabs, Instantiating an additional one.

AddEventHandlerComponent: PlayMakerFixedUpdate

Object Pool attached to GlobalPool has run out of Fireball Top prefabs, Instantiating an additional one.

AddEventHandlerComponent: PlayMakerFixedUpdate

Object Pool attached to GlobalPool has run out of Fireball Top prefabs, Instantiating an additional one.

AddEventHandlerComponent: PlayMakerFixedUpdate

AddEventHandlerComponent: PlayMakerFixedUpdate

Deferring level start (marked as manual).

AddEventHandlerComponent: PlayMakerFixedUpdate

AddEventHandlerComponent: PlayMakerFixedUpdate

Deferring level start (marked as manual).

AddEventHandlerComponent: PlayMakerFixedUpdate

AddEventHandlerComponent: PlayMakerFixedUpdate

AddEventHandlerComponent: PlayMakerFixedUpdate

AddEventHandlerComponent: PlayMakerFixedUpdate

Deferring level start (marked as manual).

AddEventHandlerComponent: PlayMakerFixedUpdate

AddEventHandlerComponent: PlayMakerFixedUpdate

AddEventHandlerComponent: PlayMakerFixedUpdate

AddEventHandlerComponent: PlayMakerFixedUpdate

Deferring level start (marked as manual).

AddEventHandlerComponent: PlayMakerFixedUpdate

AddEventHandlerComponent: PlayMakerFixedUpdate

AddEventHandlerComponent: PlayMakerFixedUpdate

AddEventHandlerComponent: PlayMakerFixedUpdate

AddEventHandlerComponent: PlayMakerFixedUpdate

AddEventHandlerComponent: PlayMakerFixedUpdate

AddEventHandlerComponent: PlayMakerFixedUpdate

AddEventHandlerComponent: PlayMakerFixedUpdate

Deferring level start (marked as manual).

AddEventHandlerComponent: PlayMakerFixedUpdate

AddEventHandlerComponent: PlayMakerFixedUpdate

AddEventHandlerComponent: PlayMakerFixedUpdate

AddEventHandlerComponent: PlayMakerFixedUpdate

AddEventHandlerComponent: PlayMakerFixedUpdate

AddEventHandlerComponent: PlayMakerFixedUpdate

AddEventHandlerComponent: PlayMakerFixedUpdate

AddEventHandlerComponent: PlayMakerFixedUpdate

AddEventHandlerComponent: PlayMakerFixedUpdate

AddEventHandlerComponent: PlayMakerFixedUpdate

AddEventHandlerComponent: PlayMakerFixedUpdate

AddEventHandlerComponent: PlayMakerFixedUpdate

AddEventHandlerComponent: PlayMakerFixedUpdate

AddEventHandlerComponent: PlayMakerFixedUpdate

AddEventHandlerComponent: PlayMakerFixedUpdate

AddEventHandlerComponent: PlayMakerFixedUpdate

AddEventHandlerComponent: PlayMakerFixedUpdate

AddEventHandlerComponent: PlayMakerFixedUpdate

AddEventHandlerComponent: PlayMakerFixedUpdate

AddEventHandlerComponent: PlayMakerFixedUpdate

AddEventHandlerComponent: PlayMakerFixedUpdate

AddEventHandlerComponent: PlayMakerFixedUpdate

AddEventHandlerComponent: PlayMakerFixedUpdate

AddEventHandlerComponent: PlayMakerFixedUpdate

AddEventHandlerComponent: PlayMakerFixedUpdate

AddEventHandlerComponent: PlayMakerFixedUpdate

AddEventHandlerComponent: PlayMakerFixedUpdate

AddEventHandlerComponent: PlayMakerFixedUpdate

AddEventHandlerComponent: PlayMakerFixedUpdate

AddEventHandlerComponent: PlayMakerFixedUpdate

AddEventHandlerComponent: PlayMakerFixedUpdate

AddEventHandlerComponent: PlayMakerFixedUpdate

AddEventHandlerComponent: PlayMakerFixedUpdate

AddEventHandlerComponent: PlayMakerFixedUpdate

AddEventHandlerComponent: PlayMakerFixedUpdate

Deferring level start (marked as manual).

AddEventHandlerComponent: PlayMakerFixedUpdate

AddEventHandlerComponent: PlayMakerFixedUpdate

AddEventHandlerComponent: PlayMakerFixedUpdate

AddEventHandlerComponent: PlayMakerFixedUpdate

AddEventHandlerComponent: PlayMakerFixedUpdate

AddEventHandlerComponent: PlayMakerFixedUpdate

AddEventHandlerComponent: PlayMakerFixedUpdate

AddEventHandlerComponent: PlayMakerFixedUpdate

AddEventHandlerComponent: PlayMakerFixedUpdate

Deferring level start (marked as manual).

AddEventHandlerComponent: PlayMakerFixedUpdate

AddEventHandlerComponent: PlayMakerFixedUpdate

AddEventHandlerComponent: PlayMakerFixedUpdate

AddEventHandlerComponent: PlayMakerFixedUpdate

AddEventHandlerComponent: PlayMakerFixedUpdate

Deferring level start (marked as manual).

PlayOneShot was called with a null AudioClip.

AddEventHandlerComponent: PlayMakerFixedUpdate

AddEventHandlerComponent: PlayMakerFixedUpdate

AddEventHandlerComponent: PlayMakerFixedUpdate

AddEventHandlerComponent: PlayMakerFixedUpdate

AddEventHandlerComponent: PlayMakerFixedUpdate

AddEventHandlerComponent: PlayMakerFixedUpdate

AddEventHandlerComponent: PlayMakerFixedUpdate

AddEventHandlerComponent: PlayMakerFixedUpdate

AddEventHandlerComponent: PlayMakerFixedUpdate

Deferring level start (marked as manual).

AddEventHandlerComponent: PlayMakerFixedUpdate

AddEventHandlerComponent: PlayMakerFixedUpdate

Deferring level start (marked as manual).

AddEventHandlerComponent: PlayMakerFixedUpdate

AddEventHandlerComponent: PlayMakerFixedUpdate

Could not find FSM: walk_left_and_right

AddEventHandlerComponent: PlayMakerCollisionEnter2D

AddEventHandlerComponent: PlayMakerFixedUpdate

PlayOneShot was called with a null AudioClip.

Could not find FSM: walk_left_and_right

AddEventHandlerComponent: PlayMakerCollisionEnter2D

AddEventHandlerComponent: PlayMakerFixedUpdate

PlayOneShot was called with a null AudioClip.

PlayOneShot was called with a null AudioClip.

PlayOneShot was called with a null AudioClip.

PlayOneShot was called with a null AudioClip.

PlayOneShot was called with a null AudioClip.

AddEventHandlerComponent: PlayMakerFixedUpdate

AddEventHandlerComponent: PlayMakerFixedUpdate

AddEventHandlerComponent: PlayMakerFixedUpdate

AddEventHandlerComponent: PlayMakerFixedUpdate

AddEventHandlerComponent: PlayMakerFixedUpdate

AddEventHandlerComponent: PlayMakerFixedUpdate

AddEventHandlerComponent: PlayMakerFixedUpdate

AddEventHandlerComponent: PlayMakerFixedUpdate

AddEventHandlerComponent: PlayMakerFixedUpdate

AddEventHandlerComponent: PlayMakerFixedUpdate

AddEventHandlerComponent: PlayMakerFixedUpdate

AddEventHandlerComponent: PlayMakerFixedUpdate

AddEventHandlerComponent: PlayMakerFixedUpdate

AddEventHandlerComponent: PlayMakerFixedUpdate

AddEventHandlerComponent: PlayMakerFixedUpdate

AddEventHandlerComponent: PlayMakerFixedUpdate

AddEventHandlerComponent: PlayMakerFixedUpdate

AddEventHandlerComponent: PlayMakerFixedUpdate

AddEventHandlerComponent: PlayMakerFixedUpdate

AddEventHandlerComponent: PlayMakerFixedUpdate

AddEventHandlerComponent: PlayMakerFixedUpdate

AddEventHandlerComponent: PlayMakerFixedUpdate

AddEventHandlerComponent: PlayMakerFixedUpdate

AddEventHandlerComponent: PlayMakerFixedUpdate

AddEventHandlerComponent: PlayMakerFixedUpdate

AddEventHandlerComponent: PlayMakerFixedUpdate

AddEventHandlerComponent: PlayMakerFixedUpdate

AddEventHandlerComponent: PlayMakerFixedUpdate

AddEventHandlerComponent: PlayMakerFixedUpdate

AddEventHandlerComponent: PlayMakerFixedUpdate

AddEventHandlerComponent: PlayMakerFixedUpdate

AddEventHandlerComponent: PlayMakerFixedUpdate

AddEventHandlerComponent: PlayMakerFixedUpdate

AddEventHandlerComponent: PlayMakerFixedUpdate

AddEventHandlerComponent: PlayMakerFixedUpdate

AddEventHandlerComponent: PlayMakerFixedUpdate

Deferring level start (marked as manual).

Object Pool attached to GlobalPool has run out of Plat Rocks prefabs, Instantiating an additional one.

Object Pool attached to GlobalPool has run out of Plat Stream Dust prefabs, Instantiating an additional one.

Object Pool attached to GlobalPool has run out of Plat Dust prefabs, Instantiating an additional one.

Object Pool attached to GlobalPool has run out of Plat Stream Dust prefabs, Instantiating an additional one.

Object Pool attached to GlobalPool has run out of Plat Dust prefabs, Instantiating an additional one.

Object Pool attached to GlobalPool has run out of Plat Stream Dust prefabs, Instantiating an additional one.

Object Pool attached to GlobalPool has run out of Plat Dust prefabs, Instantiating an additional one.

AddEventHandlerComponent: PlayMakerCollisionStay

AddEventHandlerComponent: PlayMakerCollisionEnter2D

AddEventHandlerComponent: PlayMakerCollisionStay2D

AddEventHandlerComponent: PlayMakerFixedUpdate

AddEventHandlerComponent: PlayMakerCollisionStay

AddEventHandlerComponent: PlayMakerCollisionEnter2D

AddEventHandlerComponent: PlayMakerCollisionStay2D

AddEventHandlerComponent: PlayMakerFixedUpdate

AddEventHandlerComponent: PlayMakerCollisionEnter2D

AddEventHandlerComponent: PlayMakerFixedUpdate

AddEventHandlerComponent: PlayMakerFixedUpdate

AddEventHandlerComponent: PlayMakerCollisionStay

AddEventHandlerComponent: PlayMakerCollisionEnter2D

AddEventHandlerComponent: PlayMakerCollisionStay2D

AddEventHandlerComponent: PlayMakerFixedUpdate

AddEventHandlerComponent: PlayMakerCollisionStay

AddEventHandlerComponent: PlayMakerCollisionEnter2D

AddEventHandlerComponent: PlayMakerCollisionStay2D

AddEventHandlerComponent: PlayMakerFixedUpdate

AddEventHandlerComponent: PlayMakerFixedUpdate

AddEventHandlerComponent: PlayMakerCollisionStay

AddEventHandlerComponent: PlayMakerCollisionEnter2D

AddEventHandlerComponent: PlayMakerCollisionStay2D

AddEventHandlerComponent: PlayMakerFixedUpdate

AddEventHandlerComponent: PlayMakerCollisionStay

AddEventHandlerComponent: PlayMakerCollisionEnter2D

AddEventHandlerComponent: PlayMakerCollisionStay2D

AddEventHandlerComponent: PlayMakerFixedUpdate

AddEventHandlerComponent: PlayMakerCollisionStay

AddEventHandlerComponent: PlayMakerCollisionEnter2D

AddEventHandlerComponent: PlayMakerCollisionStay2D

AddEventHandlerComponent: PlayMakerFixedUpdate

AddEventHandlerComponent: PlayMakerFixedUpdate

AddEventHandlerComponent: PlayMakerCollisionStay

AddEventHandlerComponent: PlayMakerCollisionEnter2D

AddEventHandlerComponent: PlayMakerCollisionStay2D

AddEventHandlerComponent: PlayMakerFixedUpdate

AddEventHandlerComponent: PlayMakerFixedUpdate

Deferring level start (marked as manual).

AddEventHandlerComponent: PlayMakerFixedUpdate

Object Pool attached to GlobalPool has run out of Run Effects prefabs, Instantiating an additional one.

Could not find FSM: damages_enemy

Could not find FSM: damages_enemy

Could not find FSM: damages_enemy

Could not find FSM: damages_enemy

AddEventHandlerComponent: PlayMakerFixedUpdate

Object Pool attached to GlobalPool has run out of Audio Player NoDestroy prefabs, Instantiating an additional one.

PlayOneShot was called with a null AudioClip.

AddEventHandlerComponent: PlayMakerFixedUpdate

Deferring level start (marked as manual).

PlayOneShot was called with a null AudioClip.

AddEventHandlerComponent: PlayMakerCollisionStay

AddEventHandlerComponent: PlayMakerCollisionEnter2D

AddEventHandlerComponent: PlayMakerCollisionStay2D

AddEventHandlerComponent: PlayMakerFixedUpdate

AddEventHandlerComponent: PlayMakerCollisionStay

AddEventHandlerComponent: PlayMakerCollisionEnter2D

AddEventHandlerComponent: PlayMakerCollisionStay2D

AddEventHandlerComponent: PlayMakerFixedUpdate

AddEventHandlerComponent: PlayMakerCollisionEnter2D

AddEventHandlerComponent: PlayMakerFixedUpdate

AddEventHandlerComponent: PlayMakerFixedUpdate

AddEventHandlerComponent: PlayMakerCollisionStay

AddEventHandlerComponent: PlayMakerCollisionEnter2D

AddEventHandlerComponent: PlayMakerCollisionStay2D

AddEventHandlerComponent: PlayMakerFixedUpdate

AddEventHandlerComponent: PlayMakerCollisionStay

AddEventHandlerComponent: PlayMakerCollisionEnter2D

AddEventHandlerComponent: PlayMakerCollisionStay2D

AddEventHandlerComponent: PlayMakerFixedUpdate

AddEventHandlerComponent: PlayMakerFixedUpdate

AddEventHandlerComponent: PlayMakerCollisionStay

AddEventHandlerComponent: PlayMakerCollisionEnter2D

AddEventHandlerComponent: PlayMakerCollisionStay2D

AddEventHandlerComponent: PlayMakerFixedUpdate

AddEventHandlerComponent: PlayMakerCollisionStay

AddEventHandlerComponent: PlayMakerCollisionEnter2D

AddEventHandlerComponent: PlayMakerCollisionStay2D

AddEventHandlerComponent: PlayMakerFixedUpdate

AddEventHandlerComponent: PlayMakerCollisionStay

AddEventHandlerComponent: PlayMakerCollisionEnter2D

AddEventHandlerComponent: PlayMakerCollisionStay2D

AddEventHandlerComponent: PlayMakerFixedUpdate

AddEventHandlerComponent: PlayMakerFixedUpdate

AddEventHandlerComponent: PlayMakerCollisionStay

AddEventHandlerComponent: PlayMakerCollisionEnter2D

AddEventHandlerComponent: PlayMakerCollisionStay2D

AddEventHandlerComponent: PlayMakerFixedUpdate

AddEventHandlerComponent: PlayMakerFixedUpdate

Deferring level start (marked as manual).

AddEventHandlerComponent: PlayMakerFixedUpdate

AddEventHandlerComponent: PlayMakerFixedUpdate

AddEventHandlerComponent: PlayMakerFixedUpdate

AddEventHandlerComponent: PlayMakerFixedUpdate

AddEventHandlerComponent: PlayMakerFixedUpdate

AddEventHandlerComponent: PlayMakerFixedUpdate

AddEventHandlerComponent: PlayMakerFixedUpdate

AddEventHandlerComponent: PlayMakerFixedUpdate

AddEventHandlerComponent: PlayMakerFixedUpdate

AddEventHandlerComponent: PlayMakerFixedUpdate

AddEventHandlerComponent: PlayMakerFixedUpdate

AddEventHandlerComponent: PlayMakerFixedUpdate

AddEventHandlerComponent: PlayMakerFixedUpdate

AddEventHandlerComponent: PlayMakerFixedUpdate

AddEventHandlerComponent: PlayMakerFixedUpdate

AddEventHandlerComponent: PlayMakerFixedUpdate

AddEventHandlerComponent: PlayMakerFixedUpdate

AddEventHandlerComponent: PlayMakerFixedUpdate

AddEventHandlerComponent: PlayMakerFixedUpdate

AddEventHandlerComponent: PlayMakerFixedUpdate

AddEventHandlerComponent: PlayMakerFixedUpdate

AddEventHandlerComponent: PlayMakerFixedUpdate

AddEventHandlerComponent: PlayMakerFixedUpdate

AddEventHandlerComponent: PlayMakerFixedUpdate

AddEventHandlerComponent: PlayMakerFixedUpdate

AddEventHandlerComponent: PlayMakerFixedUpdate

AddEventHandlerComponent: PlayMakerFixedUpdate

AddEventHandlerComponent: PlayMakerFixedUpdate

AddEventHandlerComponent: PlayMakerFixedUpdate

AddEventHandlerComponent: PlayMakerFixedUpdate

AddEventHandlerComponent: PlayMakerFixedUpdate

AddEventHandlerComponent: PlayMakerFixedUpdate

AddEventHandlerComponent: PlayMakerFixedUpdate

AddEventHandlerComponent: PlayMakerFixedUpdate

AddEventHandlerComponent: PlayMakerFixedUpdate

AddEventHandlerComponent: PlayMakerFixedUpdate

Deferring level start (marked as manual).

AddEventHandlerComponent: PlayMakerFixedUpdate

AddEventHandlerComponent: PlayMakerFixedUpdate

AddEventHandlerComponent: PlayMakerFixedUpdate

AddEventHandlerComponent: PlayMakerFixedUpdate

AddEventHandlerComponent: PlayMakerFixedUpdate

AddEventHandlerComponent: PlayMakerFixedUpdate

AddEventHandlerComponent: PlayMakerFixedUpdate

AddEventHandlerComponent: PlayMakerFixedUpdate

AddEventHandlerComponent: PlayMakerFixedUpdate

Deferring level start (marked as manual).

AddEventHandlerComponent: PlayMakerFixedUpdate

AddEventHandlerComponent: PlayMakerFixedUpdate

AddEventHandlerComponent: PlayMakerFixedUpdate

AddEventHandlerComponent: PlayMakerFixedUpdate

AddEventHandlerComponent: PlayMakerFixedUpdate

AddEventHandlerComponent: PlayMakerFixedUpdate

AddEventHandlerComponent: PlayMakerFixedUpdate

AddEventHandlerComponent: PlayMakerFixedUpdate

AddEventHandlerComponent: PlayMakerFixedUpdate

AddEventHandlerComponent: PlayMakerFixedUpdate

Deferring level start (marked as manual).

AddEventHandlerComponent: PlayMakerFixedUpdate

AddEventHandlerComponent: PlayMakerFixedUpdate

AddEventHandlerComponent: PlayMakerFixedUpdate

AddEventHandlerComponent: PlayMakerFixedUpdate

Deferring level start (marked as manual).

Object Pool attached to GlobalPool has run out of Slash Impact R prefabs, Instantiating an additional one.

AddEventHandlerComponent: PlayMakerFixedUpdate

AddEventHandlerComponent: PlayMakerFixedUpdate

AddEventHandlerComponent: PlayMakerFixedUpdate

AddEventHandlerComponent: PlayMakerFixedUpdate

AddEventHandlerComponent: PlayMakerFixedUpdate

Deferring level start (marked as manual).

AddEventHandlerComponent: PlayMakerFixedUpdate

AddEventHandlerComponent: PlayMakerCollisionStay

AddEventHandlerComponent: PlayMakerCollisionEnter2D

AddEventHandlerComponent: PlayMakerCollisionStay2D

AddEventHandlerComponent: PlayMakerFixedUpdate

AddEventHandlerComponent: PlayMakerCollisionStay

AddEventHandlerComponent: PlayMakerCollisionEnter2D

AddEventHandlerComponent: PlayMakerCollisionStay2D

AddEventHandlerComponent: PlayMakerFixedUpdate

AddEventHandlerComponent: PlayMakerCollisionStay

AddEventHandlerComponent: PlayMakerCollisionEnter2D

AddEventHandlerComponent: PlayMakerCollisionStay2D

AddEventHandlerComponent: PlayMakerFixedUpdate

AddEventHandlerComponent: PlayMakerCollisionStay

AddEventHandlerComponent: PlayMakerCollisionEnter2D

AddEventHandlerComponent: PlayMakerCollisionStay2D

AddEventHandlerComponent: PlayMakerFixedUpdate

AddEventHandlerComponent: PlayMakerCollisionStay

AddEventHandlerComponent: PlayMakerCollisionEnter2D

AddEventHandlerComponent: PlayMakerCollisionStay2D

AddEventHandlerComponent: PlayMakerFixedUpdate

AddEventHandlerComponent: PlayMakerCollisionStay

AddEventHandlerComponent: PlayMakerCollisionEnter2D

AddEventHandlerComponent: PlayMakerCollisionStay2D

AddEventHandlerComponent: PlayMakerFixedUpdate

AddEventHandlerComponent: PlayMakerCollisionStay

AddEventHandlerComponent: PlayMakerCollisionEnter2D

AddEventHandlerComponent: PlayMakerCollisionStay2D

AddEventHandlerComponent: PlayMakerFixedUpdate

AddEventHandlerComponent: PlayMakerCollisionStay

AddEventHandlerComponent: PlayMakerCollisionEnter2D

AddEventHandlerComponent: PlayMakerCollisionStay2D

AddEventHandlerComponent: PlayMakerFixedUpdate

AddEventHandlerComponent: PlayMakerCollisionStay

AddEventHandlerComponent: PlayMakerCollisionEnter2D

AddEventHandlerComponent: PlayMakerCollisionStay2D

AddEventHandlerComponent: PlayMakerFixedUpdate

Deferring level start (marked as manual).

AddEventHandlerComponent: PlayMakerFixedUpdate

AddEventHandlerComponent: PlayMakerFixedUpdate

AddEventHandlerComponent: PlayMakerFixedUpdate

AddEventHandlerComponent: PlayMakerFixedUpdate

AddEventHandlerComponent: PlayMakerFixedUpdate

Deferring level start (marked as manual).

AddEventHandlerComponent: PlayMakerFixedUpdate

AddEventHandlerComponent: PlayMakerCollisionStay

AddEventHandlerComponent: PlayMakerCollisionEnter2D

AddEventHandlerComponent: PlayMakerCollisionStay2D

AddEventHandlerComponent: PlayMakerFixedUpdate

AddEventHandlerComponent: PlayMakerCollisionStay

AddEventHandlerComponent: PlayMakerCollisionEnter2D

AddEventHandlerComponent: PlayMakerCollisionStay2D

AddEventHandlerComponent: PlayMakerFixedUpdate

AddEventHandlerComponent: PlayMakerCollisionStay

AddEventHandlerComponent: PlayMakerCollisionEnter2D

AddEventHandlerComponent: PlayMakerCollisionStay2D

AddEventHandlerComponent: PlayMakerFixedUpdate

AddEventHandlerComponent: PlayMakerCollisionStay

AddEventHandlerComponent: PlayMakerCollisionEnter2D

AddEventHandlerComponent: PlayMakerCollisionStay2D

AddEventHandlerComponent: PlayMakerFixedUpdate

AddEventHandlerComponent: PlayMakerCollisionStay

AddEventHandlerComponent: PlayMakerCollisionEnter2D

AddEventHandlerComponent: PlayMakerCollisionStay2D

AddEventHandlerComponent: PlayMakerFixedUpdate

AddEventHandlerComponent: PlayMakerCollisionStay

AddEventHandlerComponent: PlayMakerCollisionEnter2D

AddEventHandlerComponent: PlayMakerCollisionStay2D

AddEventHandlerComponent: PlayMakerFixedUpdate

AddEventHandlerComponent: PlayMakerCollisionStay

AddEventHandlerComponent: PlayMakerCollisionEnter2D

AddEventHandlerComponent: PlayMakerCollisionStay2D

AddEventHandlerComponent: PlayMakerFixedUpdate

AddEventHandlerComponent: PlayMakerCollisionStay

AddEventHandlerComponent: PlayMakerCollisionEnter2D

AddEventHandlerComponent: PlayMakerCollisionStay2D

AddEventHandlerComponent: PlayMakerFixedUpdate

AddEventHandlerComponent: PlayMakerCollisionStay

AddEventHandlerComponent: PlayMakerCollisionEnter2D

AddEventHandlerComponent: PlayMakerCollisionStay2D

AddEventHandlerComponent: PlayMakerFixedUpdate

Deferring level start (marked as manual).

AddEventHandlerComponent: PlayMakerFixedUpdate

AddEventHandlerComponent: PlayMakerFixedUpdate

AddEventHandlerComponent: PlayMakerFixedUpdate

AddEventHandlerComponent: PlayMakerFixedUpdate

AddEventHandlerComponent: PlayMakerFixedUpdate

Deferring level start (marked as manual).

AddEventHandlerComponent: PlayMakerFixedUpdate

AddEventHandlerComponent: PlayMakerCollisionStay

AddEventHandlerComponent: PlayMakerCollisionEnter2D

AddEventHandlerComponent: PlayMakerCollisionStay2D

AddEventHandlerComponent: PlayMakerFixedUpdate

AddEventHandlerComponent: PlayMakerCollisionStay

AddEventHandlerComponent: PlayMakerCollisionEnter2D

AddEventHandlerComponent: PlayMakerCollisionStay2D

AddEventHandlerComponent: PlayMakerFixedUpdate

AddEventHandlerComponent: PlayMakerCollisionStay

AddEventHandlerComponent: PlayMakerCollisionEnter2D

AddEventHandlerComponent: PlayMakerCollisionStay2D

AddEventHandlerComponent: PlayMakerFixedUpdate

AddEventHandlerComponent: PlayMakerCollisionStay

AddEventHandlerComponent: PlayMakerCollisionEnter2D

AddEventHandlerComponent: PlayMakerCollisionStay2D

AddEventHandlerComponent: PlayMakerFixedUpdate

AddEventHandlerComponent: PlayMakerCollisionStay

AddEventHandlerComponent: PlayMakerCollisionEnter2D

AddEventHandlerComponent: PlayMakerCollisionStay2D

AddEventHandlerComponent: PlayMakerFixedUpdate

AddEventHandlerComponent: PlayMakerCollisionStay

AddEventHandlerComponent: PlayMakerCollisionEnter2D

AddEventHandlerComponent: PlayMakerCollisionStay2D

AddEventHandlerComponent: PlayMakerFixedUpdate

AddEventHandlerComponent: PlayMakerCollisionStay

AddEventHandlerComponent: PlayMakerCollisionEnter2D

AddEventHandlerComponent: PlayMakerCollisionStay2D

AddEventHandlerComponent: PlayMakerFixedUpdate

AddEventHandlerComponent: PlayMakerCollisionStay

AddEventHandlerComponent: PlayMakerCollisionEnter2D

AddEventHandlerComponent: PlayMakerCollisionStay2D

AddEventHandlerComponent: PlayMakerFixedUpdate

AddEventHandlerComponent: PlayMakerCollisionStay

AddEventHandlerComponent: PlayMakerCollisionEnter2D

AddEventHandlerComponent: PlayMakerCollisionStay2D

AddEventHandlerComponent: PlayMakerFixedUpdate

Deferring level start (marked as manual).

AddEventHandlerComponent: PlayMakerFixedUpdate

AddEventHandlerComponent: PlayMakerFixedUpdate

AddEventHandlerComponent: PlayMakerFixedUpdate

AddEventHandlerComponent: PlayMakerFixedUpdate

AddEventHandlerComponent: PlayMakerFixedUpdate

Deferring level start (marked as manual).

AddEventHandlerComponent: PlayMakerFixedUpdate

AddEventHandlerComponent: PlayMakerCollisionStay

AddEventHandlerComponent: PlayMakerCollisionEnter2D

AddEventHandlerComponent: PlayMakerCollisionStay2D

AddEventHandlerComponent: PlayMakerFixedUpdate

AddEventHandlerComponent: PlayMakerCollisionStay

AddEventHandlerComponent: PlayMakerCollisionEnter2D

AddEventHandlerComponent: PlayMakerCollisionStay2D

AddEventHandlerComponent: PlayMakerFixedUpdate

AddEventHandlerComponent: PlayMakerCollisionStay

AddEventHandlerComponent: PlayMakerCollisionEnter2D

AddEventHandlerComponent: PlayMakerCollisionStay2D

AddEventHandlerComponent: PlayMakerFixedUpdate

AddEventHandlerComponent: PlayMakerCollisionStay

AddEventHandlerComponent: PlayMakerCollisionEnter2D

AddEventHandlerComponent: PlayMakerCollisionStay2D

AddEventHandlerComponent: PlayMakerFixedUpdate

AddEventHandlerComponent: PlayMakerCollisionStay

AddEventHandlerComponent: PlayMakerCollisionEnter2D

AddEventHandlerComponent: PlayMakerCollisionStay2D

AddEventHandlerComponent: PlayMakerFixedUpdate

AddEventHandlerComponent: PlayMakerCollisionStay

AddEventHandlerComponent: PlayMakerCollisionEnter2D

AddEventHandlerComponent: PlayMakerCollisionStay2D

AddEventHandlerComponent: PlayMakerFixedUpdate

AddEventHandlerComponent: PlayMakerCollisionStay

AddEventHandlerComponent: PlayMakerCollisionEnter2D

AddEventHandlerComponent: PlayMakerCollisionStay2D

AddEventHandlerComponent: PlayMakerFixedUpdate

AddEventHandlerComponent: PlayMakerCollisionStay

AddEventHandlerComponent: PlayMakerCollisionEnter2D

AddEventHandlerComponent: PlayMakerCollisionStay2D

AddEventHandlerComponent: PlayMakerFixedUpdate

AddEventHandlerComponent: PlayMakerCollisionStay

AddEventHandlerComponent: PlayMakerCollisionEnter2D

AddEventHandlerComponent: PlayMakerCollisionStay2D

AddEventHandlerComponent: PlayMakerFixedUpdate

Deferring level start (marked as manual).

AddEventHandlerComponent: PlayMakerFixedUpdate

AddEventHandlerComponent: PlayMakerFixedUpdate

Deferring level start (marked as manual).

Using fallback 1 to find tilemap. Scene Crossroads_11_alt requires manual fixing.

AddEventHandlerComponent: PlayMakerFixedUpdate

Object Pool attached to GlobalPool has run out of Run Effects prefabs, Instantiating an additional one.

Object Pool attached to GlobalPool could not find a copy of Plat Grass, Instantiating a new one.

Object Pool attached to GlobalPool has run out of Plat Grass prefabs, Instantiating an additional one.

AddEventHandlerComponent: PlayMakerFixedUpdate

AddEventHandlerComponent: PlayMakerFixedUpdate

AddEventHandlerComponent: PlayMakerFixedUpdate

AddEventHandlerComponent: PlayMakerFixedUpdate

AddEventHandlerComponent: PlayMakerFixedUpdate

AddEventHandlerComponent: PlayMakerFixedUpdate

AddEventHandlerComponent: PlayMakerFixedUpdate

AddEventHandlerComponent: PlayMakerFixedUpdate

AddEventHandlerComponent: PlayMakerFixedUpdate

AddEventHandlerComponent: PlayMakerFixedUpdate

AddEventHandlerComponent: PlayMakerFixedUpdate

AddEventHandlerComponent: PlayMakerFixedUpdate

AddEventHandlerComponent: PlayMakerFixedUpdate

AddEventHandlerComponent: PlayMakerFixedUpdate

AddEventHandlerComponent: PlayMakerFixedUpdate

Deferring level start (marked as manual).

AddEventHandlerComponent: PlayMakerFixedUpdate

AddEventHandlerComponent: PlayMakerFixedUpdate

AddEventHandlerComponent: PlayMakerFixedUpdate

AddEventHandlerComponent: PlayMakerFixedUpdate

AddEventHandlerComponent: PlayMakerFixedUpdate

AddEventHandlerComponent: PlayMakerFixedUpdate

AddEventHandlerComponent: PlayMakerFixedUpdate

AddEventHandlerComponent: PlayMakerFixedUpdate

AddEventHandlerComponent: PlayMakerFixedUpdate

AddEventHandlerComponent: PlayMakerFixedUpdate

AddEventHandlerComponent: PlayMakerFixedUpdate

AddEventHandlerComponent: PlayMakerFixedUpdate

AddEventHandlerComponent: PlayMakerFixedUpdate

AddEventHandlerComponent: PlayMakerFixedUpdate

AddEventHandlerComponent: PlayMakerFixedUpdate

AddEventHandlerComponent: PlayMakerFixedUpdate

AddEventHandlerComponent: PlayMakerFixedUpdate

AddEventHandlerComponent: PlayMakerFixedUpdate

AddEventHandlerComponent: PlayMakerFixedUpdate

Deferring level start (marked as manual).

AddEventHandlerComponent: PlayMakerFixedUpdate

AddEventHandlerComponent: PlayMakerFixedUpdate

AddEventHandlerComponent: PlayMakerFixedUpdate

AddEventHandlerComponent: PlayMakerCollisionEnter2D

AddEventHandlerComponent: PlayMakerFixedUpdate

Deferring level start (marked as manual).

AddEventHandlerComponent: PlayMakerFixedUpdate

AddEventHandlerComponent: PlayMakerCollisionEnter2D

AddEventHandlerComponent: PlayMakerFixedUpdate

AddEventHandlerComponent: PlayMakerFixedUpdate

AddEventHandlerComponent: PlayMakerCollisionEnter2D

AddEventHandlerComponent: PlayMakerFixedUpdate

AddEventHandlerComponent: PlayMakerFixedUpdate

AddEventHandlerComponent: PlayMakerFixedUpdate

AddEventHandlerComponent: PlayMakerFixedUpdate

AddEventHandlerComponent: PlayMakerCollisionEnter2D

AddEventHandlerComponent: PlayMakerFixedUpdate

AddEventHandlerComponent: PlayMakerFixedUpdate

AddEventHandlerComponent: PlayMakerCollisionEnter2D

AddEventHandlerComponent: PlayMakerFixedUpdate

AddEventHandlerComponent: PlayMakerFixedUpdate

AddEventHandlerComponent: PlayMakerFixedUpdate

AddEventHandlerComponent: PlayMakerFixedUpdate

Persistent Bool Item (Vine Platform (1)) does not have a PlayMakerFSM attached to read state from.

Persistent Bool Item (Vine Platform (4)) does not have a PlayMakerFSM attached to read state from.

Persistent Bool Item (Vine Platform (3)) does not have a PlayMakerFSM attached to read state from.

Persistent Bool Item (Vine Platform (5)) does not have a PlayMakerFSM attached to read state from.

Persistent Bool Item (Vine Platform (2)) does not have a PlayMakerFSM attached to read state from.

Persistent Bool Item (Vine Platform) does not have a PlayMakerFSM attached to read state from.

Persistent Bool Item (Vine Platform (6)) does not have a PlayMakerFSM attached to read state from.

Deferring level start (marked as manual).

Instantiate!

Instantiate!

Could not find FSM: Enough Geo

PlayOneShot was called with a null AudioClip.

AddEventHandlerComponent: PlayMakerCollisionEnter2D

AddEventHandlerComponent: PlayMakerFixedUpdate

AddEventHandlerComponent: PlayMakerFixedUpdate

AddEventHandlerComponent: PlayMakerCollisionEnter2D

AddEventHandlerComponent: PlayMakerFixedUpdate

AddEventHandlerComponent: PlayMakerFixedUpdate

AddEventHandlerComponent: PlayMakerFixedUpdate

AddEventHandlerComponent: PlayMakerFixedUpdate

AddEventHandlerComponent: PlayMakerFixedUpdate

Persistent Bool Item (Vine Platform (3)) does not have a PlayMakerFSM attached to read state from.

Persistent Bool Item (Vine Platform (2)) does not have a PlayMakerFSM attached to read state from.

Persistent Bool Item (Vine Platform (1)) does not have a PlayMakerFSM attached to read state from.

Persistent Bool Item (Vine Platform) does not have a PlayMakerFSM attached to read state from.

Deferring level start (marked as manual).

Instantiate!

AddEventHandlerComponent: PlayMakerFixedUpdate

AddEventHandlerComponent: PlayMakerFixedUpdate

AddEventHandlerComponent: PlayMakerFixedUpdate

AddEventHandlerComponent: PlayMakerFixedUpdate

Deferring level start (marked as manual).

Object Pool attached to GlobalPool has run out of Slash Impact R prefabs, Instantiating an additional one.

Object Pool attached to GlobalPool has run out of Slash Impact R prefabs, Instantiating an additional one.

Object Pool attached to GlobalPool has run out of Slash Impact R prefabs, Instantiating an additional one.

AddEventHandlerComponent: PlayMakerFixedUpdate

AddEventHandlerComponent: PlayMakerFixedUpdate

Object Pool attached to GlobalPool has run out of Audio Player NoDestroy prefabs, Instantiating an additional one.

AddEventHandlerComponent: PlayMakerCollisionEnter2D

AddEventHandlerComponent: PlayMakerFixedUpdate

AddEventHandlerComponent: PlayMakerFixedUpdate

AddEventHandlerComponent: PlayMakerCollisionEnter2D

AddEventHandlerComponent: PlayMakerFixedUpdate

AddEventHandlerComponent: PlayMakerFixedUpdate

AddEventHandlerComponent: PlayMakerFixedUpdate

AddEventHandlerComponent: PlayMakerFixedUpdate

AddEventHandlerComponent: PlayMakerFixedUpdate

Persistent Bool Item (Vine Platform (3)) does not have a PlayMakerFSM attached to read state from.

Persistent Bool Item (Vine Platform (2)) does not have a PlayMakerFSM attached to read state from.

Persistent Bool Item (Vine Platform (1)) does not have a PlayMakerFSM attached to read state from.

Persistent Bool Item (Vine Platform) does not have a PlayMakerFSM attached to read state from.

Deferring level start (marked as manual).

Coroutine continue failure

Object Pool attached to GlobalPool has run out of Plat Grass prefabs, Instantiating an additional one.

AddEventHandlerComponent: PlayMakerCollisionStay2D

AddEventHandlerComponent: PlayMakerFixedUpdate

AddEventHandlerComponent: PlayMakerLateUpdate

AddEventHandlerComponent: PlayMakerFixedUpdate

AddEventHandlerComponent: PlayMakerCollisionStay2D

AddEventHandlerComponent: PlayMakerFixedUpdate

AddEventHandlerComponent: PlayMakerLateUpdate

AddEventHandlerComponent: PlayMakerFixedUpdate

AddEventHandlerComponent: PlayMakerFixedUpdate

AddEventHandlerComponent: PlayMakerFixedUpdate

AddEventHandlerComponent: PlayMakerFixedUpdate

AddEventHandlerComponent: PlayMakerCollisionStay2D

AddEventHandlerComponent: PlayMakerFixedUpdate

AddEventHandlerComponent: PlayMakerLateUpdate

AddEventHandlerComponent: PlayMakerFixedUpdate

AddEventHandlerComponent: PlayMakerFixedUpdate

AddEventHandlerComponent: PlayMakerCollisionStay2D

AddEventHandlerComponent: PlayMakerFixedUpdate

AddEventHandlerComponent: PlayMakerLateUpdate

Deferring level start (marked as manual).

AddEventHandlerComponent: PlayMakerFixedUpdate

AddEventHandlerComponent: PlayMakerFixedUpdate

AddEventHandlerComponent: PlayMakerFixedUpdate

AddEventHandlerComponent: PlayMakerFixedUpdate

AddEventHandlerComponent: PlayMakerFixedUpdate

AddEventHandlerComponent: PlayMakerFixedUpdate

AddEventHandlerComponent: PlayMakerFixedUpdate

AddEventHandlerComponent: PlayMakerFixedUpdate

AddEventHandlerComponent: PlayMakerFixedUpdate

AddEventHandlerComponent: PlayMakerFixedUpdate

Deferring level start (marked as manual).

Could not find FSM: health_manager_enemy

Could not find FSM: health_manager_enemy

PlayOneShot was called with a null AudioClip.

AddEventHandlerComponent: PlayMakerFixedUpdate

AddEventHandlerComponent: PlayMakerFixedUpdate

Deferring level start (marked as manual).

AddEventHandlerComponent: PlayMakerFixedUpdate

AddEventHandlerComponent: PlayMakerCollisionStay2D

AddEventHandlerComponent: PlayMakerFixedUpdate

AddEventHandlerComponent: PlayMakerLateUpdate

AddEventHandlerComponent: PlayMakerFixedUpdate

AddEventHandlerComponent: PlayMakerCollisionStay2D

AddEventHandlerComponent: PlayMakerFixedUpdate

AddEventHandlerComponent: PlayMakerLateUpdate

AddEventHandlerComponent: PlayMakerFixedUpdate

AddEventHandlerComponent: PlayMakerFixedUpdate

AddEventHandlerComponent: PlayMakerCollisionStay2D

AddEventHandlerComponent: PlayMakerFixedUpdate

AddEventHandlerComponent: PlayMakerLateUpdate

AddEventHandlerComponent: PlayMakerFixedUpdate

AddEventHandlerComponent: PlayMakerCollisionStay2D

AddEventHandlerComponent: PlayMakerFixedUpdate

AddEventHandlerComponent: PlayMakerLateUpdate

AddEventHandlerComponent: PlayMakerFixedUpdate

AddEventHandlerComponent: PlayMakerFixedUpdate

AddEventHandlerComponent: PlayMakerCollisionStay2D

AddEventHandlerComponent: PlayMakerFixedUpdate

AddEventHandlerComponent: PlayMakerLateUpdate

AddEventHandlerComponent: PlayMakerFixedUpdate

AddEventHandlerComponent: PlayMakerFixedUpdate

AddEventHandlerComponent: PlayMakerFixedUpdate

AddEventHandlerComponent: PlayMakerFixedUpdate

AddEventHandlerComponent: PlayMakerFixedUpdate

AddEventHandlerComponent: PlayMakerFixedUpdate

AddEventHandlerComponent: PlayMakerFixedUpdate

AddEventHandlerComponent: PlayMakerFixedUpdate

Deferring level start (marked as manual).

Persistent Bool Item - Couldn't reset value on FSM because it's missing.

Persistent Bool Item - Couldn't reset value on FSM because it's missing.

Persistent Bool Item - Couldn't reset value on FSM because it's missing.

Object Pool attached to GlobalPool has run out of Plat Grass prefabs, Instantiating an additional one.

AddEventHandlerComponent: PlayMakerFixedUpdate

AddEventHandlerComponent: PlayMakerFixedUpdate

AddEventHandlerComponent: PlayMakerFixedUpdate

AddEventHandlerComponent: PlayMakerFixedUpdate

AddEventHandlerComponent: PlayMakerFixedUpdate

Deferring level start (marked as manual).

AddEventHandlerComponent: PlayMakerCollisionEnter2D

AddEventHandlerComponent: PlayMakerFixedUpdate

AddEventHandlerComponent: PlayMakerFixedUpdate

AddEventHandlerComponent: PlayMakerFixedUpdate

AddEventHandlerComponent: PlayMakerCollisionEnter2D

AddEventHandlerComponent: PlayMakerFixedUpdate

AddEventHandlerComponent: PlayMakerFixedUpdate

AddEventHandlerComponent: PlayMakerFixedUpdate

Could not find FSM: Attack Range Detect

Could not find FSM: Attack Range Detect

AddEventHandlerComponent: PlayMakerFixedUpdate

AddEventHandlerComponent: PlayMakerFixedUpdate

AddEventHandlerComponent: PlayMakerFixedUpdate

AddEventHandlerComponent: PlayMakerFixedUpdate

AddEventHandlerComponent: PlayMakerFixedUpdate

AddEventHandlerComponent: PlayMakerFixedUpdate

AddEventHandlerComponent: PlayMakerFixedUpdate

AddEventHandlerComponent: PlayMakerFixedUpdate

AddEventHandlerComponent: PlayMakerFixedUpdate

Object Pool attached to GlobalPool has run out of Screen Flash prefabs, Instantiating an additional one.

Bump Height: 1.192093E-07

Could not find FSM: Attack Range Detect

PlayOneShot was called with a null AudioClip.

PlayOneShot was called with a null AudioClip.

AddEventHandlerComponent: PlayMakerFixedUpdate

AddEventHandlerComponent: PlayMakerFixedUpdate

AddEventHandlerComponent: PlayMakerFixedUpdate

AddEventHandlerComponent: PlayMakerFixedUpdate

AddEventHandlerComponent: PlayMakerFixedUpdate

AddEventHandlerComponent: PlayMakerFixedUpdate

AddEventHandlerComponent: PlayMakerFixedUpdate

AddEventHandlerComponent: PlayMakerFixedUpdate

AddEventHandlerComponent: PlayMakerFixedUpdate

AddEventHandlerComponent: PlayMakerFixedUpdate

Deferring level start (marked as manual).

AddEventHandlerComponent: PlayMakerFixedUpdate

AddEventHandlerComponent: PlayMakerFixedUpdate

AddEventHandlerComponent: PlayMakerFixedUpdate

AddEventHandlerComponent: PlayMakerFixedUpdate

AddEventHandlerComponent: PlayMakerFixedUpdate

AddEventHandlerComponent: PlayMakerFixedUpdate

AddEventHandlerComponent: PlayMakerFixedUpdate

AddEventHandlerComponent: PlayMakerFixedUpdate

AddEventHandlerComponent: PlayMakerFixedUpdate

AddEventHandlerComponent: PlayMakerFixedUpdate

AddEventHandlerComponent: PlayMakerFixedUpdate

AddEventHandlerComponent: PlayMakerFixedUpdate

Death broadcast event 'SAVE' not implemented!

PlayerData: Could not find field named , check variable name exists and FSM variable string is correct.

Object Pool attached to GlobalPool has run out of particle_orange blood prefabs, Instantiating an additional one.

Object Pool attached to GlobalPool has run out of particle_orange blood prefabs, Instantiating an additional one.

PlayOneShot was called with a null AudioClip.

AddEventHandlerComponent: PlayMakerFixedUpdate

AddEventHandlerComponent: PlayMakerFixedUpdate

AddEventHandlerComponent: PlayMakerFixedUpdate

AddEventHandlerComponent: PlayMakerFixedUpdate

AddEventHandlerComponent: PlayMakerFixedUpdate

AddEventHandlerComponent: PlayMakerFixedUpdate

AddEventHandlerComponent: PlayMakerFixedUpdate

AddEventHandlerComponent: PlayMakerFixedUpdate

AddEventHandlerComponent: PlayMakerFixedUpdate

Persistent Bool Item (Vine Platform (2)) does not have a PlayMakerFSM attached to read state from.

Deferring level start (marked as manual).

AddEventHandlerComponent: PlayMakerCollisionEnter2D

AddEventHandlerComponent: PlayMakerFixedUpdate

AddEventHandlerComponent: PlayMakerFixedUpdate

AddEventHandlerComponent: PlayMakerFixedUpdate

AddEventHandlerComponent: PlayMakerCollisionEnter2D

AddEventHandlerComponent: PlayMakerFixedUpdate

AddEventHandlerComponent: PlayMakerFixedUpdate

AddEventHandlerComponent: PlayMakerFixedUpdate

AddEventHandlerComponent: PlayMakerCollisionEnter2D

AddEventHandlerComponent: PlayMakerFixedUpdate

AddEventHandlerComponent: PlayMakerFixedUpdate

AddEventHandlerComponent: PlayMakerFixedUpdate

Could not find FSM: Attack Range Detect

Could not find FSM: Attack Range Detect

Could not find FSM: Attack Range Detect

Could not find FSM: Attack Range Detect

Could not find FSM: Attack Range Detect

Could not find FSM: Attack Range Detect

Could not find FSM: health_manager_enemy

Could not find FSM: health_manager_enemy

Could not find FSM: Attack Range Detect

AddEventHandlerComponent: PlayMakerFixedUpdate

AddEventHandlerComponent: PlayMakerFixedUpdate

AddEventHandlerComponent: PlayMakerFixedUpdate

PlayOneShot was called with a null AudioClip.

PlayOneShot was called with a null AudioClip.

PlayOneShot was called with a null AudioClip.

PlayOneShot was called with a null AudioClip.

PlayOneShot was called with a null AudioClip.

PlayOneShot was called with a null AudioClip.

PlayOneShot was called with a null AudioClip.

AddEventHandlerComponent: PlayMakerFixedUpdate

AddEventHandlerComponent: PlayMakerFixedUpdate

AddEventHandlerComponent: PlayMakerFixedUpdate

AddEventHandlerComponent: PlayMakerFixedUpdate

AddEventHandlerComponent: PlayMakerFixedUpdate

PlayOneShot was called with a null AudioClip.

PlayOneShot was called with a null AudioClip.

PlayOneShot was called with a null AudioClip.

PlayOneShot was called with a null AudioClip.

PlayOneShot was called with a null AudioClip.

Could not find FSM: Attack Range Detect

AddEventHandlerComponent: PlayMakerFixedUpdate

PlayOneShot was called with a null AudioClip.

PlayOneShot was called with a null AudioClip.

PlayOneShot was called with a null AudioClip.

PlayOneShot was called with a null AudioClip.

PlayOneShot was called with a null AudioClip.

Deferring level start (marked as manual).

AddEventHandlerComponent: PlayMakerFixedUpdate

AddEventHandlerComponent: PlayMakerFixedUpdate

AddEventHandlerComponent: PlayMakerFixedUpdate

AddEventHandlerComponent: PlayMakerFixedUpdate

Additively loaded scene: Fungus1_04_boss in sequence

AddEventHandlerComponent: PlayMakerFixedUpdate

Bump Height: 0.0006980896

Object Pool attached to GlobalPool could not find a copy of Uninfected Hit Pt, Instantiating a new one.

Could not find FSM: health_manager_enemy

Object Pool attached to GlobalPool has run out of Uninfected Hit Pt prefabs, Instantiating an additional one.

Could not find FSM: recoil

Object Pool attached to GlobalPool has run out of Slash Effect Ghost1 prefabs, Instantiating an additional one.

Object Pool attached to GlobalPool has run out of Slash Effect Ghost1 prefabs, Instantiating an additional one.

Object Pool attached to GlobalPool has run out of Slash Effect Ghost1 prefabs, Instantiating an additional one.

Object Pool attached to GlobalPool has run out of Slash Effect Ghost1 prefabs, Instantiating an additional one.

Object Pool attached to GlobalPool has run out of Slash Effect Ghost1 prefabs, Instantiating an additional one.

Failed to retrieve achievement state for HORNET_1

Pushing achievement HORNET_1

Steam achievement HORNET_1 (0/0) upload complete

AddEventHandlerComponent: PlayMakerFixedUpdate

AddEventHandlerComponent: PlayMakerFixedUpdate

Object Pool attached to GlobalPool has run out of Audio Player NoDestroy prefabs, Instantiating an additional one.

PlayOneShot was called with a null AudioClip.

Deferring level start (marked as manual).

Deferring level start (marked as manual).

AddEventHandlerComponent: PlayMakerFixedUpdate

AddEventHandlerComponent: PlayMakerFixedUpdate

AddEventHandlerComponent: PlayMakerFixedUpdate

AddEventHandlerComponent: PlayMakerFixedUpdate

AddEventHandlerComponent: PlayMakerFixedUpdate

AddEventHandlerComponent: PlayMakerFixedUpdate

AddEventHandlerComponent: PlayMakerFixedUpdate

AddEventHandlerComponent: PlayMakerFixedUpdate

AddEventHandlerComponent: PlayMakerFixedUpdate

AddEventHandlerComponent: PlayMakerFixedUpdate

AddEventHandlerComponent: PlayMakerFixedUpdate

AddEventHandlerComponent: PlayMakerFixedUpdate

Deferring level start (marked as manual).

AddEventHandlerComponent: PlayMakerFixedUpdate

AddEventHandlerComponent: PlayMakerCollisionEnter2D

AddEventHandlerComponent: PlayMakerFixedUpdate

AddEventHandlerComponent: PlayMakerFixedUpdate

AddEventHandlerComponent: PlayMakerFixedUpdate

Could not find FSM: Attack Range Detect

Could not find FSM: Attack Range Detect

PlayOneShot was called with a null AudioClip.

PlayOneShot was called with a null AudioClip.

PlayOneShot was called with a null AudioClip.

Bump Height: 0.00243187

AddEventHandlerComponent: PlayMakerFixedUpdate

AddEventHandlerComponent: PlayMakerFixedUpdate

Deferring level start (marked as manual).

AddEventHandlerComponent: PlayMakerFixedUpdate

AddEventHandlerComponent: PlayMakerFixedUpdate

AddEventHandlerComponent: PlayMakerFixedUpdate

AddEventHandlerComponent: PlayMakerFixedUpdate

AddEventHandlerComponent: PlayMakerFixedUpdate

AddEventHandlerComponent: PlayMakerFixedUpdate

AddEventHandlerComponent: PlayMakerFixedUpdate

AddEventHandlerComponent: PlayMakerFixedUpdate

AddEventHandlerComponent: PlayMakerFixedUpdate

AddEventHandlerComponent: PlayMakerFixedUpdate

AddEventHandlerComponent: PlayMakerFixedUpdate

AddEventHandlerComponent: PlayMakerFixedUpdate

Deferring level start (marked as manual).

AddEventHandlerComponent: PlayMakerFixedUpdate

AddEventHandlerComponent: PlayMakerCollisionEnter2D

AddEventHandlerComponent: PlayMakerFixedUpdate

AddEventHandlerComponent: PlayMakerFixedUpdate

AddEventHandlerComponent: PlayMakerFixedUpdate

Deferring level start (marked as manual).

Deferring level start (marked as manual).

AddEventHandlerComponent: PlayMakerFixedUpdate

AddEventHandlerComponent: PlayMakerFixedUpdate

AddEventHandlerComponent: PlayMakerFixedUpdate

AddEventHandlerComponent: PlayMakerFixedUpdate

AddEventHandlerComponent: PlayMakerFixedUpdate

AddEventHandlerComponent: PlayMakerFixedUpdate

AddEventHandlerComponent: PlayMakerFixedUpdate

AddEventHandlerComponent: PlayMakerFixedUpdate

AddEventHandlerComponent: PlayMakerFixedUpdate

AddEventHandlerComponent: PlayMakerFixedUpdate

Persistent Bool Item (Vine Platform (2)) does not have a PlayMakerFSM attached to read state from.

Deferring level start (marked as manual).

AddEventHandlerComponent: PlayMakerCollisionEnter2D

AddEventHandlerComponent: PlayMakerFixedUpdate

AddEventHandlerComponent: PlayMakerFixedUpdate

AddEventHandlerComponent: PlayMakerFixedUpdate

AddEventHandlerComponent: PlayMakerCollisionEnter2D

AddEventHandlerComponent: PlayMakerFixedUpdate

AddEventHandlerComponent: PlayMakerFixedUpdate

AddEventHandlerComponent: PlayMakerFixedUpdate

AddEventHandlerComponent: PlayMakerCollisionEnter2D

AddEventHandlerComponent: PlayMakerFixedUpdate

AddEventHandlerComponent: PlayMakerFixedUpdate

AddEventHandlerComponent: PlayMakerFixedUpdate

AddEventHandlerComponent: PlayMakerFixedUpdate

AddEventHandlerComponent: PlayMakerFixedUpdate

AddEventHandlerComponent: PlayMakerCollisionEnter2D

AddEventHandlerComponent: PlayMakerFixedUpdate

AddEventHandlerComponent: PlayMakerFixedUpdate

AddEventHandlerComponent: PlayMakerFixedUpdate

AddEventHandlerComponent: PlayMakerFixedUpdate

AddEventHandlerComponent: PlayMakerFixedUpdate

AddEventHandlerComponent: PlayMakerFixedUpdate

AddEventHandlerComponent: PlayMakerFixedUpdate

AddEventHandlerComponent: PlayMakerCollisionEnter2D

AddEventHandlerComponent: PlayMakerFixedUpdate

AddEventHandlerComponent: PlayMakerFixedUpdate

AddEventHandlerComponent: PlayMakerFixedUpdate

Persistent Bool Item (Vine Platform) does not have a PlayMakerFSM attached to read state from.

Persistent Bool Item (Vine Platform (1)) does not have a PlayMakerFSM attached to read state from.

Deferring level start (marked as manual).

AddEventHandlerComponent: PlayMakerFixedUpdate

AddEventHandlerComponent: PlayMakerFixedUpdate

AddEventHandlerComponent: PlayMakerFixedUpdate

AddEventHandlerComponent: PlayMakerFixedUpdate

Deferring level start (marked as manual).

PlayOneShot was called with a null AudioClip.

Could not find FSM: Enough Geo

LoadLevel: Cinematic_Stag_travel

Unloading 72 Unused Serialized files (Serialized files now loaded: 0)
UnloadTime: 3.256000 ms
Performing automatic level start.


Unloading 9475 unused Assets to reduce memory usage. Loaded Objects now: 56177.
Total: 243.685100 ms (FindLiveObjects: 4.154500 ms CreateObjectMapping: 3.193400 ms MarkObjects: 207.794000 ms  DeleteObjects: 28.542000 ms)

Setting skip mode: SKIP_INSTANT

Started cinematic 'StagTunnelRun'

Started cinematic 'StagTunnelRun'

Stopped cinematic 'StagTunnelRun'

AddEventHandlerComponent: PlayMakerFixedUpdate

AddEventHandlerComponent: PlayMakerFixedUpdate

AddEventHandlerComponent: PlayMakerFixedUpdate

AddEventHandlerComponent: PlayMakerCollisionEnter2D

AddEventHandlerComponent: PlayMakerFixedUpdate

Deferring level start (marked as manual).

PlayOneShot was called with a null AudioClip.

AddEventHandlerComponent: PlayMakerFixedUpdate

AddEventHandlerComponent: PlayMakerFixedUpdate

AddEventHandlerComponent: PlayMakerFixedUpdate

AddEventHandlerComponent: PlayMakerFixedUpdate

AddEventHandlerComponent: PlayMakerFixedUpdate

AddEventHandlerComponent: PlayMakerFixedUpdate

AddEventHandlerComponent: PlayMakerFixedUpdate

AddEventHandlerComponent: PlayMakerCollisionEnter2D

AddEventHandlerComponent: PlayMakerFixedUpdate

AddEventHandlerComponent: PlayMakerFixedUpdate

AddEventHandlerComponent: PlayMakerFixedUpdate

AddEventHandlerComponent: PlayMakerFixedUpdate

AddEventHandlerComponent: PlayMakerFixedUpdate

AddEventHandlerComponent: PlayMakerFixedUpdate

Deferring level start (marked as manual).

AddEventHandlerComponent: PlayMakerFixedUpdate

AddEventHandlerComponent: PlayMakerFixedUpdate

Deferring level start (marked as manual).

Could not find FSM: Enough Geo

Could not find FSM: Journal Msg

PlayOneShot was called with a null AudioClip.

Could not find FSM: Journal Msg

PlayOneShot was called with a null AudioClip.

AddEventHandlerComponent: PlayMakerFixedUpdate

AddEventHandlerComponent: PlayMakerFixedUpdate

AddEventHandlerComponent: PlayMakerFixedUpdate

AddEventHandlerComponent: PlayMakerFixedUpdate

AddEventHandlerComponent: PlayMakerFixedUpdate

AddEventHandlerComponent: PlayMakerFixedUpdate

AddEventHandlerComponent: PlayMakerFixedUpdate

AddEventHandlerComponent: PlayMakerCollisionEnter2D

AddEventHandlerComponent: PlayMakerFixedUpdate

AddEventHandlerComponent: PlayMakerFixedUpdate

AddEventHandlerComponent: PlayMakerFixedUpdate

AddEventHandlerComponent: PlayMakerFixedUpdate

AddEventHandlerComponent: PlayMakerFixedUpdate

AddEventHandlerComponent: PlayMakerFixedUpdate

Deferring level start (marked as manual).

AddEventHandlerComponent: PlayMakerFixedUpdate

AddEventHandlerComponent: PlayMakerFixedUpdate

Deferring level start (marked as manual).

Could not find FSM: Enough Geo

Object Pool attached to GlobalPool has run out of Audio Player Actor 2D prefabs, Instantiating an additional one.

AddEventHandlerComponent: PlayMakerFixedUpdate

AddEventHandlerComponent: PlayMakerFixedUpdate

AddEventHandlerComponent: PlayMakerFixedUpdate

AddEventHandlerComponent: PlayMakerFixedUpdate

AddEventHandlerComponent: PlayMakerFixedUpdate

AddEventHandlerComponent: PlayMakerFixedUpdate

AddEventHandlerComponent: PlayMakerFixedUpdate

AddEventHandlerComponent: PlayMakerCollisionEnter2D

AddEventHandlerComponent: PlayMakerFixedUpdate

AddEventHandlerComponent: PlayMakerFixedUpdate

AddEventHandlerComponent: PlayMakerFixedUpdate

AddEventHandlerComponent: PlayMakerFixedUpdate

AddEventHandlerComponent: PlayMakerFixedUpdate

AddEventHandlerComponent: PlayMakerFixedUpdate

Deferring level start (marked as manual).

PlayOneShot was called with a null AudioClip.

AddEventHandlerComponent: PlayMakerFixedUpdate

AddEventHandlerComponent: PlayMakerFixedUpdate

AddEventHandlerComponent: PlayMakerFixedUpdate

AddEventHandlerComponent: PlayMakerCollisionEnter2D

AddEventHandlerComponent: PlayMakerFixedUpdate

Deferring level start (marked as manual).

PlayOneShot was called with a null AudioClip.

Could not find FSM: Enough Geo

LoadLevel: Cinematic_Stag_travel

Unloading 10 Unused Serialized files (Serialized files now loaded: 0)
UnloadTime: 3.029700 ms
Performing automatic level start.


Unloading 2319 unused Assets to reduce memory usage. Loaded Objects now: 56343.
Total: 229.276700 ms (FindLiveObjects: 3.574500 ms CreateObjectMapping: 2.164300 ms MarkObjects: 218.808400 ms  DeleteObjects: 4.728600 ms)

Setting skip mode: SKIP_INSTANT

Started cinematic 'StagTunnelRun'

Started cinematic 'StagTunnelRun'

Stopped cinematic 'StagTunnelRun'

AddEventHandlerComponent: PlayMakerFixedUpdate

AddEventHandlerComponent: PlayMakerFixedUpdate

AddEventHandlerComponent: PlayMakerFixedUpdate

AddEventHandlerComponent: PlayMakerFixedUpdate

Deferring level start (marked as manual).

PlayOneShot was called with a null AudioClip.

AddEventHandlerComponent: PlayMakerFixedUpdate

AddEventHandlerComponent: PlayMakerFixedUpdate

AddEventHandlerComponent: PlayMakerCollisionEnter2D

AddEventHandlerComponent: PlayMakerFixedUpdate

AddEventHandlerComponent: PlayMakerFixedUpdate

AddEventHandlerComponent: PlayMakerFixedUpdate

AddEventHandlerComponent: PlayMakerFixedUpdate

AddEventHandlerComponent: PlayMakerFixedUpdate

AddEventHandlerComponent: PlayMakerFixedUpdate

AddEventHandlerComponent: PlayMakerFixedUpdate

AddEventHandlerComponent: PlayMakerCollisionEnter2D

AddEventHandlerComponent: PlayMakerFixedUpdate

AddEventHandlerComponent: PlayMakerFixedUpdate

AddEventHandlerComponent: PlayMakerFixedUpdate

Persistent Bool Item (Vine Platform) does not have a PlayMakerFSM attached to read state from.

Persistent Bool Item (Vine Platform (1)) does not have a PlayMakerFSM attached to read state from.

Deferring level start (marked as manual).

Coroutine continue failure

AddEventHandlerComponent: PlayMakerFixedUpdate

AddEventHandlerComponent: PlayMakerFixedUpdate

Deferring level start (marked as manual).

AddEventHandlerComponent: PlayMakerFixedUpdate

AddEventHandlerComponent: PlayMakerFixedUpdate

AddEventHandlerComponent: PlayMakerFixedUpdate

AddEventHandlerComponent: PlayMakerFixedUpdate

AddEventHandlerComponent: PlayMakerFixedUpdate

AddEventHandlerComponent: PlayMakerFixedUpdate

AddEventHandlerComponent: PlayMakerFixedUpdate

AddEventHandlerComponent: PlayMakerFixedUpdate

AddEventHandlerComponent: PlayMakerFixedUpdate

AddEventHandlerComponent: PlayMakerFixedUpdate

Deferring level start (marked as manual).

AddEventHandlerComponent: PlayMakerFixedUpdate

AddEventHandlerComponent: PlayMakerFixedUpdate

AddEventHandlerComponent: PlayMakerFixedUpdate

AddEventHandlerComponent: PlayMakerCollisionEnter2D

AddEventHandlerComponent: PlayMakerFixedUpdate

AddEventHandlerComponent: PlayMakerFixedUpdate

AddEventHandlerComponent: PlayMakerCollisionEnter2D

AddEventHandlerComponent: PlayMakerFixedUpdate

AddEventHandlerComponent: PlayMakerCollisionEnter2D

AddEventHandlerComponent: PlayMakerFixedUpdate

AddEventHandlerComponent: PlayMakerFixedUpdate

AddEventHandlerComponent: PlayMakerCollisionEnter2D

AddEventHandlerComponent: PlayMakerFixedUpdate

AddEventHandlerComponent: PlayMakerFixedUpdate

AddEventHandlerComponent: PlayMakerFixedUpdate

AddEventHandlerComponent: PlayMakerFixedUpdate

AddEventHandlerComponent: PlayMakerFixedUpdate

AddEventHandlerComponent: PlayMakerFixedUpdate

AddEventHandlerComponent: PlayMakerCollisionEnter2D

AddEventHandlerComponent: PlayMakerFixedUpdate

AddEventHandlerComponent: PlayMakerFixedUpdate

AddEventHandlerComponent: PlayMakerFixedUpdate

Deferring level start (marked as manual).

AddEventHandlerComponent: PlayMakerFixedUpdate

AddEventHandlerComponent: PlayMakerFixedUpdate

AddEventHandlerComponent: PlayMakerFixedUpdate

AddEventHandlerComponent: PlayMakerFixedUpdate

AddEventHandlerComponent: PlayMakerFixedUpdate

Persistent Bool Item (Vine Platform) does not have a PlayMakerFSM attached to read state from.

Deferring level start (marked as manual).

AddEventHandlerComponent: PlayMakerFixedUpdate

AddEventHandlerComponent: PlayMakerFixedUpdate

AddEventHandlerComponent: PlayMakerFixedUpdate

AddEventHandlerComponent: PlayMakerCollisionEnter2D

AddEventHandlerComponent: PlayMakerFixedUpdate

AddEventHandlerComponent: PlayMakerFixedUpdate

AddEventHandlerComponent: PlayMakerCollisionEnter2D

AddEventHandlerComponent: PlayMakerFixedUpdate

AddEventHandlerComponent: PlayMakerCollisionEnter2D

AddEventHandlerComponent: PlayMakerFixedUpdate

AddEventHandlerComponent: PlayMakerFixedUpdate

AddEventHandlerComponent: PlayMakerCollisionEnter2D

AddEventHandlerComponent: PlayMakerFixedUpdate

AddEventHandlerComponent: PlayMakerFixedUpdate

AddEventHandlerComponent: PlayMakerFixedUpdate

AddEventHandlerComponent: PlayMakerFixedUpdate

AddEventHandlerComponent: PlayMakerFixedUpdate

AddEventHandlerComponent: PlayMakerFixedUpdate

AddEventHandlerComponent: PlayMakerCollisionEnter2D

AddEventHandlerComponent: PlayMakerFixedUpdate

AddEventHandlerComponent: PlayMakerFixedUpdate

AddEventHandlerComponent: PlayMakerFixedUpdate

Deferring level start (marked as manual).

AddEventHandlerComponent: PlayMakerFixedUpdate

AddEventHandlerComponent: PlayMakerFixedUpdate

AddEventHandlerComponent: PlayMakerFixedUpdate

AddEventHandlerComponent: PlayMakerFixedUpdate

AddEventHandlerComponent: PlayMakerFixedUpdate

AddEventHandlerComponent: PlayMakerFixedUpdate

AddEventHandlerComponent: PlayMakerFixedUpdate

AddEventHandlerComponent: PlayMakerFixedUpdate

AddEventHandlerComponent: PlayMakerFixedUpdate

AddEventHandlerComponent: PlayMakerFixedUpdate

AddEventHandlerComponent: PlayMakerFixedUpdate

AddEventHandlerComponent: PlayMakerFixedUpdate

AddEventHandlerComponent: PlayMakerFixedUpdate

Deferring level start (marked as manual).

AddEventHandlerComponent: PlayMakerFixedUpdate

AddEventHandlerComponent: PlayMakerFixedUpdate

AddEventHandlerComponent: PlayMakerCollisionEnter2D

AddEventHandlerComponent: PlayMakerFixedUpdate

AddEventHandlerComponent: PlayMakerFixedUpdate

AddEventHandlerComponent: PlayMakerFixedUpdate

AddEventHandlerComponent: PlayMakerCollisionEnter2D

AddEventHandlerComponent: PlayMakerFixedUpdate

Deferring level start (marked as manual).

AddEventHandlerComponent: PlayMakerFixedUpdate

AddEventHandlerComponent: PlayMakerFixedUpdate

AddEventHandlerComponent: PlayMakerFixedUpdate

AddEventHandlerComponent: PlayMakerCollisionEnter2D

AddEventHandlerComponent: PlayMakerFixedUpdate

Deferring level start (marked as manual).

Unloading 40 Unused Serialized files (Serialized files now loaded: 0)
UnloadTime: 8.778700 ms
Deferring level start (marked as manual).


Unloading 2957 unused Assets to reduce memory usage. Loaded Objects now: 55744.
Total: 243.520900 ms (FindLiveObjects: 4.145600 ms CreateObjectMapping: 3.096900 ms MarkObjects: 227.679300 ms  DeleteObjects: 8.598600 ms)

Unloading 5 Unused Serialized files (Serialized files now loaded: 0)
UnloadTime: 0.358900 ms
DontDestroyOnLoad only works for root GameObjects or components on root GameObjects.

Performing automatic level start.

Failed to retrieve achievement state for ENDING_A

Failed to retrieve achievement state for ENDING_B

Failed to retrieve achievement state for ENDING_C

Failed to retrieve achievement state for STEELSOUL

Game controller set to None.

Failed to retrieve achievement state for PROTECTED

Failed to retrieve achievement state for MASKED

Failed to retrieve achievement state for ENCHANTED

Failed to retrieve achievement state for BLESSED

Failed to retrieve achievement state for SOULFUL

Failed to retrieve achievement state for WORLDSOUL

Failed to retrieve achievement state for DREAM_FK

Failed to retrieve achievement state for HORNET_2

Failed to retrieve achievement state for SOUL_MASTER_DEFEAT

Failed to retrieve achievement state for DREAM_SOUL_MASTER_DEFEAT

Failed to retrieve achievement state for BROKEN_VESSEL

Failed to retrieve achievement state for DREAM_BROKEN_VESSEL

Failed to retrieve achievement state for DUNG_DEFENDER

Failed to retrieve achievement state for MANTIS_LORDS

Failed to retrieve achievement state for COLLECTOR

Failed to retrieve achievement state for ZOTE

Failed to retrieve achievement state for NEGLECT

Failed to retrieve achievement state for ATTUNEMENT

Failed to retrieve achievement state for AWAKENING

Failed to retrieve achievement state for ASCENSION

Failed to retrieve achievement state for GRUBFRIEND

Failed to retrieve achievement state for METAMORPHOSIS

Failed to retrieve achievement state for NAILSMITH_KILL

Failed to retrieve achievement state for NAILSMITH_SPARE

Failed to retrieve achievement state for QUIRREL_EPILOGUE

Failed to retrieve achievement state for MOURNER

Failed to retrieve achievement state for TRAITOR_LORD

Failed to retrieve achievement state for STAG_STATION_HALF

Failed to retrieve achievement state for STAG_STATION_ALL

Failed to retrieve achievement state for TEACHER

Failed to retrieve achievement state for WATCHER

Failed to retrieve achievement state for BEAST

Failed to retrieve achievement state for MAP

Failed to retrieve achievement state for COLOSSEUM_1

Failed to retrieve achievement state for COLOSSEUM_2

Failed to retrieve achievement state for COLOSSEUM_3

Failed to retrieve achievement state for ENDING_A

Failed to retrieve achievement state for ENDING_B

Failed to retrieve achievement state for ENDING_C

Failed to retrieve achievement state for VOID

Failed to retrieve achievement state for SPEEDRUN_1

Failed to retrieve achievement state for SPEEDRUN_2

Failed to retrieve achievement state for SPEED_COMPLETION

Failed to retrieve achievement state for STEELSOUL

Failed to retrieve achievement state for STEELSOUL_COMPLETION

Failed to retrieve achievement state for HUNTER_1

Failed to retrieve achievement state for HUNTER_2

Failed to retrieve achievement state for MR_MUSHROOM

Failed to retrieve achievement state for WHITE_DEFENDER

Failed to retrieve achievement state for GREY_PRINCE

Failed to retrieve achievement state for GRIMM

Failed to retrieve achievement state for NIGHTMARE_GRIMM

Failed to retrieve achievement state for BANISHMENT

Failed to retrieve achievement state for PANTHEON1

Failed to retrieve achievement state for PANTHEON2

Failed to retrieve achievement state for PANTHEON3

Failed to retrieve achievement state for PANTHEON4

pd.maxHealth: 5 pd.maxHealthBase: 5


Unloading 741 unused Assets to reduce memory usage. Loaded Objects now: 47820.
Total: 175.867300 ms (FindLiveObjects: 2.930500 ms CreateObjectMapping: 2.809800 ms MarkObjects: 167.688700 ms  DeleteObjects: 2.437900 ms)

Making UI menu lean.

AddEventHandlerComponent: PlayMakerFixedUpdate

AddEventHandlerComponent: PlayMakerFixedUpdate

AddEventHandlerComponent: PlayMakerFixedUpdate

AddEventHandlerComponent: PlayMakerFixedUpdate

AddEventHandlerComponent: PlayMakerFixedUpdate

AddEventHandlerComponent: PlayMakerFixedUpdate

AddEventHandlerComponent: PlayMakerFixedUpdate

AddEventHandlerComponent: PlayMakerFixedUpdate

AddEventHandlerComponent: PlayMakerFixedUpdate

AddEventHandlerComponent: PlayMakerFixedUpdate

AddEventHandlerComponent: PlayMakerFixedUpdate

AddEventHandlerComponent: PlayMakerFixedUpdate

AddEventHandlerComponent: PlayMakerFixedUpdate

Deferring level start (marked as manual).

Unloading 19 Unused Serialized files (Serialized files now loaded: 0)

Unloading 198 unused Assets to reduce memory usage. Loaded Objects now: 48695.
Total: 210.236800 ms (FindLiveObjects: 2.960100 ms CreateObjectMapping: 1.933200 ms MarkObjects: 204.159500 ms  DeleteObjects: 1.183500 ms)

PlayOneShot was called with a null AudioClip.

PlayOneShot was called with a null AudioClip.

AddEventHandlerComponent: PlayMakerFixedUpdate

AddEventHandlerComponent: PlayMakerFixedUpdate

AddEventHandlerComponent: PlayMakerCollisionEnter2D

AddEventHandlerComponent: PlayMakerFixedUpdate

AddEventHandlerComponent: PlayMakerFixedUpdate

AddEventHandlerComponent: PlayMakerFixedUpdate

AddEventHandlerComponent: PlayMakerFixedUpdate

AddEventHandlerComponent: PlayMakerFixedUpdate

AddEventHandlerComponent: PlayMakerFixedUpdate

AddEventHandlerComponent: PlayMakerFixedUpdate

AddEventHandlerComponent: PlayMakerCollisionEnter2D

AddEventHandlerComponent: PlayMakerFixedUpdate

AddEventHandlerComponent: PlayMakerFixedUpdate

AddEventHandlerComponent: PlayMakerFixedUpdate

Persistent Bool Item (Vine Platform) does not have a PlayMakerFSM attached to read state from.

Persistent Bool Item (Vine Platform (1)) does not have a PlayMakerFSM attached to read state from.

Deferring level start (marked as manual).

Object Pool attached to GlobalPool could not find a copy of Plat Grass, Instantiating a new one.

Object Pool attached to GlobalPool has run out of Run Effects prefabs, Instantiating an additional one.

Object Pool attached to GlobalPool has run out of Strike Nail R prefabs, Instantiating an additional one.

Object Pool attached to GlobalPool has run out of Slash Impact R prefabs, Instantiating an additional one.

Object Pool attached to GlobalPool has run out of Slash Impact R prefabs, Instantiating an additional one.

Object Pool attached to GlobalPool has run out of Slash Impact R prefabs, Instantiating an additional one.

Object Pool attached to GlobalPool has run out of Strike Nail R prefabs, Instantiating an additional one.

Object Pool attached to GlobalPool has run out of Slash Impact R prefabs, Instantiating an additional one.

AddEventHandlerComponent: PlayMakerFixedUpdate

AddEventHandlerComponent: PlayMakerFixedUpdate

Deferring level start (marked as manual).

Object Pool attached to GlobalPool has run out of Run Effects prefabs, Instantiating an additional one.

AddEventHandlerComponent: PlayMakerFixedUpdate

AddEventHandlerComponent: PlayMakerFixedUpdate

AddEventHandlerComponent: PlayMakerFixedUpdate

AddEventHandlerComponent: PlayMakerFixedUpdate

AddEventHandlerComponent: PlayMakerFixedUpdate

AddEventHandlerComponent: PlayMakerFixedUpdate

AddEventHandlerComponent: PlayMakerFixedUpdate

AddEventHandlerComponent: PlayMakerFixedUpdate

AddEventHandlerComponent: PlayMakerFixedUpdate

AddEventHandlerComponent: PlayMakerFixedUpdate

Deferring level start (marked as manual).

Could not find FSM: health_manager_enemy

Could not find FSM: health_manager_enemy

AddEventHandlerComponent: PlayMakerCollisionStay2D

AddEventHandlerComponent: PlayMakerFixedUpdate

AddEventHandlerComponent: PlayMakerLateUpdate

AddEventHandlerComponent: PlayMakerFixedUpdate

AddEventHandlerComponent: PlayMakerCollisionStay2D

AddEventHandlerComponent: PlayMakerFixedUpdate

AddEventHandlerComponent: PlayMakerLateUpdate

AddEventHandlerComponent: PlayMakerFixedUpdate

AddEventHandlerComponent: PlayMakerFixedUpdate

AddEventHandlerComponent: PlayMakerFixedUpdate

AddEventHandlerComponent: PlayMakerFixedUpdate

AddEventHandlerComponent: PlayMakerCollisionStay2D

AddEventHandlerComponent: PlayMakerFixedUpdate

AddEventHandlerComponent: PlayMakerLateUpdate

AddEventHandlerComponent: PlayMakerFixedUpdate

AddEventHandlerComponent: PlayMakerFixedUpdate

AddEventHandlerComponent: PlayMakerCollisionStay2D

AddEventHandlerComponent: PlayMakerFixedUpdate

AddEventHandlerComponent: PlayMakerLateUpdate

Deferring level start (marked as manual).

Object Pool attached to GlobalPool has run out of Plat Grass prefabs, Instantiating an additional one.

Object Pool attached to GlobalPool has run out of Plat Grass prefabs, Instantiating an additional one.

AddEventHandlerComponent: PlayMakerFixedUpdate

AddEventHandlerComponent: PlayMakerFixedUpdate

AddEventHandlerComponent: PlayMakerFixedUpdate

AddEventHandlerComponent: PlayMakerFixedUpdate

AddEventHandlerComponent: PlayMakerFixedUpdate

AddEventHandlerComponent: PlayMakerFixedUpdate

AddEventHandlerComponent: PlayMakerFixedUpdate

Deferring level start (marked as manual).

AddEventHandlerComponent: PlayMakerFixedUpdate

AddEventHandlerComponent: PlayMakerFixedUpdate

AddEventHandlerComponent: PlayMakerFixedUpdate

AddEventHandlerComponent: PlayMakerCollisionStay2D

AddEventHandlerComponent: PlayMakerFixedUpdate

AddEventHandlerComponent: PlayMakerLateUpdate

AddEventHandlerComponent: PlayMakerFixedUpdate

AddEventHandlerComponent: PlayMakerCollisionStay2D

AddEventHandlerComponent: PlayMakerFixedUpdate

AddEventHandlerComponent: PlayMakerLateUpdate

AddEventHandlerComponent: PlayMakerFixedUpdate

AddEventHandlerComponent: PlayMakerFixedUpdate

AddEventHandlerComponent: PlayMakerFixedUpdate

AddEventHandlerComponent: PlayMakerFixedUpdate

AddEventHandlerComponent: PlayMakerCollisionStay2D

AddEventHandlerComponent: PlayMakerFixedUpdate

AddEventHandlerComponent: PlayMakerLateUpdate

AddEventHandlerComponent: PlayMakerFixedUpdate

AddEventHandlerComponent: PlayMakerFixedUpdate

AddEventHandlerComponent: PlayMakerCollisionStay2D

AddEventHandlerComponent: PlayMakerFixedUpdate

AddEventHandlerComponent: PlayMakerLateUpdate

Deferring level start (marked as manual).

Cannot scene transition to Fungus1_11, while a scene transition is in progress

AddEventHandlerComponent: PlayMakerFixedUpdate

AddEventHandlerComponent: PlayMakerFixedUpdate

AddEventHandlerComponent: PlayMakerFixedUpdate

AddEventHandlerComponent: PlayMakerFixedUpdate

AddEventHandlerComponent: PlayMakerFixedUpdate

AddEventHandlerComponent: PlayMakerFixedUpdate

AddEventHandlerComponent: PlayMakerFixedUpdate

Deferring level start (marked as manual).

AddEventHandlerComponent: PlayMakerFixedUpdate

AddEventHandlerComponent: PlayMakerFixedUpdate

AddEventHandlerComponent: PlayMakerFixedUpdate

AddEventHandlerComponent: PlayMakerFixedUpdate

Deferring level start (marked as manual).

PlayOneShot was called with a null AudioClip.

AddEventHandlerComponent: PlayMakerFixedUpdate

AddEventHandlerComponent: PlayMakerFixedUpdate

AddEventHandlerComponent: PlayMakerFixedUpdate

AddEventHandlerComponent: PlayMakerFixedUpdate

AddEventHandlerComponent: PlayMakerFixedUpdate

AddEventHandlerComponent: PlayMakerFixedUpdate

AddEventHandlerComponent: PlayMakerFixedUpdate

Deferring level start (marked as manual).

AddEventHandlerComponent: PlayMakerFixedUpdate

AddEventHandlerComponent: PlayMakerFixedUpdate

AddEventHandlerComponent: PlayMakerFixedUpdate

AddEventHandlerComponent: PlayMakerFixedUpdate

AddEventHandlerComponent: PlayMakerFixedUpdate

AddEventHandlerComponent: PlayMakerFixedUpdate

AddEventHandlerComponent: PlayMakerFixedUpdate

Deferring level start (marked as manual).

Object Pool attached to GlobalPool has run out of Slash Impact R prefabs, Instantiating an additional one.

Object Pool attached to GlobalPool has run out of Slash Impact R prefabs, Instantiating an additional one.

Object Pool attached to GlobalPool has run out of Slash Impact R prefabs, Instantiating an additional one.

AddEventHandlerComponent: PlayMakerFixedUpdate

AddEventHandlerComponent: PlayMakerFixedUpdate

Deferring level start (marked as manual).

No area with identifier "NOEYES_TEMPLE" found in area list. Creating default SubArea.

Coroutine couldn't be started because the the game object 'Area Title Controller' is inactive!

AddEventHandlerComponent: PlayMakerFixedUpdate

AddEventHandlerComponent: PlayMakerFixedUpdate

AddEventHandlerComponent: PlayMakerFixedUpdate

AddEventHandlerComponent: PlayMakerFixedUpdate

AddEventHandlerComponent: PlayMakerFixedUpdate

Deferring level start (marked as manual).

AddEventHandlerComponent: PlayMakerFixedUpdate

AddEventHandlerComponent: PlayMakerFixedUpdate

AddEventHandlerComponent: PlayMakerFixedUpdate

AddEventHandlerComponent: PlayMakerFixedUpdate

AddEventHandlerComponent: PlayMakerFixedUpdate

AddEventHandlerComponent: PlayMakerFixedUpdate

AddEventHandlerComponent: PlayMakerFixedUpdate

Deferring level start (marked as manual).

AddEventHandlerComponent: PlayMakerFixedUpdate

AddEventHandlerComponent: PlayMakerFixedUpdate

AddEventHandlerComponent: PlayMakerFixedUpdate

AddEventHandlerComponent: PlayMakerFixedUpdate

Object Pool attached to GlobalPool has run out of Strike Nail R prefabs, Instantiating an additional one.

AddEventHandlerComponent: PlayMakerFixedUpdate

AddEventHandlerComponent: PlayMakerFixedUpdate

AddEventHandlerComponent: PlayMakerFixedUpdate

AddEventHandlerComponent: PlayMakerFixedUpdate

AddEventHandlerComponent: PlayMakerFixedUpdate

AddEventHandlerComponent: PlayMakerFixedUpdate

AddEventHandlerComponent: PlayMakerFixedUpdate

AddEventHandlerComponent: PlayMakerFixedUpdate

AddEventHandlerComponent: PlayMakerFixedUpdate

AddEventHandlerComponent: PlayMakerFixedUpdate

AddEventHandlerComponent: PlayMakerFixedUpdate

AddEventHandlerComponent: PlayMakerFixedUpdate

AddEventHandlerComponent: PlayMakerFixedUpdate

AddEventHandlerComponent: PlayMakerFixedUpdate

Deferring level start (marked as manual).

AddEventHandlerComponent: PlayMakerFixedUpdate

AddEventHandlerComponent: PlayMakerFixedUpdate

AddEventHandlerComponent: PlayMakerFixedUpdate

Object Pool attached to GlobalPool has run out of Run Effects prefabs, Instantiating an additional one.

Object Pool attached to GlobalPool has run out of Run Effects prefabs, Instantiating an additional one.

Object Pool attached to GlobalPool has run out of Run Effects prefabs, Instantiating an additional one.

Object Pool attached to GlobalPool has run out of Run Effects prefabs, Instantiating an additional one.

Object Pool attached to GlobalPool has run out of Run Effects prefabs, Instantiating an additional one.

Object Pool attached to GlobalPool has run out of Run Effects prefabs, Instantiating an additional one.

Object Pool attached to GlobalPool has run out of Run Effects prefabs, Instantiating an additional one.

Object Pool attached to GlobalPool has run out of particle_orange blood prefabs, Instantiating an additional one.

Object Pool attached to GlobalPool has run out of particle_orange blood prefabs, Instantiating an additional one.

Object Pool attached to GlobalPool has run out of particle_orange blood prefabs, Instantiating an additional one.

Object Pool attached to GlobalPool has run out of particle_orange blood prefabs, Instantiating an additional one.

Object Pool attached to GlobalPool has run out of particle_orange blood prefabs, Instantiating an additional one.

Object Pool attached to GlobalPool has run out of particle_orange blood prefabs, Instantiating an additional one.

Object Pool attached to GlobalPool has run out of particle_orange blood prefabs, Instantiating an additional one.

Object Pool attached to GlobalPool has run out of particle_orange blood prefabs, Instantiating an additional one.

Object Pool attached to GlobalPool has run out of particle_orange blood prefabs, Instantiating an additional one.

Object Pool attached to GlobalPool has run out of particle_orange blood prefabs, Instantiating an additional one.

Object Pool attached to GlobalPool has run out of particle_orange blood prefabs, Instantiating an additional one.

AddEventHandlerComponent: PlayMakerFixedUpdate

AddEventHandlerComponent: PlayMakerFixedUpdate

AddEventHandlerComponent: PlayMakerFixedUpdate

AddEventHandlerComponent: PlayMakerFixedUpdate

Object Pool attached to GlobalPool has run out of particle_orange blood prefabs, Instantiating an additional one.

PlayOneShot was called with a null AudioClip.

Could not find FSM: health_manager_enemy

Could not find FSM: health_manager_enemy

Could not find FSM: health_manager_enemy

Could not find FSM: health_manager_enemy

Could not find FSM: health_manager_enemy

Could not find FSM: health_manager_enemy

Could not find FSM: health_manager_enemy

Could not find FSM: health_manager_enemy

Could not find FSM: health_manager_enemy

Could not find FSM: health_manager_enemy

Could not find FSM: health_manager_enemy

Could not find FSM: health_manager_enemy

AddEventHandlerComponent: PlayMakerFixedUpdate

AddEventHandlerComponent: PlayMakerFixedUpdate

AddEventHandlerComponent: PlayMakerFixedUpdate

AddEventHandlerComponent: PlayMakerFixedUpdate

AddEventHandlerComponent: PlayMakerFixedUpdate

AddEventHandlerComponent: PlayMakerFixedUpdate

AddEventHandlerComponent: PlayMakerFixedUpdate

AddEventHandlerComponent: PlayMakerFixedUpdate

AddEventHandlerComponent: PlayMakerFixedUpdate

AddEventHandlerComponent: PlayMakerFixedUpdate

AddEventHandlerComponent: PlayMakerFixedUpdate

AddEventHandlerComponent: PlayMakerFixedUpdate

AddEventHandlerComponent: PlayMakerFixedUpdate

AddEventHandlerComponent: PlayMakerFixedUpdate

Deferring level start (marked as manual).

AddEventHandlerComponent: PlayMakerFixedUpdate

AddEventHandlerComponent: PlayMakerFixedUpdate

AddEventHandlerComponent: PlayMakerFixedUpdate

AddEventHandlerComponent: PlayMakerFixedUpdate

AddEventHandlerComponent: PlayMakerFixedUpdate

AddEventHandlerComponent: PlayMakerFixedUpdate

AddEventHandlerComponent: PlayMakerFixedUpdate

AddEventHandlerComponent: PlayMakerFixedUpdate

AddEventHandlerComponent: PlayMakerFixedUpdate

AddEventHandlerComponent: PlayMakerFixedUpdate

AddEventHandlerComponent: PlayMakerFixedUpdate

AddEventHandlerComponent: PlayMakerFixedUpdate

AddEventHandlerComponent: PlayMakerFixedUpdate

AddEventHandlerComponent: PlayMakerFixedUpdate

AddEventHandlerComponent: PlayMakerFixedUpdate

AddEventHandlerComponent: PlayMakerFixedUpdate

AddEventHandlerComponent: PlayMakerFixedUpdate

AddEventHandlerComponent: PlayMakerFixedUpdate

Persistent Bool Item (Vine Platform) does not have a PlayMakerFSM attached to read state from.

Persistent Bool Item (Vine Platform (2)) does not have a PlayMakerFSM attached to read state from.

Persistent Bool Item (Vine Platform (1)) does not have a PlayMakerFSM attached to read state from.

Deferring level start (marked as manual).

AddEventHandlerComponent: PlayMakerFixedUpdate

AddEventHandlerComponent: PlayMakerFixedUpdate

AddEventHandlerComponent: PlayMakerFixedUpdate

AddEventHandlerComponent: PlayMakerFixedUpdate

AddEventHandlerComponent: PlayMakerFixedUpdate

AddEventHandlerComponent: PlayMakerFixedUpdate

AddEventHandlerComponent: PlayMakerFixedUpdate

AddEventHandlerComponent: PlayMakerFixedUpdate

AddEventHandlerComponent: PlayMakerFixedUpdate

AddEventHandlerComponent: PlayMakerFixedUpdate

AddEventHandlerComponent: PlayMakerFixedUpdate

AddEventHandlerComponent: PlayMakerFixedUpdate

AddEventHandlerComponent: PlayMakerFixedUpdate

AddEventHandlerComponent: PlayMakerFixedUpdate

Deferring level start (marked as manual).

AddEventHandlerComponent: PlayMakerFixedUpdate

AddEventHandlerComponent: PlayMakerFixedUpdate

AddEventHandlerComponent: PlayMakerFixedUpdate

AddEventHandlerComponent: PlayMakerFixedUpdate

AddEventHandlerComponent: PlayMakerFixedUpdate

AddEventHandlerComponent: PlayMakerFixedUpdate

AddEventHandlerComponent: PlayMakerFixedUpdate

AddEventHandlerComponent: PlayMakerFixedUpdate

AddEventHandlerComponent: PlayMakerFixedUpdate

AddEventHandlerComponent: PlayMakerFixedUpdate

AddEventHandlerComponent: PlayMakerFixedUpdate

AddEventHandlerComponent: PlayMakerFixedUpdate

AddEventHandlerComponent: PlayMakerFixedUpdate

AddEventHandlerComponent: PlayMakerFixedUpdate

Deferring level start (marked as manual).

AddEventHandlerComponent: PlayMakerFixedUpdate

AddEventHandlerComponent: PlayMakerFixedUpdate

AddEventHandlerComponent: PlayMakerFixedUpdate

Unloading 53 Unused Serialized files (Serialized files now loaded: 0)
UnloadTime: 7.403900 ms
Deferring level start (marked as manual).


Unloading 4316 unused Assets to reduce memory usage. Loaded Objects now: 54512.
Total: 224.524100 ms (FindLiveObjects: 3.947800 ms CreateObjectMapping: 3.276400 ms MarkObjects: 205.876600 ms  DeleteObjects: 11.422800 ms)

Unloading 5 Unused Serialized files (Serialized files now loaded: 0)
UnloadTime: 0.477200 ms
DontDestroyOnLoad only works for root GameObjects or components on root GameObjects.

Performing automatic level start.

Failed to retrieve achievement state for ENDING_A

Failed to retrieve achievement state for ENDING_B

Failed to retrieve achievement state for ENDING_C

Failed to retrieve achievement state for STEELSOUL

Game controller set to None.

Failed to retrieve achievement state for PROTECTED

Failed to retrieve achievement state for MASKED

Failed to retrieve achievement state for ENCHANTED

Failed to retrieve achievement state for BLESSED

Failed to retrieve achievement state for SOULFUL

Failed to retrieve achievement state for WORLDSOUL

Failed to retrieve achievement state for DREAM_FK

Failed to retrieve achievement state for HORNET_2

Failed to retrieve achievement state for SOUL_MASTER_DEFEAT

Failed to retrieve achievement state for DREAM_SOUL_MASTER_DEFEAT

Failed to retrieve achievement state for BROKEN_VESSEL

Failed to retrieve achievement state for DREAM_BROKEN_VESSEL

Failed to retrieve achievement state for DUNG_DEFENDER

Failed to retrieve achievement state for MANTIS_LORDS

Failed to retrieve achievement state for COLLECTOR

Failed to retrieve achievement state for ZOTE

Failed to retrieve achievement state for NEGLECT

Failed to retrieve achievement state for ATTUNEMENT

Failed to retrieve achievement state for AWAKENING

Failed to retrieve achievement state for ASCENSION

Failed to retrieve achievement state for GRUBFRIEND

Failed to retrieve achievement state for METAMORPHOSIS

Failed to retrieve achievement state for NAILSMITH_KILL

Failed to retrieve achievement state for NAILSMITH_SPARE

Failed to retrieve achievement state for QUIRREL_EPILOGUE

Failed to retrieve achievement state for MOURNER

Failed to retrieve achievement state for TRAITOR_LORD

Failed to retrieve achievement state for STAG_STATION_HALF

Failed to retrieve achievement state for STAG_STATION_ALL

Failed to retrieve achievement state for TEACHER

Failed to retrieve achievement state for WATCHER

Failed to retrieve achievement state for BEAST

Failed to retrieve achievement state for MAP

Failed to retrieve achievement state for COLOSSEUM_1

Failed to retrieve achievement state for COLOSSEUM_2

Failed to retrieve achievement state for COLOSSEUM_3

Failed to retrieve achievement state for ENDING_A

Failed to retrieve achievement state for ENDING_B

Failed to retrieve achievement state for ENDING_C

Failed to retrieve achievement state for VOID

Failed to retrieve achievement state for SPEEDRUN_1

Failed to retrieve achievement state for SPEEDRUN_2

Failed to retrieve achievement state for SPEED_COMPLETION

Failed to retrieve achievement state for STEELSOUL

Failed to retrieve achievement state for STEELSOUL_COMPLETION

Failed to retrieve achievement state for HUNTER_1

Failed to retrieve achievement state for HUNTER_2

Failed to retrieve achievement state for MR_MUSHROOM

Failed to retrieve achievement state for WHITE_DEFENDER

Failed to retrieve achievement state for GREY_PRINCE

Failed to retrieve achievement state for GRIMM

Failed to retrieve achievement state for NIGHTMARE_GRIMM

Failed to retrieve achievement state for BANISHMENT

Failed to retrieve achievement state for PANTHEON1

Failed to retrieve achievement state for PANTHEON2

Failed to retrieve achievement state for PANTHEON3

Failed to retrieve achievement state for PANTHEON4

pd.maxHealth: 5 pd.maxHealthBase: 5


Unloading 487 unused Assets to reduce memory usage. Loaded Objects now: 48652.
Total: 177.682400 ms (FindLiveObjects: 3.381200 ms CreateObjectMapping: 5.003400 ms MarkObjects: 167.348600 ms  DeleteObjects: 1.948900 ms)

Making UI menu lean.

AddEventHandlerComponent: PlayMakerFixedUpdate

AddEventHandlerComponent: PlayMakerFixedUpdate

AddEventHandlerComponent: PlayMakerFixedUpdate

AddEventHandlerComponent: PlayMakerFixedUpdate

AddEventHandlerComponent: PlayMakerFixedUpdate

AddEventHandlerComponent: PlayMakerFixedUpdate

AddEventHandlerComponent: PlayMakerFixedUpdate

AddEventHandlerComponent: PlayMakerFixedUpdate

AddEventHandlerComponent: PlayMakerFixedUpdate

AddEventHandlerComponent: PlayMakerFixedUpdate

Deferring level start (marked as manual).

Unloading 17 Unused Serialized files (Serialized files now loaded: 0)

Unloading 189 unused Assets to reduce memory usage. Loaded Objects now: 48619.
Total: 212.460500 ms (FindLiveObjects: 2.747100 ms CreateObjectMapping: 1.864400 ms MarkObjects: 206.611200 ms  DeleteObjects: 1.237400 ms)

PlayOneShot was called with a null AudioClip.

AddEventHandlerComponent: PlayMakerFixedUpdate

AddEventHandlerComponent: PlayMakerFixedUpdate

AddEventHandlerComponent: PlayMakerFixedUpdate

AddEventHandlerComponent: PlayMakerFixedUpdate

AddEventHandlerComponent: PlayMakerFixedUpdate

AddEventHandlerComponent: PlayMakerFixedUpdate

AddEventHandlerComponent: PlayMakerFixedUpdate

Deferring level start (marked as manual).

AddEventHandlerComponent: PlayMakerFixedUpdate

AddEventHandlerComponent: PlayMakerFixedUpdate

AddEventHandlerComponent: PlayMakerFixedUpdate

Object Pool attached to GlobalPool could not find a copy of Plat Grass, Instantiating a new one.

Object Pool attached to GlobalPool has run out of Run Effects prefabs, Instantiating an additional one.

AddEventHandlerComponent: PlayMakerCollisionStay2D

AddEventHandlerComponent: PlayMakerFixedUpdate

AddEventHandlerComponent: PlayMakerLateUpdate

AddEventHandlerComponent: PlayMakerFixedUpdate

AddEventHandlerComponent: PlayMakerCollisionStay2D

AddEventHandlerComponent: PlayMakerFixedUpdate

AddEventHandlerComponent: PlayMakerLateUpdate

AddEventHandlerComponent: PlayMakerFixedUpdate

AddEventHandlerComponent: PlayMakerFixedUpdate

AddEventHandlerComponent: PlayMakerFixedUpdate

AddEventHandlerComponent: PlayMakerFixedUpdate

AddEventHandlerComponent: PlayMakerCollisionStay2D

AddEventHandlerComponent: PlayMakerFixedUpdate

AddEventHandlerComponent: PlayMakerLateUpdate

AddEventHandlerComponent: PlayMakerFixedUpdate

AddEventHandlerComponent: PlayMakerFixedUpdate

AddEventHandlerComponent: PlayMakerCollisionStay2D

AddEventHandlerComponent: PlayMakerFixedUpdate

AddEventHandlerComponent: PlayMakerLateUpdate

Deferring level start (marked as manual).

Object Pool attached to GlobalPool has run out of Slash Impact R prefabs, Instantiating an additional one.

Object Pool attached to GlobalPool has run out of Strike Nail R prefabs, Instantiating an additional one.

Object Pool attached to GlobalPool has run out of Slash Impact R prefabs, Instantiating an additional one.

Object Pool attached to GlobalPool has run out of Slash Impact R prefabs, Instantiating an additional one.

Object Pool attached to GlobalPool has run out of Strike Nail R prefabs, Instantiating an additional one.

Object Pool attached to GlobalPool has run out of Slash Impact R prefabs, Instantiating an additional one.

AddEventHandlerComponent: PlayMakerCollisionEnter2D

AddEventHandlerComponent: PlayMakerFixedUpdate

AddEventHandlerComponent: PlayMakerFixedUpdate

AddEventHandlerComponent: PlayMakerCollisionEnter2D

AddEventHandlerComponent: PlayMakerFixedUpdate

AddEventHandlerComponent: PlayMakerFixedUpdate

AddEventHandlerComponent: PlayMakerFixedUpdate

AddEventHandlerComponent: PlayMakerFixedUpdate

AddEventHandlerComponent: PlayMakerFixedUpdate

Persistent Bool Item (Vine Platform (3)) does not have a PlayMakerFSM attached to read state from.

Persistent Bool Item (Vine Platform (2)) does not have a PlayMakerFSM attached to read state from.

Persistent Bool Item (Vine Platform (1)) does not have a PlayMakerFSM attached to read state from.

Persistent Bool Item (Vine Platform) does not have a PlayMakerFSM attached to read state from.

Deferring level start (marked as manual).

Object Pool attached to GlobalPool has run out of Plat Grass prefabs, Instantiating an additional one.

Object Pool attached to GlobalPool has run out of Plat Grass prefabs, Instantiating an additional one.

Object Pool attached to GlobalPool has run out of Plat Grass prefabs, Instantiating an additional one.

Object Pool attached to GlobalPool has run out of Plat Grass prefabs, Instantiating an additional one.

Object Pool attached to GlobalPool has run out of Plat Grass prefabs, Instantiating an additional one.

Object Pool attached to GlobalPool has run out of Plat Grass prefabs, Instantiating an additional one.

Object Pool attached to GlobalPool has run out of Plat Grass prefabs, Instantiating an additional one.

Object Pool attached to GlobalPool has run out of Plat Grass prefabs, Instantiating an additional one.

Object Pool attached to GlobalPool has run out of Plat Grass prefabs, Instantiating an additional one.

Object Pool attached to GlobalPool has run out of Plat Grass prefabs, Instantiating an additional one.

Object Pool attached to GlobalPool has run out of Plat Grass prefabs, Instantiating an additional one.

AddEventHandlerComponent: PlayMakerFixedUpdate

AddEventHandlerComponent: PlayMakerFixedUpdate

Object Pool attached to GlobalPool has run out of Run Effects prefabs, Instantiating an additional one.

AddEventHandlerComponent: PlayMakerFixedUpdate

AddEventHandlerComponent: PlayMakerCollisionEnter2D

AddEventHandlerComponent: PlayMakerFixedUpdate

AddEventHandlerComponent: PlayMakerFixedUpdate

AddEventHandlerComponent: PlayMakerCollisionEnter2D

AddEventHandlerComponent: PlayMakerFixedUpdate

AddEventHandlerComponent: PlayMakerFixedUpdate

AddEventHandlerComponent: PlayMakerFixedUpdate

AddEventHandlerComponent: PlayMakerFixedUpdate

AddEventHandlerComponent: PlayMakerCollisionEnter2D

AddEventHandlerComponent: PlayMakerFixedUpdate

AddEventHandlerComponent: PlayMakerFixedUpdate

AddEventHandlerComponent: PlayMakerCollisionEnter2D

AddEventHandlerComponent: PlayMakerFixedUpdate

AddEventHandlerComponent: PlayMakerFixedUpdate

AddEventHandlerComponent: PlayMakerFixedUpdate

AddEventHandlerComponent: PlayMakerFixedUpdate

Persistent Bool Item (Vine Platform (1)) does not have a PlayMakerFSM attached to read state from.

Persistent Bool Item (Vine Platform (4)) does not have a PlayMakerFSM attached to read state from.

Persistent Bool Item (Vine Platform (3)) does not have a PlayMakerFSM attached to read state from.

Persistent Bool Item (Vine Platform (5)) does not have a PlayMakerFSM attached to read state from.

Persistent Bool Item (Vine Platform (2)) does not have a PlayMakerFSM attached to read state from.

Persistent Bool Item (Vine Platform) does not have a PlayMakerFSM attached to read state from.

Persistent Bool Item (Vine Platform (6)) does not have a PlayMakerFSM attached to read state from.

Deferring level start (marked as manual).

AddEventHandlerComponent: PlayMakerFixedUpdate

Object Pool attached to GlobalPool has run out of Run Effects prefabs, Instantiating an additional one.

AddEventHandlerComponent: PlayMakerFixedUpdate

AddEventHandlerComponent: PlayMakerFixedUpdate

AddEventHandlerComponent: PlayMakerFixedUpdate

AddEventHandlerComponent: PlayMakerCollisionEnter2D

AddEventHandlerComponent: PlayMakerFixedUpdate

Deferring level start (marked as manual).

AddEventHandlerComponent: PlayMakerFixedUpdate

AddEventHandlerComponent: PlayMakerFixedUpdate

AddEventHandlerComponent: PlayMakerFixedUpdate

AddEventHandlerComponent: PlayMakerFixedUpdate

AddEventHandlerComponent: PlayMakerFixedUpdate

AddEventHandlerComponent: PlayMakerFixedUpdate

AddEventHandlerComponent: PlayMakerFixedUpdate

AddEventHandlerComponent: PlayMakerFixedUpdate

AddEventHandlerComponent: PlayMakerFixedUpdate

AddEventHandlerComponent: PlayMakerFixedUpdate

AddEventHandlerComponent: PlayMakerFixedUpdate

AddEventHandlerComponent: PlayMakerFixedUpdate

AddEventHandlerComponent: PlayMakerFixedUpdate

AddEventHandlerComponent: PlayMakerFixedUpdate

AddEventHandlerComponent: PlayMakerFixedUpdate

AddEventHandlerComponent: PlayMakerFixedUpdate

AddEventHandlerComponent: PlayMakerFixedUpdate

AddEventHandlerComponent: PlayMakerFixedUpdate

AddEventHandlerComponent: PlayMakerFixedUpdate

AddEventHandlerComponent: PlayMakerFixedUpdate

AddEventHandlerComponent: PlayMakerFixedUpdate

Deferring level start (marked as manual).

AddEventHandlerComponent: PlayMakerFixedUpdate

AddEventHandlerComponent: PlayMakerFixedUpdate

AddEventHandlerComponent: PlayMakerFixedUpdate

AddEventHandlerComponent: PlayMakerFixedUpdate

AddEventHandlerComponent: PlayMakerFixedUpdate

AddEventHandlerComponent: PlayMakerFixedUpdate

AddEventHandlerComponent: PlayMakerFixedUpdate

AddEventHandlerComponent: PlayMakerFixedUpdate

AddEventHandlerComponent: PlayMakerFixedUpdate

AddEventHandlerComponent: PlayMakerFixedUpdate

AddEventHandlerComponent: PlayMakerFixedUpdate

AddEventHandlerComponent: PlayMakerFixedUpdate

AddEventHandlerComponent: PlayMakerFixedUpdate

AddEventHandlerComponent: PlayMakerFixedUpdate

AddEventHandlerComponent: PlayMakerFixedUpdate

Deferring level start (marked as manual).

AddEventHandlerComponent: PlayMakerFixedUpdate

AddEventHandlerComponent: PlayMakerFixedUpdate

Deferring level start (marked as manual).

Using fallback 1 to find tilemap. Scene Crossroads_11_alt requires manual fixing.

AddEventHandlerComponent: PlayMakerFixedUpdate

AddEventHandlerComponent: PlayMakerCollisionStay

AddEventHandlerComponent: PlayMakerCollisionEnter2D

AddEventHandlerComponent: PlayMakerCollisionStay2D

AddEventHandlerComponent: PlayMakerFixedUpdate

AddEventHandlerComponent: PlayMakerCollisionStay

AddEventHandlerComponent: PlayMakerCollisionEnter2D

AddEventHandlerComponent: PlayMakerCollisionStay2D

AddEventHandlerComponent: PlayMakerFixedUpdate

AddEventHandlerComponent: PlayMakerCollisionStay

AddEventHandlerComponent: PlayMakerCollisionEnter2D

AddEventHandlerComponent: PlayMakerCollisionStay2D

AddEventHandlerComponent: PlayMakerFixedUpdate

AddEventHandlerComponent: PlayMakerCollisionStay

AddEventHandlerComponent: PlayMakerCollisionEnter2D

AddEventHandlerComponent: PlayMakerCollisionStay2D

AddEventHandlerComponent: PlayMakerFixedUpdate

AddEventHandlerComponent: PlayMakerCollisionStay

AddEventHandlerComponent: PlayMakerCollisionEnter2D

AddEventHandlerComponent: PlayMakerCollisionStay2D

AddEventHandlerComponent: PlayMakerFixedUpdate

AddEventHandlerComponent: PlayMakerCollisionStay

AddEventHandlerComponent: PlayMakerCollisionEnter2D

AddEventHandlerComponent: PlayMakerCollisionStay2D

AddEventHandlerComponent: PlayMakerFixedUpdate

AddEventHandlerComponent: PlayMakerCollisionStay

AddEventHandlerComponent: PlayMakerCollisionEnter2D

AddEventHandlerComponent: PlayMakerCollisionStay2D

AddEventHandlerComponent: PlayMakerFixedUpdate

AddEventHandlerComponent: PlayMakerCollisionStay

AddEventHandlerComponent: PlayMakerCollisionEnter2D

AddEventHandlerComponent: PlayMakerCollisionStay2D

AddEventHandlerComponent: PlayMakerFixedUpdate

AddEventHandlerComponent: PlayMakerCollisionStay

AddEventHandlerComponent: PlayMakerCollisionEnter2D

AddEventHandlerComponent: PlayMakerCollisionStay2D

AddEventHandlerComponent: PlayMakerFixedUpdate

Deferring level start (marked as manual).

AddEventHandlerComponent: PlayMakerFixedUpdate

AddEventHandlerComponent: PlayMakerFixedUpdate

Deferring level start (marked as manual).

AddEventHandlerComponent: PlayMakerFixedUpdate

AddEventHandlerComponent: PlayMakerFixedUpdate

AddEventHandlerComponent: PlayMakerFixedUpdate

AddEventHandlerComponent: PlayMakerFixedUpdate

Deferring level start (marked as manual).

AddEventHandlerComponent: PlayMakerFixedUpdate

Deferring level start (marked as manual).

Object Pool attached to GlobalPool has run out of Particle Rock Small prefabs, Instantiating an additional one.

AddEventHandlerComponent: PlayMakerFixedUpdate

AddEventHandlerComponent: PlayMakerFixedUpdate

AddEventHandlerComponent: PlayMakerFixedUpdate

AddEventHandlerComponent: PlayMakerFixedUpdate

Deferring level start (marked as manual).

AddEventHandlerComponent: PlayMakerFixedUpdate

AddEventHandlerComponent: PlayMakerFixedUpdate

AddEventHandlerComponent: PlayMakerFixedUpdate

AddEventHandlerComponent: PlayMakerFixedUpdate

Object Pool attached to GlobalPool could not find a copy of Spore Plat Dust, Instantiating a new one.

AddEventHandlerComponent: PlayMakerFixedUpdate

AddEventHandlerComponent: PlayMakerFixedUpdate

AddEventHandlerComponent: PlayMakerFixedUpdate

AddEventHandlerComponent: PlayMakerFixedUpdate

AddEventHandlerComponent: PlayMakerFixedUpdate

AddEventHandlerComponent: PlayMakerFixedUpdate

AddEventHandlerComponent: PlayMakerFixedUpdate

AddEventHandlerComponent: PlayMakerFixedUpdate

AddEventHandlerComponent: PlayMakerFixedUpdate

AddEventHandlerComponent: PlayMakerFixedUpdate

AddEventHandlerComponent: PlayMakerFixedUpdate

AddEventHandlerComponent: PlayMakerFixedUpdate

AddEventHandlerComponent: PlayMakerFixedUpdate

AddEventHandlerComponent: PlayMakerFixedUpdate

AddEventHandlerComponent: PlayMakerFixedUpdate

AddEventHandlerComponent: PlayMakerFixedUpdate

AddEventHandlerComponent: PlayMakerFixedUpdate

AddEventHandlerComponent: PlayMakerFixedUpdate

AddEventHandlerComponent: PlayMakerFixedUpdate

Object Pool attached to GlobalPool has run out of Spore Plat Dust prefabs, Instantiating an additional one.

AddEventHandlerComponent: PlayMakerFixedUpdate

AddEventHandlerComponent: PlayMakerFixedUpdate

AddEventHandlerComponent: PlayMakerFixedUpdate

Deferring level start (marked as manual).

AddEventHandlerComponent: PlayMakerFixedUpdate

AddEventHandlerComponent: PlayMakerFixedUpdate

AddEventHandlerComponent: PlayMakerFixedUpdate

AddEventHandlerComponent: PlayMakerFixedUpdate

Deferring level start (marked as manual).

AddEventHandlerComponent: PlayMakerFixedUpdate

AddEventHandlerComponent: PlayMakerFixedUpdate

AddEventHandlerComponent: PlayMakerFixedUpdate

AddEventHandlerComponent: PlayMakerFixedUpdate

AddEventHandlerComponent: PlayMakerFixedUpdate

AddEventHandlerComponent: PlayMakerFixedUpdate

AddEventHandlerComponent: PlayMakerFixedUpdate

Deferring level start (marked as manual).

PlayOneShot was called with a null AudioClip.

AddEventHandlerComponent: PlayMakerFixedUpdate

AddEventHandlerComponent: PlayMakerFixedUpdate

AddEventHandlerComponent: PlayMakerFixedUpdate

AddEventHandlerComponent: PlayMakerFixedUpdate

Deferring level start (marked as manual).

AddEventHandlerComponent: PlayMakerFixedUpdate

AddEventHandlerComponent: PlayMakerFixedUpdate

AddEventHandlerComponent: PlayMakerFixedUpdate

AddEventHandlerComponent: PlayMakerFixedUpdate

AddEventHandlerComponent: PlayMakerFixedUpdate

AddEventHandlerComponent: PlayMakerFixedUpdate

AddEventHandlerComponent: PlayMakerFixedUpdate

AddEventHandlerComponent: PlayMakerFixedUpdate

AddEventHandlerComponent: PlayMakerFixedUpdate

Deferring level start (marked as manual).

Could not find FSM: health_manager_enemy

Could not find FSM: health_manager_enemy

AddEventHandlerComponent: PlayMakerFixedUpdate

AddEventHandlerComponent: PlayMakerFixedUpdate

Object Pool attached to GlobalPool has run out of Fireball Top prefabs, Instantiating an additional one.

AddEventHandlerComponent: PlayMakerFixedUpdate

Could not find FSM: damages_hero

Could not find FSM: damages_hero

AddEventHandlerComponent: PlayMakerFixedUpdate

AddEventHandlerComponent: PlayMakerFixedUpdate

AddEventHandlerComponent: PlayMakerFixedUpdate

Could not find FSM: damages_hero

AddEventHandlerComponent: PlayMakerFixedUpdate

Could not find FSM: damages_hero

Could not find FSM: damages_hero

Object Pool attached to GlobalPool has run out of Vomit Glob NoiseFix prefabs, Instantiating an additional one.

AddEventHandlerComponent: PlayMakerFixedUpdate

Could not find FSM: damages_hero

Could not find FSM: damages_hero

Object Pool attached to GlobalPool has run out of Vomit Glob NoiseFix prefabs, Instantiating an additional one.

AddEventHandlerComponent: PlayMakerFixedUpdate

Could not find FSM: damages_hero

AddEventHandlerComponent: PlayMakerFixedUpdate

AddEventHandlerComponent: PlayMakerFixedUpdate

Object Pool attached to GlobalPool could not find a copy of Relic Get Msg, Instantiating a new one.

AddEventHandlerComponent: PlayMakerFixedUpdate

AddEventHandlerComponent: PlayMakerFixedUpdate

AddEventHandlerComponent: PlayMakerFixedUpdate

AddEventHandlerComponent: PlayMakerFixedUpdate

Deferring level start (marked as manual).

AddEventHandlerComponent: PlayMakerFixedUpdate

AddEventHandlerComponent: PlayMakerFixedUpdate

AddEventHandlerComponent: PlayMakerFixedUpdate

AddEventHandlerComponent: PlayMakerFixedUpdate

AddEventHandlerComponent: PlayMakerFixedUpdate

AddEventHandlerComponent: PlayMakerFixedUpdate

AddEventHandlerComponent: PlayMakerFixedUpdate

AddEventHandlerComponent: PlayMakerFixedUpdate

AddEventHandlerComponent: PlayMakerFixedUpdate

AddEventHandlerComponent: PlayMakerFixedUpdate

Deferring level start (marked as manual).

PlayOneShot was called with a null AudioClip.

AddEventHandlerComponent: PlayMakerFixedUpdate

AddEventHandlerComponent: PlayMakerFixedUpdate

AddEventHandlerComponent: PlayMakerFixedUpdate

AddEventHandlerComponent: PlayMakerFixedUpdate

AddEventHandlerComponent: PlayMakerFixedUpdate

AddEventHandlerComponent: PlayMakerFixedUpdate

AddEventHandlerComponent: PlayMakerFixedUpdate

AddEventHandlerComponent: PlayMakerFixedUpdate

AddEventHandlerComponent: PlayMakerFixedUpdate

AddEventHandlerComponent: PlayMakerFixedUpdate

AddEventHandlerComponent: PlayMakerFixedUpdate

AddEventHandlerComponent: PlayMakerFixedUpdate

AddEventHandlerComponent: PlayMakerFixedUpdate

AddEventHandlerComponent: PlayMakerFixedUpdate

AddEventHandlerComponent: PlayMakerFixedUpdate

AddEventHandlerComponent: PlayMakerFixedUpdate

AddEventHandlerComponent: PlayMakerFixedUpdate

AddEventHandlerComponent: PlayMakerFixedUpdate

AddEventHandlerComponent: PlayMakerFixedUpdate

AddEventHandlerComponent: PlayMakerFixedUpdate

Object Pool attached to GlobalPool has run out of Gas Projectile Quick prefabs, Instantiating an additional one.

AddEventHandlerComponent: PlayMakerFixedUpdate

Object Pool attached to GlobalPool has run out of Gas Projectile Quick prefabs, Instantiating an additional one.

AddEventHandlerComponent: PlayMakerFixedUpdate

Object Pool attached to GlobalPool has run out of Gas Projectile Quick prefabs, Instantiating an additional one.

AddEventHandlerComponent: PlayMakerFixedUpdate

Object Pool attached to GlobalPool has run out of Gas Projectile Quick prefabs, Instantiating an additional one.

AddEventHandlerComponent: PlayMakerFixedUpdate

Object Pool attached to GlobalPool has run out of Gas Projectile Quick prefabs, Instantiating an additional one.

AddEventHandlerComponent: PlayMakerFixedUpdate

Object Pool attached to GlobalPool has run out of Gas Projectile Quick prefabs, Instantiating an additional one.

AddEventHandlerComponent: PlayMakerFixedUpdate

Object Pool attached to GlobalPool has run out of Gas Projectile Quick prefabs, Instantiating an additional one.

AddEventHandlerComponent: PlayMakerFixedUpdate

Object Pool attached to GlobalPool has run out of Gas Projectile Quick prefabs, Instantiating an additional one.

AddEventHandlerComponent: PlayMakerFixedUpdate

Object Pool attached to GlobalPool has run out of Gas Projectile Quick prefabs, Instantiating an additional one.

AddEventHandlerComponent: PlayMakerFixedUpdate

Object Pool attached to GlobalPool has run out of Gas Projectile Quick prefabs, Instantiating an additional one.

AddEventHandlerComponent: PlayMakerFixedUpdate

Object Pool attached to GlobalPool has run out of Gas Projectile Quick prefabs, Instantiating an additional one.

AddEventHandlerComponent: PlayMakerFixedUpdate

Object Pool attached to GlobalPool has run out of Gas Projectile Quick prefabs, Instantiating an additional one.

AddEventHandlerComponent: PlayMakerFixedUpdate

Object Pool attached to GlobalPool has run out of Gas Projectile Quick prefabs, Instantiating an additional one.

AddEventHandlerComponent: PlayMakerFixedUpdate

Object Pool attached to GlobalPool has run out of Gas Projectile Quick prefabs, Instantiating an additional one.

AddEventHandlerComponent: PlayMakerFixedUpdate

Object Pool attached to GlobalPool has run out of Strike Nail R prefabs, Instantiating an additional one.

PlayOneShot was called with a null AudioClip.

Object Pool attached to GlobalPool has run out of Run Effects prefabs, Instantiating an additional one.

Object Pool attached to GlobalPool has run out of Run Effects prefabs, Instantiating an additional one.

Object Pool attached to GlobalPool has run out of Run Effects prefabs, Instantiating an additional one.

PlayOneShot was called with a null AudioClip.

PlayOneShot was called with a null AudioClip.

AddEventHandlerComponent: PlayMakerFixedUpdate

AddEventHandlerComponent: PlayMakerFixedUpdate

AddEventHandlerComponent: PlayMakerFixedUpdate

AddEventHandlerComponent: PlayMakerFixedUpdate

AddEventHandlerComponent: PlayMakerFixedUpdate

Deferring level start (marked as manual).

AddEventHandlerComponent: PlayMakerFixedUpdate

AddEventHandlerComponent: PlayMakerFixedUpdate

AddEventHandlerComponent: PlayMakerFixedUpdate

AddEventHandlerComponent: PlayMakerFixedUpdate

AddEventHandlerComponent: PlayMakerFixedUpdate

AddEventHandlerComponent: PlayMakerFixedUpdate

AddEventHandlerComponent: PlayMakerFixedUpdate

AddEventHandlerComponent: PlayMakerFixedUpdate

AddEventHandlerComponent: PlayMakerFixedUpdate

AddEventHandlerComponent: PlayMakerFixedUpdate

AddEventHandlerComponent: PlayMakerFixedUpdate

AddEventHandlerComponent: PlayMakerFixedUpdate

AddEventHandlerComponent: PlayMakerFixedUpdate

AddEventHandlerComponent: PlayMakerFixedUpdate

AddEventHandlerComponent: PlayMakerFixedUpdate

AddEventHandlerComponent: PlayMakerFixedUpdate

AddEventHandlerComponent: PlayMakerFixedUpdate

AddEventHandlerComponent: PlayMakerFixedUpdate

AddEventHandlerComponent: PlayMakerFixedUpdate

AddEventHandlerComponent: PlayMakerFixedUpdate

PlayOneShot was called with a null AudioClip.

AddEventHandlerComponent: PlayMakerFixedUpdate

PlayOneShot was called with a null AudioClip.

PlayOneShot was called with a null AudioClip.

AddEventHandlerComponent: PlayMakerFixedUpdate

PlayOneShot was called with a null AudioClip.

PlayOneShot was called with a null AudioClip.

AddEventHandlerComponent: PlayMakerFixedUpdate

PlayOneShot was called with a null AudioClip.

AddEventHandlerComponent: PlayMakerFixedUpdate

AddEventHandlerComponent: PlayMakerFixedUpdate

Deferring level start (marked as manual).

AddEventHandlerComponent: PlayMakerFixedUpdate

AddEventHandlerComponent: PlayMakerFixedUpdate

AddEventHandlerComponent: PlayMakerFixedUpdate

AddEventHandlerComponent: PlayMakerFixedUpdate

AddEventHandlerComponent: PlayMakerFixedUpdate

Deferring level start (marked as manual).

AddEventHandlerComponent: PlayMakerFixedUpdate

PlayOneShot was called with a null AudioClip.

AddEventHandlerComponent: PlayMakerFixedUpdate

AddEventHandlerComponent: PlayMakerFixedUpdate

Deferring level start (marked as manual).

AddEventHandlerComponent: PlayMakerFixedUpdate

AddEventHandlerComponent: PlayMakerFixedUpdate

AddEventHandlerComponent: PlayMakerFixedUpdate

Deferring level start (marked as manual).

Object Pool attached to GlobalPool could not find a copy of Bounce Spore Hero, Instantiating a new one.

Object Pool attached to GlobalPool has run out of Bounce Spore Hero prefabs, Instantiating an additional one.

PlayerData: Could not find field named , check variable name exists and FSM variable string is correct.

AddEventHandlerComponent: PlayMakerFixedUpdate

AddEventHandlerComponent: PlayMakerFixedUpdate

AddEventHandlerComponent: PlayMakerFixedUpdate

Deferring level start (marked as manual).

AddEventHandlerComponent: PlayMakerFixedUpdate

Bump Height: 0.2113533

PlayOneShot was called with a null AudioClip.

AddEventHandlerComponent: PlayMakerFixedUpdate

AddEventHandlerComponent: PlayMakerFixedUpdate

AddEventHandlerComponent: PlayMakerFixedUpdate

AddEventHandlerComponent: PlayMakerFixedUpdate

AddEventHandlerComponent: PlayMakerFixedUpdate

AddEventHandlerComponent: PlayMakerFixedUpdate

AddEventHandlerComponent: PlayMakerFixedUpdate

AddEventHandlerComponent: PlayMakerFixedUpdate

AddEventHandlerComponent: PlayMakerFixedUpdate

AddEventHandlerComponent: PlayMakerFixedUpdate

AddEventHandlerComponent: PlayMakerFixedUpdate

AddEventHandlerComponent: PlayMakerFixedUpdate

AddEventHandlerComponent: PlayMakerFixedUpdate

PlayOneShot was called with a null AudioClip.

AddEventHandlerComponent: PlayMakerFixedUpdate

AddEventHandlerComponent: PlayMakerFixedUpdate

AddEventHandlerComponent: PlayMakerFixedUpdate

AddEventHandlerComponent: PlayMakerFixedUpdate

AddEventHandlerComponent: PlayMakerFixedUpdate

AddEventHandlerComponent: PlayMakerFixedUpdate

AddEventHandlerComponent: PlayMakerFixedUpdate

AddEventHandlerComponent: PlayMakerFixedUpdate

AddEventHandlerComponent: PlayMakerFixedUpdate

AddEventHandlerComponent: PlayMakerFixedUpdate

AddEventHandlerComponent: PlayMakerFixedUpdate

AddEventHandlerComponent: PlayMakerFixedUpdate

AddEventHandlerComponent: PlayMakerFixedUpdate

AddEventHandlerComponent: PlayMakerFixedUpdate

AddEventHandlerComponent: PlayMakerFixedUpdate

AddEventHandlerComponent: PlayMakerFixedUpdate

AddEventHandlerComponent: PlayMakerFixedUpdate

AddEventHandlerComponent: PlayMakerFixedUpdate

AddEventHandlerComponent: PlayMakerFixedUpdate

AddEventHandlerComponent: PlayMakerFixedUpdate

Deferring level start (marked as manual).

AddEventHandlerComponent: PlayMakerFixedUpdate

AddEventHandlerComponent: PlayMakerFixedUpdate

AddEventHandlerComponent: PlayMakerFixedUpdate

AddEventHandlerComponent: PlayMakerFixedUpdate

AddEventHandlerComponent: PlayMakerFixedUpdate

AddEventHandlerComponent: PlayMakerFixedUpdate

AddEventHandlerComponent: PlayMakerFixedUpdate

AddEventHandlerComponent: PlayMakerFixedUpdate

AddEventHandlerComponent: PlayMakerFixedUpdate

AddEventHandlerComponent: PlayMakerFixedUpdate

AddEventHandlerComponent: PlayMakerFixedUpdate

AddEventHandlerComponent: PlayMakerFixedUpdate

AddEventHandlerComponent: PlayMakerFixedUpdate

AddEventHandlerComponent: PlayMakerFixedUpdate

AddEventHandlerComponent: PlayMakerFixedUpdate

Deferring level start (marked as manual).

AddEventHandlerComponent: PlayMakerFixedUpdate

PlayOneShot was called with a null AudioClip.

AddEventHandlerComponent: PlayMakerFixedUpdate

AddEventHandlerComponent: PlayMakerFixedUpdate

AddEventHandlerComponent: PlayMakerFixedUpdate

AddEventHandlerComponent: PlayMakerFixedUpdate

AddEventHandlerComponent: PlayMakerFixedUpdate

AddEventHandlerComponent: PlayMakerFixedUpdate

AddEventHandlerComponent: PlayMakerFixedUpdate

AddEventHandlerComponent: PlayMakerFixedUpdate

AddEventHandlerComponent: PlayMakerFixedUpdate

Deferring level start (marked as manual).

AddEventHandlerComponent: PlayMakerFixedUpdate

AddEventHandlerComponent: PlayMakerFixedUpdate

AddEventHandlerComponent: PlayMakerFixedUpdate

AddEventHandlerComponent: PlayMakerFixedUpdate

AddEventHandlerComponent: PlayMakerFixedUpdate

AddEventHandlerComponent: PlayMakerFixedUpdate

AddEventHandlerComponent: PlayMakerFixedUpdate

AddEventHandlerComponent: PlayMakerFixedUpdate

AddEventHandlerComponent: PlayMakerFixedUpdate

AddEventHandlerComponent: PlayMakerFixedUpdate

AddEventHandlerComponent: PlayMakerFixedUpdate

AddEventHandlerComponent: PlayMakerFixedUpdate

AddEventHandlerComponent: PlayMakerFixedUpdate

AddEventHandlerComponent: PlayMakerFixedUpdate

AddEventHandlerComponent: PlayMakerFixedUpdate

AddEventHandlerComponent: PlayMakerFixedUpdate

AddEventHandlerComponent: PlayMakerFixedUpdate

AddEventHandlerComponent: PlayMakerFixedUpdate

AddEventHandlerComponent: PlayMakerFixedUpdate

AddEventHandlerComponent: PlayMakerFixedUpdate

AddEventHandlerComponent: PlayMakerFixedUpdate

AddEventHandlerComponent: PlayMakerFixedUpdate

AddEventHandlerComponent: PlayMakerFixedUpdate

AddEventHandlerComponent: PlayMakerFixedUpdate

AddEventHandlerComponent: PlayMakerFixedUpdate

AddEventHandlerComponent: PlayMakerFixedUpdate

AddEventHandlerComponent: PlayMakerFixedUpdate

AddEventHandlerComponent: PlayMakerFixedUpdate

AddEventHandlerComponent: PlayMakerFixedUpdate

AddEventHandlerComponent: PlayMakerFixedUpdate

AddEventHandlerComponent: PlayMakerFixedUpdate

AddEventHandlerComponent: PlayMakerFixedUpdate

AddEventHandlerComponent: PlayMakerFixedUpdate

AddEventHandlerComponent: PlayMakerFixedUpdate

AddEventHandlerComponent: PlayMakerFixedUpdate

Object Pool attached to GlobalPool could not find a copy of Uninfected Hit Pt, Instantiating a new one.

Object Pool attached to GlobalPool has run out of Slash Effect Ghost1 prefabs, Instantiating an additional one.

Object Pool attached to GlobalPool has run out of Slash Effect Ghost1 prefabs, Instantiating an additional one.

Object Pool attached to GlobalPool has run out of Slash Effect Ghost1 prefabs, Instantiating an additional one.

Object Pool attached to GlobalPool has run out of Slash Effect Ghost1 prefabs, Instantiating an additional one.

Object Pool attached to GlobalPool has run out of Slash Effect Ghost1 prefabs, Instantiating an additional one.

AddEventHandlerComponent: PlayMakerFixedUpdate

AddEventHandlerComponent: PlayMakerFixedUpdate

AddEventHandlerComponent: PlayMakerFixedUpdate

AddEventHandlerComponent: PlayMakerFixedUpdate

AddEventHandlerComponent: PlayMakerFixedUpdate

AddEventHandlerComponent: PlayMakerFixedUpdate

AddEventHandlerComponent: PlayMakerFixedUpdate

AddEventHandlerComponent: PlayMakerFixedUpdate

AddEventHandlerComponent: PlayMakerFixedUpdate

AddEventHandlerComponent: PlayMakerFixedUpdate

AddEventHandlerComponent: PlayMakerFixedUpdate

AddEventHandlerComponent: PlayMakerFixedUpdate

AddEventHandlerComponent: PlayMakerFixedUpdate

AddEventHandlerComponent: PlayMakerFixedUpdate

AddEventHandlerComponent: PlayMakerFixedUpdate

AddEventHandlerComponent: PlayMakerFixedUpdate

AddEventHandlerComponent: PlayMakerFixedUpdate

AddEventHandlerComponent: PlayMakerFixedUpdate

AddEventHandlerComponent: PlayMakerFixedUpdate

AddEventHandlerComponent: PlayMakerFixedUpdate

AddEventHandlerComponent: PlayMakerFixedUpdate

AddEventHandlerComponent: PlayMakerFixedUpdate

AddEventHandlerComponent: PlayMakerFixedUpdate

AddEventHandlerComponent: PlayMakerFixedUpdate

Bump Height: 0.09180784

Object Pool attached to GlobalPool has run out of Strike Nail R prefabs, Instantiating an additional one.

Object Pool attached to GlobalPool has run out of Uninfected Hit Pt prefabs, Instantiating an additional one.

AddEventHandlerComponent: PlayMakerFixedUpdate

AddEventHandlerComponent: PlayMakerFixedUpdate

AddEventHandlerComponent: PlayMakerFixedUpdate

AddEventHandlerComponent: PlayMakerFixedUpdate

AddEventHandlerComponent: PlayMakerFixedUpdate

AddEventHandlerComponent: PlayMakerFixedUpdate

AddEventHandlerComponent: PlayMakerFixedUpdate

AddEventHandlerComponent: PlayMakerFixedUpdate

AddEventHandlerComponent: PlayMakerFixedUpdate

AddEventHandlerComponent: PlayMakerFixedUpdate

Deferring level start (marked as manual).

AddEventHandlerComponent: PlayMakerFixedUpdate

AddEventHandlerComponent: PlayMakerFixedUpdate

AddEventHandlerComponent: PlayMakerFixedUpdate

AddEventHandlerComponent: PlayMakerFixedUpdate

AddEventHandlerComponent: PlayMakerFixedUpdate

AddEventHandlerComponent: PlayMakerFixedUpdate

AddEventHandlerComponent: PlayMakerFixedUpdate

AddEventHandlerComponent: PlayMakerFixedUpdate

AddEventHandlerComponent: PlayMakerFixedUpdate

AddEventHandlerComponent: PlayMakerFixedUpdate

AddEventHandlerComponent: PlayMakerFixedUpdate

AddEventHandlerComponent: PlayMakerFixedUpdate

AddEventHandlerComponent: PlayMakerFixedUpdate

AddEventHandlerComponent: PlayMakerFixedUpdate

AddEventHandlerComponent: PlayMakerFixedUpdate

AddEventHandlerComponent: PlayMakerFixedUpdate

AddEventHandlerComponent: PlayMakerFixedUpdate

AddEventHandlerComponent: PlayMakerFixedUpdate

AddEventHandlerComponent: PlayMakerFixedUpdate

AddEventHandlerComponent: PlayMakerFixedUpdate

AddEventHandlerComponent: PlayMakerFixedUpdate

AddEventHandlerComponent: PlayMakerFixedUpdate

AddEventHandlerComponent: PlayMakerFixedUpdate

AddEventHandlerComponent: PlayMakerFixedUpdate

AddEventHandlerComponent: PlayMakerFixedUpdate

AddEventHandlerComponent: PlayMakerFixedUpdate

AddEventHandlerComponent: PlayMakerFixedUpdate

AddEventHandlerComponent: PlayMakerFixedUpdate

AddEventHandlerComponent: PlayMakerFixedUpdate

AddEventHandlerComponent: PlayMakerFixedUpdate

AddEventHandlerComponent: PlayMakerFixedUpdate

AddEventHandlerComponent: PlayMakerFixedUpdate

AddEventHandlerComponent: PlayMakerFixedUpdate

AddEventHandlerComponent: PlayMakerFixedUpdate

AddEventHandlerComponent: PlayMakerFixedUpdate

AddEventHandlerComponent: PlayMakerFixedUpdate

AddEventHandlerComponent: PlayMakerFixedUpdate

AddEventHandlerComponent: PlayMakerFixedUpdate

AddEventHandlerComponent: PlayMakerFixedUpdate

AddEventHandlerComponent: PlayMakerFixedUpdate

AddEventHandlerComponent: PlayMakerFixedUpdate

AddEventHandlerComponent: PlayMakerFixedUpdate

AddEventHandlerComponent: PlayMakerFixedUpdate

AddEventHandlerComponent: PlayMakerFixedUpdate

AddEventHandlerComponent: PlayMakerFixedUpdate

AddEventHandlerComponent: PlayMakerFixedUpdate

AddEventHandlerComponent: PlayMakerFixedUpdate

AddEventHandlerComponent: PlayMakerFixedUpdate

AddEventHandlerComponent: PlayMakerFixedUpdate

AddEventHandlerComponent: PlayMakerFixedUpdate

AddEventHandlerComponent: PlayMakerFixedUpdate

AddEventHandlerComponent: PlayMakerFixedUpdate

AddEventHandlerComponent: PlayMakerFixedUpdate

Persistent Bool Item - Couldn't reset value on FSM because it's missing.

Persistent Bool Item - Couldn't reset value on FSM because it's missing.

Persistent Bool Item - Couldn't reset value on FSM because it's missing.

AddEventHandlerComponent: PlayMakerFixedUpdate

AddEventHandlerComponent: PlayMakerFixedUpdate

AddEventHandlerComponent: PlayMakerFixedUpdate

AddEventHandlerComponent: PlayMakerFixedUpdate

AddEventHandlerComponent: PlayMakerFixedUpdate

AddEventHandlerComponent: PlayMakerFixedUpdate

AddEventHandlerComponent: PlayMakerFixedUpdate

AddEventHandlerComponent: PlayMakerFixedUpdate

AddEventHandlerComponent: PlayMakerFixedUpdate

AddEventHandlerComponent: PlayMakerFixedUpdate

AddEventHandlerComponent: PlayMakerFixedUpdate

AddEventHandlerComponent: PlayMakerFixedUpdate

AddEventHandlerComponent: PlayMakerFixedUpdate

AddEventHandlerComponent: PlayMakerFixedUpdate

AddEventHandlerComponent: PlayMakerFixedUpdate

AddEventHandlerComponent: PlayMakerFixedUpdate

AddEventHandlerComponent: PlayMakerFixedUpdate

AddEventHandlerComponent: PlayMakerFixedUpdate

AddEventHandlerComponent: PlayMakerFixedUpdate

AddEventHandlerComponent: PlayMakerFixedUpdate

AddEventHandlerComponent: PlayMakerFixedUpdate

AddEventHandlerComponent: PlayMakerFixedUpdate

AddEventHandlerComponent: PlayMakerFixedUpdate

AddEventHandlerComponent: PlayMakerFixedUpdate

AddEventHandlerComponent: PlayMakerFixedUpdate

AddEventHandlerComponent: PlayMakerFixedUpdate

AddEventHandlerComponent: PlayMakerFixedUpdate

AddEventHandlerComponent: PlayMakerFixedUpdate

Deferring level start (marked as manual).

AddEventHandlerComponent: PlayMakerFixedUpdate

AddEventHandlerComponent: PlayMakerFixedUpdate

AddEventHandlerComponent: PlayMakerFixedUpdate

AddEventHandlerComponent: PlayMakerFixedUpdate

AddEventHandlerComponent: PlayMakerFixedUpdate

AddEventHandlerComponent: PlayMakerFixedUpdate

AddEventHandlerComponent: PlayMakerFixedUpdate

AddEventHandlerComponent: PlayMakerFixedUpdate

AddEventHandlerComponent: PlayMakerFixedUpdate

AddEventHandlerComponent: PlayMakerFixedUpdate

AddEventHandlerComponent: PlayMakerFixedUpdate

AddEventHandlerComponent: PlayMakerFixedUpdate

AddEventHandlerComponent: PlayMakerFixedUpdate

AddEventHandlerComponent: PlayMakerFixedUpdate

AddEventHandlerComponent: PlayMakerFixedUpdate

AddEventHandlerComponent: PlayMakerFixedUpdate

AddEventHandlerComponent: PlayMakerFixedUpdate

AddEventHandlerComponent: PlayMakerFixedUpdate

AddEventHandlerComponent: PlayMakerFixedUpdate

AddEventHandlerComponent: PlayMakerFixedUpdate

AddEventHandlerComponent: PlayMakerFixedUpdate

AddEventHandlerComponent: PlayMakerFixedUpdate

AddEventHandlerComponent: PlayMakerFixedUpdate

AddEventHandlerComponent: PlayMakerFixedUpdate

AddEventHandlerComponent: PlayMakerFixedUpdate

AddEventHandlerComponent: PlayMakerFixedUpdate

AddEventHandlerComponent: PlayMakerFixedUpdate

AddEventHandlerComponent: PlayMakerFixedUpdate

AddEventHandlerComponent: PlayMakerFixedUpdate

AddEventHandlerComponent: PlayMakerFixedUpdate

AddEventHandlerComponent: PlayMakerFixedUpdate

AddEventHandlerComponent: PlayMakerFixedUpdate

AddEventHandlerComponent: PlayMakerFixedUpdate

AddEventHandlerComponent: PlayMakerFixedUpdate

AddEventHandlerComponent: PlayMakerFixedUpdate

AddEventHandlerComponent: PlayMakerFixedUpdate

AddEventHandlerComponent: PlayMakerFixedUpdate

AddEventHandlerComponent: PlayMakerFixedUpdate

AddEventHandlerComponent: PlayMakerFixedUpdate

AddEventHandlerComponent: PlayMakerFixedUpdate

AddEventHandlerComponent: PlayMakerFixedUpdate

AddEventHandlerComponent: PlayMakerFixedUpdate

AddEventHandlerComponent: PlayMakerFixedUpdate

Object Pool attached to GlobalPool could not find a copy of Audio Player NoDestroy, Instantiating a new one.

AddEventHandlerComponent: PlayMakerFixedUpdate

AddEventHandlerComponent: PlayMakerFixedUpdate

AddEventHandlerComponent: PlayMakerFixedUpdate

AddEventHandlerComponent: PlayMakerFixedUpdate

AddEventHandlerComponent: PlayMakerFixedUpdate

AddEventHandlerComponent: PlayMakerFixedUpdate

AddEventHandlerComponent: PlayMakerFixedUpdate

AddEventHandlerComponent: PlayMakerFixedUpdate

AddEventHandlerComponent: PlayMakerFixedUpdate

AddEventHandlerComponent: PlayMakerFixedUpdate

AddEventHandlerComponent: PlayMakerFixedUpdate

AddEventHandlerComponent: PlayMakerFixedUpdate

AddEventHandlerComponent: PlayMakerFixedUpdate

AddEventHandlerComponent: PlayMakerFixedUpdate

AddEventHandlerComponent: PlayMakerFixedUpdate

AddEventHandlerComponent: PlayMakerFixedUpdate

AddEventHandlerComponent: PlayMakerFixedUpdate

Deferring level start (marked as manual).

AddEventHandlerComponent: PlayMakerFixedUpdate

AddEventHandlerComponent: PlayMakerFixedUpdate

AddEventHandlerComponent: PlayMakerFixedUpdate

AddEventHandlerComponent: PlayMakerFixedUpdate

AddEventHandlerComponent: PlayMakerFixedUpdate

AddEventHandlerComponent: PlayMakerFixedUpdate

AddEventHandlerComponent: PlayMakerFixedUpdate

AddEventHandlerComponent: PlayMakerFixedUpdate

AddEventHandlerComponent: PlayMakerFixedUpdate

AddEventHandlerComponent: PlayMakerFixedUpdate

AddEventHandlerComponent: PlayMakerFixedUpdate

AddEventHandlerComponent: PlayMakerFixedUpdate

AddEventHandlerComponent: PlayMakerFixedUpdate

AddEventHandlerComponent: PlayMakerFixedUpdate

AddEventHandlerComponent: PlayMakerFixedUpdate

AddEventHandlerComponent: PlayMakerFixedUpdate

AddEventHandlerComponent: PlayMakerFixedUpdate

AddEventHandlerComponent: PlayMakerFixedUpdate

AddEventHandlerComponent: PlayMakerFixedUpdate

AddEventHandlerComponent: PlayMakerFixedUpdate

AddEventHandlerComponent: PlayMakerFixedUpdate

AddEventHandlerComponent: PlayMakerFixedUpdate

AddEventHandlerComponent: PlayMakerFixedUpdate

AddEventHandlerComponent: PlayMakerFixedUpdate

AddEventHandlerComponent: PlayMakerFixedUpdate

AddEventHandlerComponent: PlayMakerFixedUpdate

AddEventHandlerComponent: PlayMakerFixedUpdate

AddEventHandlerComponent: PlayMakerFixedUpdate

AddEventHandlerComponent: PlayMakerFixedUpdate

AddEventHandlerComponent: PlayMakerFixedUpdate

AddEventHandlerComponent: PlayMakerFixedUpdate

AddEventHandlerComponent: PlayMakerFixedUpdate

AddEventHandlerComponent: PlayMakerFixedUpdate

AddEventHandlerComponent: PlayMakerFixedUpdate

AddEventHandlerComponent: PlayMakerFixedUpdate

AddEventHandlerComponent: PlayMakerFixedUpdate

Additively loaded scene: Fungus2_15_boss in sequence

AddEventHandlerComponent: PlayMakerFixedUpdate

AddEventHandlerComponent: PlayMakerFixedUpdate

AddEventHandlerComponent: PlayMakerFixedUpdate

AddEventHandlerComponent: PlayMakerFixedUpdate

AddEventHandlerComponent: PlayMakerFixedUpdate

AddEventHandlerComponent: PlayMakerFixedUpdate

AddEventHandlerComponent: PlayMakerFixedUpdate

AddEventHandlerComponent: PlayMakerFixedUpdate

AddEventHandlerComponent: PlayMakerFixedUpdate

AddEventHandlerComponent: PlayMakerFixedUpdate

AddEventHandlerComponent: PlayMakerFixedUpdate

AddEventHandlerComponent: PlayMakerFixedUpdate

AddEventHandlerComponent: PlayMakerFixedUpdate

AddEventHandlerComponent: PlayMakerFixedUpdate

AddEventHandlerComponent: PlayMakerFixedUpdate

AddEventHandlerComponent: PlayMakerFixedUpdate

AddEventHandlerComponent: PlayMakerFixedUpdate

Could not find FSM: Hero Check

Could not find FSM: Hero Check

Object Pool attached to GlobalPool has run out of Audio Player NoDestroy prefabs, Instantiating an additional one.

Failed to retrieve achievement state for MANTIS_LORDS

Pushing achievement MANTIS_LORDS

Steam achievement MANTIS_LORDS (0/0) upload complete

AddEventHandlerComponent: PlayMakerFixedUpdate

AddEventHandlerComponent: PlayMakerFixedUpdate

AddEventHandlerComponent: PlayMakerFixedUpdate

AddEventHandlerComponent: PlayMakerFixedUpdate

AddEventHandlerComponent: PlayMakerFixedUpdate

AddEventHandlerComponent: PlayMakerFixedUpdate

AddEventHandlerComponent: PlayMakerFixedUpdate

AddEventHandlerComponent: PlayMakerFixedUpdate

AddEventHandlerComponent: PlayMakerFixedUpdate

AddEventHandlerComponent: PlayMakerFixedUpdate

AddEventHandlerComponent: PlayMakerFixedUpdate

Deferring level start (marked as manual).

Deferring level start (marked as manual).

AddEventHandlerComponent: PlayMakerFixedUpdate

AddEventHandlerComponent: PlayMakerFixedUpdate

AddEventHandlerComponent: PlayMakerFixedUpdate

AddEventHandlerComponent: PlayMakerFixedUpdate

Persistent Bool Item - Couldn't reset value on FSM because it's missing.

AddEventHandlerComponent: PlayMakerFixedUpdate

AddEventHandlerComponent: PlayMakerFixedUpdate

AddEventHandlerComponent: PlayMakerFixedUpdate

AddEventHandlerComponent: PlayMakerFixedUpdate

AddEventHandlerComponent: PlayMakerFixedUpdate

AddEventHandlerComponent: PlayMakerFixedUpdate

AddEventHandlerComponent: PlayMakerFixedUpdate

AddEventHandlerComponent: PlayMakerFixedUpdate

AddEventHandlerComponent: PlayMakerFixedUpdate

AddEventHandlerComponent: PlayMakerFixedUpdate

AddEventHandlerComponent: PlayMakerFixedUpdate

AddEventHandlerComponent: PlayMakerFixedUpdate

Deferring level start (marked as manual).

AddEventHandlerComponent: PlayMakerFixedUpdate

AddEventHandlerComponent: PlayMakerFixedUpdate

AddEventHandlerComponent: PlayMakerFixedUpdate

AddEventHandlerComponent: PlayMakerFixedUpdate

AddEventHandlerComponent: PlayMakerFixedUpdate

AddEventHandlerComponent: PlayMakerFixedUpdate

AddEventHandlerComponent: PlayMakerFixedUpdate

AddEventHandlerComponent: PlayMakerFixedUpdate

AddEventHandlerComponent: PlayMakerFixedUpdate

AddEventHandlerComponent: PlayMakerFixedUpdate

AddEventHandlerComponent: PlayMakerFixedUpdate

AddEventHandlerComponent: PlayMakerFixedUpdate

AddEventHandlerComponent: PlayMakerFixedUpdate

AddEventHandlerComponent: PlayMakerFixedUpdate

AddEventHandlerComponent: PlayMakerFixedUpdate

AddEventHandlerComponent: PlayMakerFixedUpdate

AddEventHandlerComponent: PlayMakerFixedUpdate

AddEventHandlerComponent: PlayMakerFixedUpdate

AddEventHandlerComponent: PlayMakerFixedUpdate

AddEventHandlerComponent: PlayMakerFixedUpdate

AddEventHandlerComponent: PlayMakerFixedUpdate

AddEventHandlerComponent: PlayMakerFixedUpdate

AddEventHandlerComponent: PlayMakerFixedUpdate

AddEventHandlerComponent: PlayMakerFixedUpdate

AddEventHandlerComponent: PlayMakerFixedUpdate

AddEventHandlerComponent: PlayMakerFixedUpdate

AddEventHandlerComponent: PlayMakerFixedUpdate

AddEventHandlerComponent: PlayMakerFixedUpdate

AddEventHandlerComponent: PlayMakerFixedUpdate

AddEventHandlerComponent: PlayMakerFixedUpdate

AddEventHandlerComponent: PlayMakerFixedUpdate

AddEventHandlerComponent: PlayMakerFixedUpdate

AddEventHandlerComponent: PlayMakerFixedUpdate

AddEventHandlerComponent: PlayMakerFixedUpdate

AddEventHandlerComponent: PlayMakerFixedUpdate

Additively loaded scene: Fungus2_15_boss_defeated in sequence

AddEventHandlerComponent: PlayMakerFixedUpdate

AddEventHandlerComponent: PlayMakerFixedUpdate

AddEventHandlerComponent: PlayMakerFixedUpdate

AddEventHandlerComponent: PlayMakerFixedUpdate

AddEventHandlerComponent: PlayMakerFixedUpdate

AddEventHandlerComponent: PlayMakerFixedUpdate

AddEventHandlerComponent: PlayMakerFixedUpdate

AddEventHandlerComponent: PlayMakerFixedUpdate

AddEventHandlerComponent: PlayMakerFixedUpdate

AddEventHandlerComponent: PlayMakerFixedUpdate

AddEventHandlerComponent: PlayMakerFixedUpdate

AddEventHandlerComponent: PlayMakerFixedUpdate

Deferring level start (marked as manual).

Deferring level start (marked as manual).

AddEventHandlerComponent: PlayMakerFixedUpdate

AddEventHandlerComponent: PlayMakerFixedUpdate

AddEventHandlerComponent: PlayMakerFixedUpdate

AddEventHandlerComponent: PlayMakerFixedUpdate

AddEventHandlerComponent: PlayMakerFixedUpdate

AddEventHandlerComponent: PlayMakerFixedUpdate

AddEventHandlerComponent: PlayMakerFixedUpdate

AddEventHandlerComponent: PlayMakerFixedUpdate

AddEventHandlerComponent: PlayMakerFixedUpdate

AddEventHandlerComponent: PlayMakerFixedUpdate

AddEventHandlerComponent: PlayMakerFixedUpdate

AddEventHandlerComponent: PlayMakerFixedUpdate

AddEventHandlerComponent: PlayMakerFixedUpdate

AddEventHandlerComponent: PlayMakerFixedUpdate

AddEventHandlerComponent: PlayMakerFixedUpdate

AddEventHandlerComponent: PlayMakerFixedUpdate

AddEventHandlerComponent: PlayMakerFixedUpdate

AddEventHandlerComponent: PlayMakerFixedUpdate

AddEventHandlerComponent: PlayMakerFixedUpdate

AddEventHandlerComponent: PlayMakerFixedUpdate

AddEventHandlerComponent: PlayMakerFixedUpdate

AddEventHandlerComponent: PlayMakerFixedUpdate

AddEventHandlerComponent: PlayMakerFixedUpdate

AddEventHandlerComponent: PlayMakerFixedUpdate

AddEventHandlerComponent: PlayMakerFixedUpdate

AddEventHandlerComponent: PlayMakerFixedUpdate

AddEventHandlerComponent: PlayMakerFixedUpdate

AddEventHandlerComponent: PlayMakerFixedUpdate

AddEventHandlerComponent: PlayMakerFixedUpdate

AddEventHandlerComponent: PlayMakerFixedUpdate

AddEventHandlerComponent: PlayMakerFixedUpdate

AddEventHandlerComponent: PlayMakerFixedUpdate

AddEventHandlerComponent: PlayMakerFixedUpdate

AddEventHandlerComponent: PlayMakerFixedUpdate

AddEventHandlerComponent: PlayMakerFixedUpdate

AddEventHandlerComponent: PlayMakerFixedUpdate

AddEventHandlerComponent: PlayMakerFixedUpdate

AddEventHandlerComponent: PlayMakerFixedUpdate

AddEventHandlerComponent: PlayMakerFixedUpdate

AddEventHandlerComponent: PlayMakerFixedUpdate

AddEventHandlerComponent: PlayMakerFixedUpdate

AddEventHandlerComponent: PlayMakerFixedUpdate

AddEventHandlerComponent: PlayMakerFixedUpdate

AddEventHandlerComponent: PlayMakerFixedUpdate

AddEventHandlerComponent: PlayMakerFixedUpdate

AddEventHandlerComponent: PlayMakerFixedUpdate

AddEventHandlerComponent: PlayMakerFixedUpdate

AddEventHandlerComponent: PlayMakerFixedUpdate

AddEventHandlerComponent: PlayMakerFixedUpdate

AddEventHandlerComponent: PlayMakerFixedUpdate

AddEventHandlerComponent: PlayMakerFixedUpdate

AddEventHandlerComponent: PlayMakerFixedUpdate

AddEventHandlerComponent: PlayMakerFixedUpdate

AddEventHandlerComponent: PlayMakerFixedUpdate

AddEventHandlerComponent: PlayMakerFixedUpdate

AddEventHandlerComponent: PlayMakerFixedUpdate

AddEventHandlerComponent: PlayMakerFixedUpdate

AddEventHandlerComponent: PlayMakerFixedUpdate

Deferring level start (marked as manual).

AddEventHandlerComponent: PlayMakerFixedUpdate

AddEventHandlerComponent: PlayMakerFixedUpdate

AddEventHandlerComponent: PlayMakerFixedUpdate

AddEventHandlerComponent: PlayMakerFixedUpdate

AddEventHandlerComponent: PlayMakerFixedUpdate

PlayOneShot was called with a null AudioClip.

PlayOneShot was called with a null AudioClip.

PlayOneShot was called with a null AudioClip.

PlayOneShot was called with a null AudioClip.

PlayOneShot was called with a null AudioClip.

PlayOneShot was called with a null AudioClip.

PlayOneShot was called with a null AudioClip.

PlayOneShot was called with a null AudioClip.

PlayOneShot was called with a null AudioClip.

PlayOneShot was called with a null AudioClip.

PlayOneShot was called with a null AudioClip.

PlayOneShot was called with a null AudioClip.

PlayOneShot was called with a null AudioClip.

PlayOneShot was called with a null AudioClip.

PlayOneShot was called with a null AudioClip.

PlayOneShot was called with a null AudioClip.

PlayOneShot was called with a null AudioClip.

AddEventHandlerComponent: PlayMakerFixedUpdate

AddEventHandlerComponent: PlayMakerFixedUpdate

AddEventHandlerComponent: PlayMakerFixedUpdate

AddEventHandlerComponent: PlayMakerFixedUpdate

AddEventHandlerComponent: PlayMakerFixedUpdate

AddEventHandlerComponent: PlayMakerFixedUpdate

AddEventHandlerComponent: PlayMakerFixedUpdate

AddEventHandlerComponent: PlayMakerFixedUpdate

AddEventHandlerComponent: PlayMakerFixedUpdate

AddEventHandlerComponent: PlayMakerFixedUpdate

AddEventHandlerComponent: PlayMakerFixedUpdate

AddEventHandlerComponent: PlayMakerFixedUpdate

AddEventHandlerComponent: PlayMakerFixedUpdate

AddEventHandlerComponent: PlayMakerFixedUpdate

AddEventHandlerComponent: PlayMakerFixedUpdate

AddEventHandlerComponent: PlayMakerFixedUpdate

AddEventHandlerComponent: PlayMakerFixedUpdate

AddEventHandlerComponent: PlayMakerFixedUpdate

AddEventHandlerComponent: PlayMakerFixedUpdate

AddEventHandlerComponent: PlayMakerFixedUpdate

AddEventHandlerComponent: PlayMakerFixedUpdate

Deferring level start (marked as manual).

AddEventHandlerComponent: PlayMakerFixedUpdate

AddEventHandlerComponent: PlayMakerFixedUpdate

AddEventHandlerComponent: PlayMakerFixedUpdate

AddEventHandlerComponent: PlayMakerFixedUpdate

AddEventHandlerComponent: PlayMakerFixedUpdate

AddEventHandlerComponent: PlayMakerFixedUpdate

AddEventHandlerComponent: PlayMakerFixedUpdate

AddEventHandlerComponent: PlayMakerFixedUpdate

PlayOneShot was called with a null AudioClip.

PlayOneShot was called with a null AudioClip.

PlayOneShot was called with a null AudioClip.

PlayOneShot was called with a null AudioClip.

PlayOneShot was called with a null AudioClip.

AddEventHandlerComponent: PlayMakerFixedUpdate

AddEventHandlerComponent: PlayMakerFixedUpdate

AddEventHandlerComponent: PlayMakerFixedUpdate

AddEventHandlerComponent: PlayMakerFixedUpdate

AddEventHandlerComponent: PlayMakerFixedUpdate

AddEventHandlerComponent: PlayMakerFixedUpdate

AddEventHandlerComponent: PlayMakerFixedUpdate

Deferring level start (marked as manual).

AddEventHandlerComponent: PlayMakerFixedUpdate

AddEventHandlerComponent: PlayMakerFixedUpdate

AddEventHandlerComponent: PlayMakerFixedUpdate

AddEventHandlerComponent: PlayMakerFixedUpdate

AddEventHandlerComponent: PlayMakerFixedUpdate

PlayOneShot was called with a null AudioClip.

PlayOneShot was called with a null AudioClip.

PlayOneShot was called with a null AudioClip.

PlayOneShot was called with a null AudioClip.

PlayOneShot was called with a null AudioClip.

PlayOneShot was called with a null AudioClip.

PlayOneShot was called with a null AudioClip.

PlayOneShot was called with a null AudioClip.

AddEventHandlerComponent: PlayMakerFixedUpdate

AddEventHandlerComponent: PlayMakerFixedUpdate

AddEventHandlerComponent: PlayMakerFixedUpdate

Deferring level start (marked as manual).

AddEventHandlerComponent: PlayMakerFixedUpdate

Object Pool attached to GlobalPool has run out of Bounce Spore Hero prefabs, Instantiating an additional one.

PlayOneShot was called with a null AudioClip.

AddEventHandlerComponent: PlayMakerFixedUpdate

AddEventHandlerComponent: PlayMakerFixedUpdate

AddEventHandlerComponent: PlayMakerFixedUpdate

AddEventHandlerComponent: PlayMakerFixedUpdate

AddEventHandlerComponent: PlayMakerFixedUpdate

AddEventHandlerComponent: PlayMakerFixedUpdate

AddEventHandlerComponent: PlayMakerFixedUpdate

AddEventHandlerComponent: PlayMakerFixedUpdate

AddEventHandlerComponent: PlayMakerFixedUpdate

AddEventHandlerComponent: PlayMakerFixedUpdate

AddEventHandlerComponent: PlayMakerFixedUpdate

AddEventHandlerComponent: PlayMakerFixedUpdate

AddEventHandlerComponent: PlayMakerFixedUpdate

AddEventHandlerComponent: PlayMakerFixedUpdate

AddEventHandlerComponent: PlayMakerFixedUpdate

AddEventHandlerComponent: PlayMakerFixedUpdate

AddEventHandlerComponent: PlayMakerFixedUpdate

AddEventHandlerComponent: PlayMakerFixedUpdate

AddEventHandlerComponent: PlayMakerFixedUpdate

AddEventHandlerComponent: PlayMakerFixedUpdate

PlayOneShot was called with a null AudioClip.

AddEventHandlerComponent: PlayMakerFixedUpdate

AddEventHandlerComponent: PlayMakerFixedUpdate

AddEventHandlerComponent: PlayMakerFixedUpdate

AddEventHandlerComponent: PlayMakerFixedUpdate

AddEventHandlerComponent: PlayMakerFixedUpdate

AddEventHandlerComponent: PlayMakerFixedUpdate

AddEventHandlerComponent: PlayMakerFixedUpdate

AddEventHandlerComponent: PlayMakerFixedUpdate

AddEventHandlerComponent: PlayMakerFixedUpdate

AddEventHandlerComponent: PlayMakerFixedUpdate

AddEventHandlerComponent: PlayMakerFixedUpdate

AddEventHandlerComponent: PlayMakerFixedUpdate

AddEventHandlerComponent: PlayMakerFixedUpdate

AddEventHandlerComponent: PlayMakerFixedUpdate

AddEventHandlerComponent: PlayMakerFixedUpdate

AddEventHandlerComponent: PlayMakerFixedUpdate

AddEventHandlerComponent: PlayMakerFixedUpdate

Deferring level start (marked as manual).

AddEventHandlerComponent: PlayMakerFixedUpdate

AddEventHandlerComponent: PlayMakerFixedUpdate

AddEventHandlerComponent: PlayMakerFixedUpdate

AddEventHandlerComponent: PlayMakerFixedUpdate

AddEventHandlerComponent: PlayMakerFixedUpdate

AddEventHandlerComponent: PlayMakerFixedUpdate

AddEventHandlerComponent: PlayMakerFixedUpdate

AddEventHandlerComponent: PlayMakerFixedUpdate

AddEventHandlerComponent: PlayMakerFixedUpdate

AddEventHandlerComponent: PlayMakerFixedUpdate

AddEventHandlerComponent: PlayMakerFixedUpdate

AddEventHandlerComponent: PlayMakerFixedUpdate

PlayOneShot was called with a null AudioClip.

PlayOneShot was called with a null AudioClip.

PlayOneShot was called with a null AudioClip.

PlayOneShot was called with a null AudioClip.

PlayOneShot was called with a null AudioClip.

PlayOneShot was called with a null AudioClip.

PlayOneShot was called with a null AudioClip.

PlayOneShot was called with a null AudioClip.

Object Pool attached to GlobalPool has run out of Bounce Spore Hero prefabs, Instantiating an additional one.

PlayOneShot was called with a null AudioClip.

PlayOneShot was called with a null AudioClip.

PlayOneShot was called with a null AudioClip.

PlayOneShot was called with a null AudioClip.

PlayOneShot was called with a null AudioClip.

PlayOneShot was called with a null AudioClip.

PlayOneShot was called with a null AudioClip.

PlayOneShot was called with a null AudioClip.

PlayOneShot was called with a null AudioClip.

PlayOneShot was called with a null AudioClip.

PlayOneShot was called with a null AudioClip.

PlayOneShot was called with a null AudioClip.

PlayOneShot was called with a null AudioClip.

PlayOneShot was called with a null AudioClip.

PlayOneShot was called with a null AudioClip.

PlayOneShot was called with a null AudioClip.

PlayOneShot was called with a null AudioClip.

PlayOneShot was called with a null AudioClip.

PlayOneShot was called with a null AudioClip.

PlayOneShot was called with a null AudioClip.

PlayOneShot was called with a null AudioClip.

PlayOneShot was called with a null AudioClip.

PlayOneShot was called with a null AudioClip.

PlayOneShot was called with a null AudioClip.

AddEventHandlerComponent: PlayMakerFixedUpdate

AddEventHandlerComponent: PlayMakerFixedUpdate

Deferring level start (marked as manual).

AddEventHandlerComponent: PlayMakerFixedUpdate

AddEventHandlerComponent: PlayMakerFixedUpdate

PlayOneShot was called with a null AudioClip.

PlayOneShot was called with a null AudioClip.

PlayOneShot was called with a null AudioClip.

AddEventHandlerComponent: PlayMakerFixedUpdate

AddEventHandlerComponent: PlayMakerFixedUpdate

AddEventHandlerComponent: PlayMakerFixedUpdate

AddEventHandlerComponent: PlayMakerFixedUpdate

AddEventHandlerComponent: PlayMakerFixedUpdate

Deferring level start (marked as manual).

PlayOneShot was called with a null AudioClip.

AddEventHandlerComponent: PlayMakerFixedUpdate

PlayOneShot was called with a null AudioClip.

PlayOneShot was called with a null AudioClip.

AddEventHandlerComponent: PlayMakerFixedUpdate

PlayOneShot was called with a null AudioClip.

PlayOneShot was called with a null AudioClip.

PlayOneShot was called with a null AudioClip.

AddEventHandlerComponent: PlayMakerFixedUpdate

Object Pool attached to GlobalPool has run out of Audio Player NoDestroy prefabs, Instantiating an additional one.

AddEventHandlerComponent: PlayMakerCollisionEnter2D

AddEventHandlerComponent: PlayMakerFixedUpdate

AddEventHandlerComponent: PlayMakerCollisionEnter2D

AddEventHandlerComponent: PlayMakerFixedUpdate

AddEventHandlerComponent: PlayMakerFixedUpdate

AddEventHandlerComponent: PlayMakerFixedUpdate

AddEventHandlerComponent: PlayMakerFixedUpdate

Deferring level start (marked as manual).

AddEventHandlerComponent: PlayMakerFixedUpdate

Unloading 75 Unused Serialized files (Serialized files now loaded: 0)
AddEventHandlerComponent: PlayMakerFixedUpdate

AddEventHandlerComponent: PlayMakerFixedUpdate

AddEventHandlerComponent: PlayMakerFixedUpdate

AddEventHandlerComponent: PlayMakerFixedUpdate

AddEventHandlerComponent: PlayMakerFixedUpdate

AddEventHandlerComponent: PlayMakerFixedUpdate

AddEventHandlerComponent: PlayMakerFixedUpdate


Unloading 5678 unused Assets to reduce memory usage. Loaded Objects now: 59882.
Total: 239.158600 ms (FindLiveObjects: 4.180600 ms CreateObjectMapping: 3.316900 ms MarkObjects: 214.012000 ms  DeleteObjects: 17.648700 ms)

Persistent Bool Item - Couldn't reset value on FSM because it's missing.

AddEventHandlerComponent: PlayMakerFixedUpdate

AddEventHandlerComponent: PlayMakerFixedUpdate

AddEventHandlerComponent: PlayMakerFixedUpdate

AddEventHandlerComponent: PlayMakerFixedUpdate

AddEventHandlerComponent: PlayMakerFixedUpdate

AddEventHandlerComponent: PlayMakerFixedUpdate

AddEventHandlerComponent: PlayMakerFixedUpdate

AddEventHandlerComponent: PlayMakerFixedUpdate

Deferring level start (marked as manual).

AddEventHandlerComponent: PlayMakerFixedUpdate

AddEventHandlerComponent: PlayMakerFixedUpdate

AddEventHandlerComponent: PlayMakerFixedUpdate

AddEventHandlerComponent: PlayMakerFixedUpdate

AddEventHandlerComponent: PlayMakerFixedUpdate

AddEventHandlerComponent: PlayMakerFixedUpdate

AddEventHandlerComponent: PlayMakerFixedUpdate

AddEventHandlerComponent: PlayMakerFixedUpdate

AddEventHandlerComponent: PlayMakerFixedUpdate

AddEventHandlerComponent: PlayMakerFixedUpdate

AddEventHandlerComponent: PlayMakerFixedUpdate

AddEventHandlerComponent: PlayMakerFixedUpdate

AddEventHandlerComponent: PlayMakerFixedUpdate

AddEventHandlerComponent: PlayMakerFixedUpdate

AddEventHandlerComponent: PlayMakerFixedUpdate

AddEventHandlerComponent: PlayMakerFixedUpdate

AddEventHandlerComponent: PlayMakerFixedUpdate

AddEventHandlerComponent: PlayMakerFixedUpdate

AddEventHandlerComponent: PlayMakerFixedUpdate

AddEventHandlerComponent: PlayMakerFixedUpdate

AddEventHandlerComponent: PlayMakerFixedUpdate

AddEventHandlerComponent: PlayMakerFixedUpdate

AddEventHandlerComponent: PlayMakerFixedUpdate

AddEventHandlerComponent: PlayMakerFixedUpdate

AddEventHandlerComponent: PlayMakerFixedUpdate

AddEventHandlerComponent: PlayMakerFixedUpdate

AddEventHandlerComponent: PlayMakerFixedUpdate

AddEventHandlerComponent: PlayMakerFixedUpdate

AddEventHandlerComponent: PlayMakerFixedUpdate

AddEventHandlerComponent: PlayMakerFixedUpdate

AddEventHandlerComponent: PlayMakerFixedUpdate

AddEventHandlerComponent: PlayMakerFixedUpdate

AddEventHandlerComponent: PlayMakerFixedUpdate

AddEventHandlerComponent: PlayMakerFixedUpdate

AddEventHandlerComponent: PlayMakerFixedUpdate

Additively loaded scene: Fungus2_15_boss_defeated in sequence

AddEventHandlerComponent: PlayMakerFixedUpdate

AddEventHandlerComponent: PlayMakerFixedUpdate

AddEventHandlerComponent: PlayMakerFixedUpdate

AddEventHandlerComponent: PlayMakerFixedUpdate

AddEventHandlerComponent: PlayMakerFixedUpdate

AddEventHandlerComponent: PlayMakerFixedUpdate

AddEventHandlerComponent: PlayMakerFixedUpdate

AddEventHandlerComponent: PlayMakerFixedUpdate

AddEventHandlerComponent: PlayMakerFixedUpdate

AddEventHandlerComponent: PlayMakerFixedUpdate

AddEventHandlerComponent: PlayMakerFixedUpdate

AddEventHandlerComponent: PlayMakerFixedUpdate

Deferring level start (marked as manual).

Deferring level start (marked as manual).

AddEventHandlerComponent: PlayMakerFixedUpdate

AddEventHandlerComponent: PlayMakerFixedUpdate

AddEventHandlerComponent: PlayMakerFixedUpdate

AddEventHandlerComponent: PlayMakerFixedUpdate

AddEventHandlerComponent: PlayMakerFixedUpdate

AddEventHandlerComponent: PlayMakerFixedUpdate

AddEventHandlerComponent: PlayMakerFixedUpdate

AddEventHandlerComponent: PlayMakerFixedUpdate

AddEventHandlerComponent: PlayMakerFixedUpdate

AddEventHandlerComponent: PlayMakerFixedUpdate

AddEventHandlerComponent: PlayMakerFixedUpdate

AddEventHandlerComponent: PlayMakerFixedUpdate

AddEventHandlerComponent: PlayMakerFixedUpdate

AddEventHandlerComponent: PlayMakerFixedUpdate

AddEventHandlerComponent: PlayMakerFixedUpdate

AddEventHandlerComponent: PlayMakerFixedUpdate

AddEventHandlerComponent: PlayMakerFixedUpdate

AddEventHandlerComponent: PlayMakerFixedUpdate

AddEventHandlerComponent: PlayMakerFixedUpdate

AddEventHandlerComponent: PlayMakerFixedUpdate

AddEventHandlerComponent: PlayMakerFixedUpdate

AddEventHandlerComponent: PlayMakerFixedUpdate

AddEventHandlerComponent: PlayMakerFixedUpdate

AddEventHandlerComponent: PlayMakerFixedUpdate

AddEventHandlerComponent: PlayMakerFixedUpdate

AddEventHandlerComponent: PlayMakerFixedUpdate

AddEventHandlerComponent: PlayMakerFixedUpdate

AddEventHandlerComponent: PlayMakerFixedUpdate

AddEventHandlerComponent: PlayMakerFixedUpdate

AddEventHandlerComponent: PlayMakerFixedUpdate

AddEventHandlerComponent: PlayMakerFixedUpdate

AddEventHandlerComponent: PlayMakerFixedUpdate

AddEventHandlerComponent: PlayMakerFixedUpdate

AddEventHandlerComponent: PlayMakerFixedUpdate

AddEventHandlerComponent: PlayMakerFixedUpdate

AddEventHandlerComponent: PlayMakerFixedUpdate

AddEventHandlerComponent: PlayMakerFixedUpdate

AddEventHandlerComponent: PlayMakerFixedUpdate

AddEventHandlerComponent: PlayMakerFixedUpdate

AddEventHandlerComponent: PlayMakerFixedUpdate

AddEventHandlerComponent: PlayMakerFixedUpdate

AddEventHandlerComponent: PlayMakerFixedUpdate

AddEventHandlerComponent: PlayMakerFixedUpdate

AddEventHandlerComponent: PlayMakerFixedUpdate

AddEventHandlerComponent: PlayMakerFixedUpdate

AddEventHandlerComponent: PlayMakerFixedUpdate

AddEventHandlerComponent: PlayMakerFixedUpdate

AddEventHandlerComponent: PlayMakerFixedUpdate

AddEventHandlerComponent: PlayMakerFixedUpdate

AddEventHandlerComponent: PlayMakerFixedUpdate

AddEventHandlerComponent: PlayMakerFixedUpdate

AddEventHandlerComponent: PlayMakerFixedUpdate

AddEventHandlerComponent: PlayMakerFixedUpdate

Deferring level start (marked as manual).

AddEventHandlerComponent: PlayMakerFixedUpdate

AddEventHandlerComponent: PlayMakerFixedUpdate

AddEventHandlerComponent: PlayMakerFixedUpdate

AddEventHandlerComponent: PlayMakerFixedUpdate

AddEventHandlerComponent: PlayMakerFixedUpdate

AddEventHandlerComponent: PlayMakerFixedUpdate

AddEventHandlerComponent: PlayMakerFixedUpdate

AddEventHandlerComponent: PlayMakerFixedUpdate

AddEventHandlerComponent: PlayMakerFixedUpdate

AddEventHandlerComponent: PlayMakerFixedUpdate

AddEventHandlerComponent: PlayMakerFixedUpdate

AddEventHandlerComponent: PlayMakerFixedUpdate

AddEventHandlerComponent: PlayMakerFixedUpdate

AddEventHandlerComponent: PlayMakerFixedUpdate

AddEventHandlerComponent: PlayMakerFixedUpdate

AddEventHandlerComponent: PlayMakerFixedUpdate

AddEventHandlerComponent: PlayMakerFixedUpdate

AddEventHandlerComponent: PlayMakerFixedUpdate

AddEventHandlerComponent: PlayMakerFixedUpdate

AddEventHandlerComponent: PlayMakerFixedUpdate

AddEventHandlerComponent: PlayMakerFixedUpdate

AddEventHandlerComponent: PlayMakerFixedUpdate

AddEventHandlerComponent: PlayMakerFixedUpdate

AddEventHandlerComponent: PlayMakerFixedUpdate

AddEventHandlerComponent: PlayMakerFixedUpdate

AddEventHandlerComponent: PlayMakerFixedUpdate

AddEventHandlerComponent: PlayMakerFixedUpdate

AddEventHandlerComponent: PlayMakerFixedUpdate

AddEventHandlerComponent: PlayMakerFixedUpdate

AddEventHandlerComponent: PlayMakerFixedUpdate

AddEventHandlerComponent: PlayMakerFixedUpdate

AddEventHandlerComponent: PlayMakerFixedUpdate

AddEventHandlerComponent: PlayMakerFixedUpdate

AddEventHandlerComponent: PlayMakerFixedUpdate

AddEventHandlerComponent: PlayMakerFixedUpdate

AddEventHandlerComponent: PlayMakerFixedUpdate

AddEventHandlerComponent: PlayMakerFixedUpdate

AddEventHandlerComponent: PlayMakerFixedUpdate

AddEventHandlerComponent: PlayMakerFixedUpdate

AddEventHandlerComponent: PlayMakerFixedUpdate

AddEventHandlerComponent: PlayMakerFixedUpdate

AddEventHandlerComponent: PlayMakerFixedUpdate

AddEventHandlerComponent: PlayMakerFixedUpdate

AddEventHandlerComponent: PlayMakerFixedUpdate

AddEventHandlerComponent: PlayMakerFixedUpdate

AddEventHandlerComponent: PlayMakerFixedUpdate

AddEventHandlerComponent: PlayMakerFixedUpdate

AddEventHandlerComponent: PlayMakerFixedUpdate

AddEventHandlerComponent: PlayMakerFixedUpdate

Deferring level start (marked as manual).

PlayOneShot was called with a null AudioClip.

PlayOneShot was called with a null AudioClip.

AddEventHandlerComponent: PlayMakerFixedUpdate

AddEventHandlerComponent: PlayMakerFixedUpdate

AddEventHandlerComponent: PlayMakerFixedUpdate

AddEventHandlerComponent: PlayMakerFixedUpdate

AddEventHandlerComponent: PlayMakerFixedUpdate

AddEventHandlerComponent: PlayMakerFixedUpdate

AddEventHandlerComponent: PlayMakerFixedUpdate

AddEventHandlerComponent: PlayMakerFixedUpdate

AddEventHandlerComponent: PlayMakerFixedUpdate

AddEventHandlerComponent: PlayMakerFixedUpdate

AddEventHandlerComponent: PlayMakerFixedUpdate

AddEventHandlerComponent: PlayMakerFixedUpdate

AddEventHandlerComponent: PlayMakerFixedUpdate

AddEventHandlerComponent: PlayMakerFixedUpdate

AddEventHandlerComponent: PlayMakerFixedUpdate

AddEventHandlerComponent: PlayMakerFixedUpdate

AddEventHandlerComponent: PlayMakerFixedUpdate

AddEventHandlerComponent: PlayMakerFixedUpdate

AddEventHandlerComponent: PlayMakerFixedUpdate

AddEventHandlerComponent: PlayMakerFixedUpdate

AddEventHandlerComponent: PlayMakerFixedUpdate

AddEventHandlerComponent: PlayMakerFixedUpdate

AddEventHandlerComponent: PlayMakerFixedUpdate

AddEventHandlerComponent: PlayMakerFixedUpdate

AddEventHandlerComponent: PlayMakerFixedUpdate

AddEventHandlerComponent: PlayMakerFixedUpdate

AddEventHandlerComponent: PlayMakerFixedUpdate

AddEventHandlerComponent: PlayMakerFixedUpdate

AddEventHandlerComponent: PlayMakerFixedUpdate

AddEventHandlerComponent: PlayMakerFixedUpdate

AddEventHandlerComponent: PlayMakerFixedUpdate

AddEventHandlerComponent: PlayMakerFixedUpdate

AddEventHandlerComponent: PlayMakerFixedUpdate

AddEventHandlerComponent: PlayMakerFixedUpdate

PlayOneShot was called with a null AudioClip.

Object Pool attached to GlobalPool has run out of Gas Projectile Quick prefabs, Instantiating an additional one.

AddEventHandlerComponent: PlayMakerFixedUpdate

Object Pool attached to GlobalPool has run out of Gas Projectile Quick prefabs, Instantiating an additional one.

AddEventHandlerComponent: PlayMakerFixedUpdate

PlayOneShot was called with a null AudioClip.

PlayOneShot was called with a null AudioClip.

AddEventHandlerComponent: PlayMakerFixedUpdate

PlayOneShot was called with a null AudioClip.

AddEventHandlerComponent: PlayMakerFixedUpdate

AddEventHandlerComponent: PlayMakerFixedUpdate

AddEventHandlerComponent: PlayMakerFixedUpdate

AddEventHandlerComponent: PlayMakerFixedUpdate

AddEventHandlerComponent: PlayMakerFixedUpdate

AddEventHandlerComponent: PlayMakerFixedUpdate

AddEventHandlerComponent: PlayMakerFixedUpdate

AddEventHandlerComponent: PlayMakerFixedUpdate

AddEventHandlerComponent: PlayMakerFixedUpdate

AddEventHandlerComponent: PlayMakerFixedUpdate

Deferring level start (marked as manual).

AddEventHandlerComponent: PlayMakerFixedUpdate

AddEventHandlerComponent: PlayMakerFixedUpdate

AddEventHandlerComponent: PlayMakerFixedUpdate

AddEventHandlerComponent: PlayMakerFixedUpdate

AddEventHandlerComponent: PlayMakerFixedUpdate

AddEventHandlerComponent: PlayMakerFixedUpdate

AddEventHandlerComponent: PlayMakerFixedUpdate

AddEventHandlerComponent: PlayMakerFixedUpdate

AddEventHandlerComponent: PlayMakerFixedUpdate

AddEventHandlerComponent: PlayMakerFixedUpdate

AddEventHandlerComponent: PlayMakerFixedUpdate

AddEventHandlerComponent: PlayMakerFixedUpdate

AddEventHandlerComponent: PlayMakerFixedUpdate

AddEventHandlerComponent: PlayMakerFixedUpdate

AddEventHandlerComponent: PlayMakerFixedUpdate

AddEventHandlerComponent: PlayMakerFixedUpdate

AddEventHandlerComponent: PlayMakerFixedUpdate

AddEventHandlerComponent: PlayMakerFixedUpdate

AddEventHandlerComponent: PlayMakerFixedUpdate

AddEventHandlerComponent: PlayMakerFixedUpdate

AddEventHandlerComponent: PlayMakerFixedUpdate

AddEventHandlerComponent: PlayMakerFixedUpdate

AddEventHandlerComponent: PlayMakerFixedUpdate

AddEventHandlerComponent: PlayMakerFixedUpdate

AddEventHandlerComponent: PlayMakerFixedUpdate

AddEventHandlerComponent: PlayMakerFixedUpdate

AddEventHandlerComponent: PlayMakerFixedUpdate

AddEventHandlerComponent: PlayMakerFixedUpdate

AddEventHandlerComponent: PlayMakerFixedUpdate

AddEventHandlerComponent: PlayMakerFixedUpdate

AddEventHandlerComponent: PlayMakerFixedUpdate

AddEventHandlerComponent: PlayMakerFixedUpdate

AddEventHandlerComponent: PlayMakerFixedUpdate

AddEventHandlerComponent: PlayMakerFixedUpdate

AddEventHandlerComponent: PlayMakerFixedUpdate

AddEventHandlerComponent: PlayMakerFixedUpdate

AddEventHandlerComponent: PlayMakerFixedUpdate

Bump Height: 0.6900024

AddEventHandlerComponent: PlayMakerFixedUpdate

AddEventHandlerComponent: PlayMakerFixedUpdate

AddEventHandlerComponent: PlayMakerFixedUpdate

AddEventHandlerComponent: PlayMakerFixedUpdate

AddEventHandlerComponent: PlayMakerFixedUpdate

AddEventHandlerComponent: PlayMakerFixedUpdate

AddEventHandlerComponent: PlayMakerFixedUpdate

AddEventHandlerComponent: PlayMakerFixedUpdate

Deferring level start (marked as manual).

AddEventHandlerComponent: PlayMakerFixedUpdate

AddEventHandlerComponent: PlayMakerFixedUpdate

AddEventHandlerComponent: PlayMakerFixedUpdate

AddEventHandlerComponent: PlayMakerFixedUpdate

AddEventHandlerComponent: PlayMakerFixedUpdate

AddEventHandlerComponent: PlayMakerFixedUpdate

AddEventHandlerComponent: PlayMakerFixedUpdate

AddEventHandlerComponent: PlayMakerFixedUpdate

AddEventHandlerComponent: PlayMakerFixedUpdate

AddEventHandlerComponent: PlayMakerFixedUpdate

AddEventHandlerComponent: PlayMakerFixedUpdate

AddEventHandlerComponent: PlayMakerFixedUpdate

AddEventHandlerComponent: PlayMakerFixedUpdate

AddEventHandlerComponent: PlayMakerFixedUpdate

AddEventHandlerComponent: PlayMakerFixedUpdate

AddEventHandlerComponent: PlayMakerFixedUpdate

AddEventHandlerComponent: PlayMakerFixedUpdate

AddEventHandlerComponent: PlayMakerFixedUpdate

AddEventHandlerComponent: PlayMakerFixedUpdate

AddEventHandlerComponent: PlayMakerFixedUpdate

AddEventHandlerComponent: PlayMakerFixedUpdate

AddEventHandlerComponent: PlayMakerFixedUpdate

AddEventHandlerComponent: PlayMakerFixedUpdate

AddEventHandlerComponent: PlayMakerFixedUpdate

AddEventHandlerComponent: PlayMakerFixedUpdate

AddEventHandlerComponent: PlayMakerFixedUpdate

AddEventHandlerComponent: PlayMakerFixedUpdate

AddEventHandlerComponent: PlayMakerFixedUpdate

AddEventHandlerComponent: PlayMakerFixedUpdate

AddEventHandlerComponent: PlayMakerFixedUpdate

AddEventHandlerComponent: PlayMakerFixedUpdate

AddEventHandlerComponent: PlayMakerFixedUpdate

AddEventHandlerComponent: PlayMakerFixedUpdate

AddEventHandlerComponent: PlayMakerFixedUpdate

AddEventHandlerComponent: PlayMakerFixedUpdate

AddEventHandlerComponent: PlayMakerFixedUpdate

AddEventHandlerComponent: PlayMakerFixedUpdate

AddEventHandlerComponent: PlayMakerFixedUpdate

Deferring level start (marked as manual).

AddEventHandlerComponent: PlayMakerFixedUpdate

Object Pool attached to GlobalPool has run out of Dust Hit Med Down R prefabs, Instantiating an additional one.

AddEventHandlerComponent: PlayMakerFixedUpdate

AddEventHandlerComponent: PlayMakerFixedUpdate

AddEventHandlerComponent: PlayMakerFixedUpdate

AddEventHandlerComponent: PlayMakerFixedUpdate

AddEventHandlerComponent: PlayMakerFixedUpdate

AddEventHandlerComponent: PlayMakerFixedUpdate

AddEventHandlerComponent: PlayMakerFixedUpdate

AddEventHandlerComponent: PlayMakerFixedUpdate

AddEventHandlerComponent: PlayMakerFixedUpdate

AddEventHandlerComponent: PlayMakerFixedUpdate

AddEventHandlerComponent: PlayMakerFixedUpdate

AddEventHandlerComponent: PlayMakerFixedUpdate

AddEventHandlerComponent: PlayMakerFixedUpdate

AddEventHandlerComponent: PlayMakerFixedUpdate

AddEventHandlerComponent: PlayMakerFixedUpdate

AddEventHandlerComponent: PlayMakerFixedUpdate

AddEventHandlerComponent: PlayMakerFixedUpdate

AddEventHandlerComponent: PlayMakerFixedUpdate

AddEventHandlerComponent: PlayMakerFixedUpdate

AddEventHandlerComponent: PlayMakerFixedUpdate

AddEventHandlerComponent: PlayMakerFixedUpdate

AddEventHandlerComponent: PlayMakerFixedUpdate

AddEventHandlerComponent: PlayMakerFixedUpdate

AddEventHandlerComponent: PlayMakerFixedUpdate

AddEventHandlerComponent: PlayMakerFixedUpdate

AddEventHandlerComponent: PlayMakerFixedUpdate

AddEventHandlerComponent: PlayMakerFixedUpdate

AddEventHandlerComponent: PlayMakerFixedUpdate

AddEventHandlerComponent: PlayMakerFixedUpdate

AddEventHandlerComponent: PlayMakerFixedUpdate

AddEventHandlerComponent: PlayMakerFixedUpdate

AddEventHandlerComponent: PlayMakerFixedUpdate

AddEventHandlerComponent: PlayMakerFixedUpdate

AddEventHandlerComponent: PlayMakerFixedUpdate

AddEventHandlerComponent: PlayMakerFixedUpdate

Deferring level start (marked as manual).

AddEventHandlerComponent: PlayMakerFixedUpdate

AddEventHandlerComponent: PlayMakerFixedUpdate

AddEventHandlerComponent: PlayMakerFixedUpdate

AddEventHandlerComponent: PlayMakerFixedUpdate

AddEventHandlerComponent: PlayMakerFixedUpdate

AddEventHandlerComponent: PlayMakerFixedUpdate

AddEventHandlerComponent: PlayMakerFixedUpdate

AddEventHandlerComponent: PlayMakerFixedUpdate

AddEventHandlerComponent: PlayMakerFixedUpdate

AddEventHandlerComponent: PlayMakerFixedUpdate

AddEventHandlerComponent: PlayMakerFixedUpdate

AddEventHandlerComponent: PlayMakerFixedUpdate

PlayOneShot was called with a null AudioClip.

PlayOneShot was called with a null AudioClip.

PlayOneShot was called with a null AudioClip.

PlayOneShot was called with a null AudioClip.

PlayOneShot was called with a null AudioClip.

PlayOneShot was called with a null AudioClip.

PlayOneShot was called with a null AudioClip.

PlayOneShot was called with a null AudioClip.

PlayOneShot was called with a null AudioClip.

PlayOneShot was called with a null AudioClip.

PlayOneShot was called with a null AudioClip.

PlayOneShot was called with a null AudioClip.

PlayOneShot was called with a null AudioClip.

PlayOneShot was called with a null AudioClip.

PlayOneShot was called with a null AudioClip.

PlayOneShot was called with a null AudioClip.

PlayOneShot was called with a null AudioClip.

PlayOneShot was called with a null AudioClip.

AddEventHandlerComponent: PlayMakerFixedUpdate

AddEventHandlerComponent: PlayMakerFixedUpdate

Deferring level start (marked as manual).

AddEventHandlerComponent: PlayMakerFixedUpdate

AddEventHandlerComponent: PlayMakerFixedUpdate

PlayOneShot was called with a null AudioClip.

PlayOneShot was called with a null AudioClip.

AddEventHandlerComponent: PlayMakerFixedUpdate

AddEventHandlerComponent: PlayMakerFixedUpdate

AddEventHandlerComponent: PlayMakerFixedUpdate

AddEventHandlerComponent: PlayMakerFixedUpdate

AddEventHandlerComponent: PlayMakerFixedUpdate

Deferring level start (marked as manual).

AddEventHandlerComponent: PlayMakerFixedUpdate

PlayOneShot was called with a null AudioClip.

AddEventHandlerComponent: PlayMakerFixedUpdate

AddEventHandlerComponent: PlayMakerFixedUpdate

AddEventHandlerComponent: PlayMakerFixedUpdate

AddEventHandlerComponent: PlayMakerFixedUpdate

AddEventHandlerComponent: PlayMakerFixedUpdate

AddEventHandlerComponent: PlayMakerFixedUpdate

AddEventHandlerComponent: PlayMakerFixedUpdate

AddEventHandlerComponent: PlayMakerFixedUpdate

AddEventHandlerComponent: PlayMakerFixedUpdate

AddEventHandlerComponent: PlayMakerFixedUpdate

AddEventHandlerComponent: PlayMakerFixedUpdate

AddEventHandlerComponent: PlayMakerFixedUpdate

AddEventHandlerComponent: PlayMakerFixedUpdate

PlayOneShot was called with a null AudioClip.

AddEventHandlerComponent: PlayMakerFixedUpdate

PlayOneShot was called with a null AudioClip.

PlayOneShot was called with a null AudioClip.

AddEventHandlerComponent: PlayMakerFixedUpdate

PlayOneShot was called with a null AudioClip.

PlayerData: Could not find field named , check variable name exists and FSM variable string is correct.

AddEventHandlerComponent: PlayMakerFixedUpdate

AddEventHandlerComponent: PlayMakerFixedUpdate

Deferring level start (marked as manual).

AddEventHandlerComponent: PlayMakerFixedUpdate

AddEventHandlerComponent: PlayMakerFixedUpdate

PlayOneShot was called with a null AudioClip.

PlayOneShot was called with a null AudioClip.

AddEventHandlerComponent: PlayMakerFixedUpdate

AddEventHandlerComponent: PlayMakerFixedUpdate

AddEventHandlerComponent: PlayMakerFixedUpdate

AddEventHandlerComponent: PlayMakerFixedUpdate

AddEventHandlerComponent: PlayMakerFixedUpdate

AddEventHandlerComponent: PlayMakerFixedUpdate

AddEventHandlerComponent: PlayMakerFixedUpdate

AddEventHandlerComponent: PlayMakerFixedUpdate

AddEventHandlerComponent: PlayMakerFixedUpdate

AddEventHandlerComponent: PlayMakerFixedUpdate

AddEventHandlerComponent: PlayMakerFixedUpdate

AddEventHandlerComponent: PlayMakerFixedUpdate

AddEventHandlerComponent: PlayMakerFixedUpdate

AddEventHandlerComponent: PlayMakerFixedUpdate

AddEventHandlerComponent: PlayMakerFixedUpdate

AddEventHandlerComponent: PlayMakerFixedUpdate

Deferring level start (marked as manual).

AddEventHandlerComponent: PlayMakerFixedUpdate

AddEventHandlerComponent: PlayMakerFixedUpdate

AddEventHandlerComponent: PlayMakerFixedUpdate

AddEventHandlerComponent: PlayMakerFixedUpdate

AddEventHandlerComponent: PlayMakerFixedUpdate

AddEventHandlerComponent: PlayMakerFixedUpdate

AddEventHandlerComponent: PlayMakerFixedUpdate

AddEventHandlerComponent: PlayMakerFixedUpdate

AddEventHandlerComponent: PlayMakerFixedUpdate

AddEventHandlerComponent: PlayMakerFixedUpdate

AddEventHandlerComponent: PlayMakerFixedUpdate

AddEventHandlerComponent: PlayMakerFixedUpdate

PlayOneShot was called with a null AudioClip.

PlayOneShot was called with a null AudioClip.

PlayOneShot was called with a null AudioClip.

PlayOneShot was called with a null AudioClip.

PlayOneShot was called with a null AudioClip.

PlayOneShot was called with a null AudioClip.

PlayOneShot was called with a null AudioClip.

PlayOneShot was called with a null AudioClip.

PlayOneShot was called with a null AudioClip.

PlayOneShot was called with a null AudioClip.

PlayOneShot was called with a null AudioClip.

PlayOneShot was called with a null AudioClip.

AddEventHandlerComponent: PlayMakerFixedUpdate

AddEventHandlerComponent: PlayMakerFixedUpdate

AddEventHandlerComponent: PlayMakerFixedUpdate

AddEventHandlerComponent: PlayMakerFixedUpdate

AddEventHandlerComponent: PlayMakerFixedUpdate

AddEventHandlerComponent: PlayMakerFixedUpdate

AddEventHandlerComponent: PlayMakerFixedUpdate

AddEventHandlerComponent: PlayMakerFixedUpdate

AddEventHandlerComponent: PlayMakerFixedUpdate

AddEventHandlerComponent: PlayMakerFixedUpdate

AddEventHandlerComponent: PlayMakerFixedUpdate

AddEventHandlerComponent: PlayMakerFixedUpdate

AddEventHandlerComponent: PlayMakerFixedUpdate

AddEventHandlerComponent: PlayMakerFixedUpdate

AddEventHandlerComponent: PlayMakerFixedUpdate

Deferring level start (marked as manual).

AddEventHandlerComponent: PlayMakerFixedUpdate

AddEventHandlerComponent: PlayMakerFixedUpdate

AddEventHandlerComponent: PlayMakerFixedUpdate

AddEventHandlerComponent: PlayMakerFixedUpdate

AddEventHandlerComponent: PlayMakerFixedUpdate

AddEventHandlerComponent: PlayMakerFixedUpdate

PlayOneShot was called with a null AudioClip.

PlayOneShot was called with a null AudioClip.

PlayOneShot was called with a null AudioClip.

AddEventHandlerComponent: PlayMakerFixedUpdate

AddEventHandlerComponent: PlayMakerFixedUpdate

AddEventHandlerComponent: PlayMakerFixedUpdate

AddEventHandlerComponent: PlayMakerFixedUpdate

AddEventHandlerComponent: PlayMakerFixedUpdate

AddEventHandlerComponent: PlayMakerFixedUpdate

AddEventHandlerComponent: PlayMakerFixedUpdate

AddEventHandlerComponent: PlayMakerFixedUpdate

AddEventHandlerComponent: PlayMakerFixedUpdate

AddEventHandlerComponent: PlayMakerFixedUpdate

AddEventHandlerComponent: PlayMakerFixedUpdate

AddEventHandlerComponent: PlayMakerFixedUpdate

AddEventHandlerComponent: PlayMakerFixedUpdate

AddEventHandlerComponent: PlayMakerFixedUpdate

AddEventHandlerComponent: PlayMakerFixedUpdate

AddEventHandlerComponent: PlayMakerFixedUpdate

AddEventHandlerComponent: PlayMakerFixedUpdate

AddEventHandlerComponent: PlayMakerFixedUpdate

AddEventHandlerComponent: PlayMakerFixedUpdate

AddEventHandlerComponent: PlayMakerFixedUpdate

AddEventHandlerComponent: PlayMakerFixedUpdate

Deferring level start (marked as manual).

AddEventHandlerComponent: PlayMakerFixedUpdate

AddEventHandlerComponent: PlayMakerFixedUpdate

AddEventHandlerComponent: PlayMakerFixedUpdate

AddEventHandlerComponent: PlayMakerFixedUpdate

Deferring level start (marked as manual).

PlayOneShot was called with a null AudioClip.

Could not find FSM: advance_conversation

Could not find FSM: Enough Geo

LoadLevel: Cinematic_Stag_travel

Unloading 64 Unused Serialized files (Serialized files now loaded: 0)
UnloadTime: 2.755000 ms
Performing automatic level start.


Unloading 3595 unused Assets to reduce memory usage. Loaded Objects now: 56808.
Total: 219.876800 ms (FindLiveObjects: 3.798400 ms CreateObjectMapping: 2.686200 ms MarkObjects: 205.057200 ms  DeleteObjects: 8.334500 ms)

Setting skip mode: SKIP_INSTANT

Started cinematic 'StagTunnelRun'

Started cinematic 'StagTunnelRun'

AddEventHandlerComponent: PlayMakerFixedUpdate

AddEventHandlerComponent: PlayMakerFixedUpdate

AddEventHandlerComponent: PlayMakerFixedUpdate

AddEventHandlerComponent: PlayMakerCollisionEnter2D

AddEventHandlerComponent: PlayMakerFixedUpdate

Deferring level start (marked as manual).

PlayOneShot was called with a null AudioClip.

AddEventHandlerComponent: PlayMakerFixedUpdate

AddEventHandlerComponent: PlayMakerFixedUpdate

AddEventHandlerComponent: PlayMakerFixedUpdate

AddEventHandlerComponent: PlayMakerFixedUpdate

AddEventHandlerComponent: PlayMakerFixedUpdate

AddEventHandlerComponent: PlayMakerFixedUpdate

AddEventHandlerComponent: PlayMakerFixedUpdate

AddEventHandlerComponent: PlayMakerCollisionEnter2D

AddEventHandlerComponent: PlayMakerFixedUpdate

AddEventHandlerComponent: PlayMakerFixedUpdate

AddEventHandlerComponent: PlayMakerFixedUpdate

AddEventHandlerComponent: PlayMakerFixedUpdate

AddEventHandlerComponent: PlayMakerFixedUpdate

AddEventHandlerComponent: PlayMakerFixedUpdate

Deferring level start (marked as manual).

AddEventHandlerComponent: PlayMakerFixedUpdate

AddEventHandlerComponent: PlayMakerFixedUpdate

Deferring level start (marked as manual).

Could not find FSM: Enough Geo

Could not find FSM: Journal Msg

PlayOneShot was called with a null AudioClip.

AddEventHandlerComponent: PlayMakerFixedUpdate

AddEventHandlerComponent: PlayMakerFixedUpdate

AddEventHandlerComponent: PlayMakerFixedUpdate

AddEventHandlerComponent: PlayMakerFixedUpdate

AddEventHandlerComponent: PlayMakerFixedUpdate

AddEventHandlerComponent: PlayMakerFixedUpdate

AddEventHandlerComponent: PlayMakerFixedUpdate

AddEventHandlerComponent: PlayMakerCollisionEnter2D

AddEventHandlerComponent: PlayMakerFixedUpdate

AddEventHandlerComponent: PlayMakerFixedUpdate

AddEventHandlerComponent: PlayMakerFixedUpdate

AddEventHandlerComponent: PlayMakerFixedUpdate

AddEventHandlerComponent: PlayMakerFixedUpdate

AddEventHandlerComponent: PlayMakerFixedUpdate

Deferring level start (marked as manual).

AddEventHandlerComponent: PlayMakerFixedUpdate

AddEventHandlerComponent: PlayMakerFixedUpdate

Deferring level start (marked as manual).

Could not find FSM: Enough Geo

Object Pool attached to GlobalPool has run out of Audio Player Actor 2D prefabs, Instantiating an additional one.

AddEventHandlerComponent: PlayMakerFixedUpdate

AddEventHandlerComponent: PlayMakerFixedUpdate

AddEventHandlerComponent: PlayMakerFixedUpdate

AddEventHandlerComponent: PlayMakerFixedUpdate

AddEventHandlerComponent: PlayMakerFixedUpdate

AddEventHandlerComponent: PlayMakerFixedUpdate

AddEventHandlerComponent: PlayMakerFixedUpdate

AddEventHandlerComponent: PlayMakerCollisionEnter2D

AddEventHandlerComponent: PlayMakerFixedUpdate

AddEventHandlerComponent: PlayMakerFixedUpdate

AddEventHandlerComponent: PlayMakerFixedUpdate

AddEventHandlerComponent: PlayMakerFixedUpdate

AddEventHandlerComponent: PlayMakerFixedUpdate

AddEventHandlerComponent: PlayMakerFixedUpdate

Deferring level start (marked as manual).

AddEventHandlerComponent: PlayMakerFixedUpdate

AddEventHandlerComponent: PlayMakerFixedUpdate

AddEventHandlerComponent: PlayMakerFixedUpdate

AddEventHandlerComponent: PlayMakerCollisionEnter2D

AddEventHandlerComponent: PlayMakerFixedUpdate

Deferring level start (marked as manual).

PlayOneShot was called with a null AudioClip.

Could not find FSM: Enough Geo

LoadLevel: Cinematic_Stag_travel

Unloading 10 Unused Serialized files (Serialized files now loaded: 0)
UnloadTime: 2.703700 ms
Performing automatic level start.


Unloading 2287 unused Assets to reduce memory usage. Loaded Objects now: 56817.
Total: 215.613300 ms (FindLiveObjects: 3.551800 ms CreateObjectMapping: 2.193400 ms MarkObjects: 203.193200 ms  DeleteObjects: 6.674200 ms)

Setting skip mode: SKIP_INSTANT

Started cinematic 'StagTunnelRun'

Started cinematic 'StagTunnelRun'

AddEventHandlerComponent: PlayMakerFixedUpdate

AddEventHandlerComponent: PlayMakerFixedUpdate

AddEventHandlerComponent: PlayMakerFixedUpdate

AddEventHandlerComponent: PlayMakerFixedUpdate

Deferring level start (marked as manual).

PlayOneShot was called with a null AudioClip.

AddEventHandlerComponent: PlayMakerFixedUpdate

AddEventHandlerComponent: PlayMakerFixedUpdate

Deferring level start (marked as manual).

AddEventHandlerComponent: PlayMakerFixedUpdate

AddEventHandlerComponent: PlayMakerFixedUpdate

AddEventHandlerComponent: PlayMakerFixedUpdate

AddEventHandlerComponent: PlayMakerFixedUpdate

AddEventHandlerComponent: PlayMakerFixedUpdate

AddEventHandlerComponent: PlayMakerFixedUpdate

AddEventHandlerComponent: PlayMakerFixedUpdate

AddEventHandlerComponent: PlayMakerFixedUpdate

AddEventHandlerComponent: PlayMakerFixedUpdate

AddEventHandlerComponent: PlayMakerFixedUpdate

AddEventHandlerComponent: PlayMakerFixedUpdate

AddEventHandlerComponent: PlayMakerFixedUpdate

AddEventHandlerComponent: PlayMakerFixedUpdate

AddEventHandlerComponent: PlayMakerFixedUpdate

AddEventHandlerComponent: PlayMakerFixedUpdate

Deferring level start (marked as manual).

AddEventHandlerComponent: PlayMakerFixedUpdate

AddEventHandlerComponent: PlayMakerFixedUpdate

AddEventHandlerComponent: PlayMakerFixedUpdate

AddEventHandlerComponent: PlayMakerFixedUpdate

AddEventHandlerComponent: PlayMakerFixedUpdate

AddEventHandlerComponent: PlayMakerFixedUpdate

AddEventHandlerComponent: PlayMakerFixedUpdate

AddEventHandlerComponent: PlayMakerFixedUpdate

AddEventHandlerComponent: PlayMakerFixedUpdate

AddEventHandlerComponent: PlayMakerFixedUpdate

PlayOneShot was called with a null AudioClip.

AddEventHandlerComponent: PlayMakerFixedUpdate

AddEventHandlerComponent: PlayMakerFixedUpdate

AddEventHandlerComponent: PlayMakerFixedUpdate

AddEventHandlerComponent: PlayMakerFixedUpdate

AddEventHandlerComponent: PlayMakerFixedUpdate

AddEventHandlerComponent: PlayMakerFixedUpdate

AddEventHandlerComponent: PlayMakerFixedUpdate

AddEventHandlerComponent: PlayMakerFixedUpdate

PlayOneShot was called with a null AudioClip.

AddEventHandlerComponent: PlayMakerFixedUpdate

AddEventHandlerComponent: PlayMakerFixedUpdate

AddEventHandlerComponent: PlayMakerFixedUpdate

AddEventHandlerComponent: PlayMakerFixedUpdate

AddEventHandlerComponent: PlayMakerFixedUpdate

AddEventHandlerComponent: PlayMakerFixedUpdate

AddEventHandlerComponent: PlayMakerFixedUpdate

PlayOneShot was called with a null AudioClip.

AddEventHandlerComponent: PlayMakerFixedUpdate

AddEventHandlerComponent: PlayMakerFixedUpdate

AddEventHandlerComponent: PlayMakerFixedUpdate

AddEventHandlerComponent: PlayMakerFixedUpdate

AddEventHandlerComponent: PlayMakerFixedUpdate

AddEventHandlerComponent: PlayMakerFixedUpdate

AddEventHandlerComponent: PlayMakerFixedUpdate

AddEventHandlerComponent: PlayMakerFixedUpdate

AddEventHandlerComponent: PlayMakerFixedUpdate

AddEventHandlerComponent: PlayMakerFixedUpdate

AddEventHandlerComponent: PlayMakerFixedUpdate

AddEventHandlerComponent: PlayMakerFixedUpdate

AddEventHandlerComponent: PlayMakerFixedUpdate

AddEventHandlerComponent: PlayMakerFixedUpdate

AddEventHandlerComponent: PlayMakerFixedUpdate

AddEventHandlerComponent: PlayMakerFixedUpdate

AddEventHandlerComponent: PlayMakerFixedUpdate

AddEventHandlerComponent: PlayMakerFixedUpdate

AddEventHandlerComponent: PlayMakerFixedUpdate

PlayOneShot was called with a null AudioClip.

PlayOneShot was called with a null AudioClip.

AddEventHandlerComponent: PlayMakerFixedUpdate

PlayOneShot was called with a null AudioClip.

AddEventHandlerComponent: PlayMakerFixedUpdate

PlayOneShot was called with a null AudioClip.

AddEventHandlerComponent: PlayMakerFixedUpdate

PlayOneShot was called with a null AudioClip.

AddEventHandlerComponent: PlayMakerFixedUpdate

PlayOneShot was called with a null AudioClip.

PlayOneShot was called with a null AudioClip.

AddEventHandlerComponent: PlayMakerFixedUpdate

PlayOneShot was called with a null AudioClip.

PlayOneShot was called with a null AudioClip.

Object Pool attached to GlobalPool has run out of Gas Explosion Recycle M prefabs, Instantiating an additional one.

PlayOneShot was called with a null AudioClip.

PlayOneShot was called with a null AudioClip.

AddEventHandlerComponent: PlayMakerFixedUpdate

PlayOneShot was called with a null AudioClip.

PlayOneShot was called with a null AudioClip.

PlayOneShot was called with a null AudioClip.

AddEventHandlerComponent: PlayMakerFixedUpdate

PlayOneShot was called with a null AudioClip.

AddEventHandlerComponent: PlayMakerFixedUpdate

PlayOneShot was called with a null AudioClip.

AddEventHandlerComponent: PlayMakerFixedUpdate

PlayOneShot was called with a null AudioClip.

PlayOneShot was called with a null AudioClip.

PlayOneShot was called with a null AudioClip.

PlayOneShot was called with a null AudioClip.

PlayOneShot was called with a null AudioClip.

AddEventHandlerComponent: PlayMakerFixedUpdate

PlayOneShot was called with a null AudioClip.

AddEventHandlerComponent: PlayMakerFixedUpdate

AddEventHandlerComponent: PlayMakerFixedUpdate

AddEventHandlerComponent: PlayMakerFixedUpdate

AddEventHandlerComponent: PlayMakerFixedUpdate

AddEventHandlerComponent: PlayMakerFixedUpdate

AddEventHandlerComponent: PlayMakerFixedUpdate

AddEventHandlerComponent: PlayMakerFixedUpdate

AddEventHandlerComponent: PlayMakerFixedUpdate

AddEventHandlerComponent: PlayMakerFixedUpdate

AddEventHandlerComponent: PlayMakerFixedUpdate

AddEventHandlerComponent: PlayMakerFixedUpdate

AddEventHandlerComponent: PlayMakerFixedUpdate

AddEventHandlerComponent: PlayMakerFixedUpdate

AddEventHandlerComponent: PlayMakerFixedUpdate

AddEventHandlerComponent: PlayMakerFixedUpdate

AddEventHandlerComponent: PlayMakerFixedUpdate

AddEventHandlerComponent: PlayMakerFixedUpdate

AddEventHandlerComponent: PlayMakerFixedUpdate

AddEventHandlerComponent: PlayMakerFixedUpdate

PlayOneShot was called with a null AudioClip.

AddEventHandlerComponent: PlayMakerFixedUpdate

AddEventHandlerComponent: PlayMakerFixedUpdate

AddEventHandlerComponent: PlayMakerFixedUpdate

PlayOneShot was called with a null AudioClip.

PlayOneShot was called with a null AudioClip.

PlayOneShot was called with a null AudioClip.

PlayOneShot was called with a null AudioClip.

PlayOneShot was called with a null AudioClip.

AddEventHandlerComponent: PlayMakerFixedUpdate

AddEventHandlerComponent: PlayMakerFixedUpdate

AddEventHandlerComponent: PlayMakerFixedUpdate

AddEventHandlerComponent: PlayMakerFixedUpdate

AddEventHandlerComponent: PlayMakerFixedUpdate

AddEventHandlerComponent: PlayMakerFixedUpdate

Deferring level start (marked as manual).

PlayOneShot was called with a null AudioClip.

AddEventHandlerComponent: PlayMakerFixedUpdate

PlayOneShot was called with a null AudioClip.

AddEventHandlerComponent: PlayMakerFixedUpdate

AddEventHandlerComponent: PlayMakerFixedUpdate

AddEventHandlerComponent: PlayMakerFixedUpdate

AddEventHandlerComponent: PlayMakerFixedUpdate

AddEventHandlerComponent: PlayMakerFixedUpdate

AddEventHandlerComponent: PlayMakerFixedUpdate

AddEventHandlerComponent: PlayMakerFixedUpdate

AddEventHandlerComponent: PlayMakerFixedUpdate

AddEventHandlerComponent: PlayMakerFixedUpdate

AddEventHandlerComponent: PlayMakerFixedUpdate

AddEventHandlerComponent: PlayMakerFixedUpdate

AddEventHandlerComponent: PlayMakerFixedUpdate

AddEventHandlerComponent: PlayMakerFixedUpdate

AddEventHandlerComponent: PlayMakerFixedUpdate

AddEventHandlerComponent: PlayMakerFixedUpdate

Deferring level start (marked as manual).

PlayOneShot was called with a null AudioClip.

AddEventHandlerComponent: PlayMakerFixedUpdate

AddEventHandlerComponent: PlayMakerFixedUpdate

AddEventHandlerComponent: PlayMakerFixedUpdate

AddEventHandlerComponent: PlayMakerFixedUpdate

AddEventHandlerComponent: PlayMakerFixedUpdate

AddEventHandlerComponent: PlayMakerFixedUpdate

AddEventHandlerComponent: PlayMakerFixedUpdate

AddEventHandlerComponent: PlayMakerFixedUpdate

AddEventHandlerComponent: PlayMakerFixedUpdate

AddEventHandlerComponent: PlayMakerFixedUpdate

AddEventHandlerComponent: PlayMakerFixedUpdate

AddEventHandlerComponent: PlayMakerFixedUpdate

PlayOneShot was called with a null AudioClip.

AddEventHandlerComponent: PlayMakerFixedUpdate

AddEventHandlerComponent: PlayMakerFixedUpdate

AddEventHandlerComponent: PlayMakerFixedUpdate

AddEventHandlerComponent: PlayMakerFixedUpdate

AddEventHandlerComponent: PlayMakerFixedUpdate

AddEventHandlerComponent: PlayMakerFixedUpdate

AddEventHandlerComponent: PlayMakerFixedUpdate

AddEventHandlerComponent: PlayMakerFixedUpdate

AddEventHandlerComponent: PlayMakerFixedUpdate

AddEventHandlerComponent: PlayMakerFixedUpdate

AddEventHandlerComponent: PlayMakerFixedUpdate

AddEventHandlerComponent: PlayMakerFixedUpdate

AddEventHandlerComponent: PlayMakerFixedUpdate

AddEventHandlerComponent: PlayMakerFixedUpdate

AddEventHandlerComponent: PlayMakerFixedUpdate

AddEventHandlerComponent: PlayMakerFixedUpdate

AddEventHandlerComponent: PlayMakerFixedUpdate

AddEventHandlerComponent: PlayMakerFixedUpdate

AddEventHandlerComponent: PlayMakerFixedUpdate

AddEventHandlerComponent: PlayMakerFixedUpdate

AddEventHandlerComponent: PlayMakerFixedUpdate

AddEventHandlerComponent: PlayMakerFixedUpdate

AddEventHandlerComponent: PlayMakerFixedUpdate

AddEventHandlerComponent: PlayMakerFixedUpdate

AddEventHandlerComponent: PlayMakerFixedUpdate

AddEventHandlerComponent: PlayMakerFixedUpdate

AddEventHandlerComponent: PlayMakerFixedUpdate

AddEventHandlerComponent: PlayMakerFixedUpdate

PlayOneShot was called with a null AudioClip.

PlayOneShot was called with a null AudioClip.

AddEventHandlerComponent: PlayMakerFixedUpdate

AddEventHandlerComponent: PlayMakerFixedUpdate

AddEventHandlerComponent: PlayMakerFixedUpdate

AddEventHandlerComponent: PlayMakerFixedUpdate

AddEventHandlerComponent: PlayMakerFixedUpdate

AddEventHandlerComponent: PlayMakerFixedUpdate

Deferring level start (marked as manual).

AddEventHandlerComponent: PlayMakerFixedUpdate

AddEventHandlerComponent: PlayMakerFixedUpdate

AddEventHandlerComponent: PlayMakerFixedUpdate

AddEventHandlerComponent: PlayMakerFixedUpdate

AddEventHandlerComponent: PlayMakerFixedUpdate

Deferring level start (marked as manual).

AddEventHandlerComponent: PlayMakerFixedUpdate

AddEventHandlerComponent: PlayMakerFixedUpdate

AddEventHandlerComponent: PlayMakerFixedUpdate

AddEventHandlerComponent: PlayMakerFixedUpdate

AddEventHandlerComponent: PlayMakerFixedUpdate

AddEventHandlerComponent: PlayMakerFixedUpdate

Object Pool attached to GlobalPool has run out of particle_orange blood prefabs, Instantiating an additional one.

Object Pool attached to GlobalPool has run out of particle_orange blood prefabs, Instantiating an additional one.

Object Pool attached to GlobalPool has run out of Fireball Top prefabs, Instantiating an additional one.

AddEventHandlerComponent: PlayMakerFixedUpdate

Unloading 46 Unused Serialized files (Serialized files now loaded: 0)
UnloadTime: 4.335200 ms
Deferring level start (marked as manual).


Unloading 2148 unused Assets to reduce memory usage. Loaded Objects now: 56330.
Total: 212.002700 ms (FindLiveObjects: 3.938900 ms CreateObjectMapping: 2.801000 ms MarkObjects: 197.963900 ms  DeleteObjects: 7.298500 ms)

UnloadTime: 0.415200 ms
Unloading 5 Unused Serialized files (Serialized files now loaded: 0)
DontDestroyOnLoad only works for root GameObjects or components on root GameObjects.

Performing automatic level start.

Failed to retrieve achievement state for ENDING_A

Failed to retrieve achievement state for ENDING_B

Failed to retrieve achievement state for ENDING_C

Failed to retrieve achievement state for STEELSOUL

Game controller set to None.

Failed to retrieve achievement state for PROTECTED

Failed to retrieve achievement state for MASKED

Failed to retrieve achievement state for ENCHANTED

Failed to retrieve achievement state for BLESSED

Failed to retrieve achievement state for SOULFUL

Failed to retrieve achievement state for WORLDSOUL

Failed to retrieve achievement state for DREAM_FK

Failed to retrieve achievement state for HORNET_2

Failed to retrieve achievement state for SOUL_MASTER_DEFEAT

Failed to retrieve achievement state for DREAM_SOUL_MASTER_DEFEAT

Failed to retrieve achievement state for BROKEN_VESSEL

Failed to retrieve achievement state for DREAM_BROKEN_VESSEL

Failed to retrieve achievement state for DUNG_DEFENDER

Failed to retrieve achievement state for COLLECTOR

Failed to retrieve achievement state for ZOTE

Failed to retrieve achievement state for NEGLECT

Failed to retrieve achievement state for ATTUNEMENT

Failed to retrieve achievement state for AWAKENING

Failed to retrieve achievement state for ASCENSION

Failed to retrieve achievement state for GRUBFRIEND

Failed to retrieve achievement state for METAMORPHOSIS

Failed to retrieve achievement state for NAILSMITH_KILL

Failed to retrieve achievement state for NAILSMITH_SPARE

Failed to retrieve achievement state for QUIRREL_EPILOGUE

Failed to retrieve achievement state for MOURNER

Failed to retrieve achievement state for TRAITOR_LORD

Failed to retrieve achievement state for STAG_STATION_HALF

Failed to retrieve achievement state for STAG_STATION_ALL

Failed to retrieve achievement state for TEACHER

Failed to retrieve achievement state for WATCHER

Failed to retrieve achievement state for BEAST

Failed to retrieve achievement state for MAP

Failed to retrieve achievement state for COLOSSEUM_1

Failed to retrieve achievement state for COLOSSEUM_2

Failed to retrieve achievement state for COLOSSEUM_3

Failed to retrieve achievement state for ENDING_A

Failed to retrieve achievement state for ENDING_B

Failed to retrieve achievement state for ENDING_C

Failed to retrieve achievement state for VOID

Failed to retrieve achievement state for SPEEDRUN_1

Failed to retrieve achievement state for SPEEDRUN_2

Failed to retrieve achievement state for SPEED_COMPLETION

Failed to retrieve achievement state for STEELSOUL

Failed to retrieve achievement state for STEELSOUL_COMPLETION

Failed to retrieve achievement state for HUNTER_1

Failed to retrieve achievement state for HUNTER_2

Failed to retrieve achievement state for MR_MUSHROOM

Failed to retrieve achievement state for WHITE_DEFENDER

Failed to retrieve achievement state for GREY_PRINCE

Failed to retrieve achievement state for GRIMM

Failed to retrieve achievement state for NIGHTMARE_GRIMM

Failed to retrieve achievement state for BANISHMENT

Failed to retrieve achievement state for PANTHEON1

Failed to retrieve achievement state for PANTHEON2

Failed to retrieve achievement state for PANTHEON3

Failed to retrieve achievement state for PANTHEON4

pd.maxHealth: 5 pd.maxHealthBase: 5


Unloading 654 unused Assets to reduce memory usage. Loaded Objects now: 49838.
Total: 172.067700 ms (FindLiveObjects: 3.378000 ms CreateObjectMapping: 2.587700 ms MarkObjects: 163.317600 ms  DeleteObjects: 2.784000 ms)

Making UI menu lean.

AddEventHandlerComponent: PlayMakerFixedUpdate

AddEventHandlerComponent: PlayMakerFixedUpdate

AddEventHandlerComponent: PlayMakerFixedUpdate

AddEventHandlerComponent: PlayMakerFixedUpdate

AddEventHandlerComponent: PlayMakerFixedUpdate

AddEventHandlerComponent: PlayMakerFixedUpdate

AddEventHandlerComponent: PlayMakerFixedUpdate

AddEventHandlerComponent: PlayMakerFixedUpdate

AddEventHandlerComponent: PlayMakerFixedUpdate

AddEventHandlerComponent: PlayMakerFixedUpdate

AddEventHandlerComponent: PlayMakerFixedUpdate

AddEventHandlerComponent: PlayMakerFixedUpdate

AddEventHandlerComponent: PlayMakerFixedUpdate

Deferring level start (marked as manual).

Unloading 21 Unused Serialized files (Serialized files now loaded: 0)

Unloading 186 unused Assets to reduce memory usage. Loaded Objects now: 50200.
Total: 186.281800 ms (FindLiveObjects: 3.085000 ms CreateObjectMapping: 1.915300 ms MarkObjects: 179.979000 ms  DeleteObjects: 1.301800 ms)

PlayOneShot was called with a null AudioClip.

PlayOneShot was called with a null AudioClip.

Could not find FSM: Enough Geo

LoadLevel: Cinematic_Stag_travel

Unloading 6 Unused Serialized files (Serialized files now loaded: 0)
UnloadTime: 2.204100 ms
Performing automatic level start.


Unloading 649 unused Assets to reduce memory usage. Loaded Objects now: 56444.
Total: 197.091400 ms (FindLiveObjects: 3.250100 ms CreateObjectMapping: 1.980300 ms MarkObjects: 189.982400 ms  DeleteObjects: 1.877900 ms)

Setting skip mode: SKIP_INSTANT

Started cinematic 'StagTunnelRun'

Started cinematic 'StagTunnelRun'

AddEventHandlerComponent: PlayMakerFixedUpdate

AddEventHandlerComponent: PlayMakerFixedUpdate

AddEventHandlerComponent: PlayMakerFixedUpdate

AddEventHandlerComponent: PlayMakerFixedUpdate

AddEventHandlerComponent: PlayMakerFixedUpdate

Deferring level start (marked as manual).

PlayOneShot was called with a null AudioClip.

Object Pool attached to GlobalPool has run out of Run Effects prefabs, Instantiating an additional one.

Object Pool attached to GlobalPool has run out of Run Effects prefabs, Instantiating an additional one.

AddEventHandlerComponent: PlayMakerFixedUpdate

AddEventHandlerComponent: PlayMakerFixedUpdate

AddEventHandlerComponent: PlayMakerFixedUpdate

AddEventHandlerComponent: PlayMakerFixedUpdate

AddEventHandlerComponent: PlayMakerFixedUpdate

AddEventHandlerComponent: PlayMakerFixedUpdate

AddEventHandlerComponent: PlayMakerFixedUpdate

AddEventHandlerComponent: PlayMakerFixedUpdate

AddEventHandlerComponent: PlayMakerFixedUpdate

Deferring level start (marked as manual).

Object Pool attached to GlobalPool has run out of Slash Impact R prefabs, Instantiating an additional one.

Object Pool attached to GlobalPool has run out of Strike Nail R prefabs, Instantiating an additional one.

Object Pool attached to GlobalPool has run out of Strike Nail R prefabs, Instantiating an additional one.

Object Pool attached to GlobalPool has run out of Slash Impact R prefabs, Instantiating an additional one.

AddEventHandlerComponent: PlayMakerFixedUpdate

AddEventHandlerComponent: PlayMakerFixedUpdate

AddEventHandlerComponent: PlayMakerFixedUpdate

AddEventHandlerComponent: PlayMakerFixedUpdate

AddEventHandlerComponent: PlayMakerFixedUpdate

AddEventHandlerComponent: PlayMakerFixedUpdate

AddEventHandlerComponent: PlayMakerFixedUpdate

AddEventHandlerComponent: PlayMakerFixedUpdate

AddEventHandlerComponent: PlayMakerFixedUpdate

AddEventHandlerComponent: PlayMakerFixedUpdate

Deferring level start (marked as manual).

Deferring level start (marked as manual).

AddEventHandlerComponent: PlayMakerFixedUpdate

Deferring level start (marked as manual).

AddEventHandlerComponent: PlayMakerFixedUpdate

Object Pool attached to GlobalPool could not find a copy of Hit Puff Large, Instantiating a new one.

Object Pool attached to GlobalPool has run out of Hit Puff Large prefabs, Instantiating an additional one.

Object Pool attached to GlobalPool has run out of Run Effects prefabs, Instantiating an additional one.

AddEventHandlerComponent: PlayMakerFixedUpdate

AddEventHandlerComponent: PlayMakerFixedUpdate

Object Pool attached to GlobalPool has run out of Fireball Top prefabs, Instantiating an additional one.

AddEventHandlerComponent: PlayMakerFixedUpdate

AddEventHandlerComponent: PlayMakerFixedUpdate

Object Pool attached to GlobalPool has run out of Fireball Top prefabs, Instantiating an additional one.

AddEventHandlerComponent: PlayMakerFixedUpdate

AddEventHandlerComponent: PlayMakerFixedUpdate

AddEventHandlerComponent: PlayMakerFixedUpdate

AddEventHandlerComponent: PlayMakerFixedUpdate

Object Pool attached to GlobalPool could not find a copy of Shockwave Spurt, Instantiating a new one.

Object Pool attached to GlobalPool could not find a copy of Shockwave Spurt L, Instantiating a new one.

Object Pool attached to GlobalPool has run out of Shockwave Spurt prefabs, Instantiating an additional one.

Object Pool attached to GlobalPool has run out of Shockwave Spurt L prefabs, Instantiating an additional one.

Object Pool attached to GlobalPool has run out of Shockwave Spurt prefabs, Instantiating an additional one.

Object Pool attached to GlobalPool has run out of Shockwave Spurt L prefabs, Instantiating an additional one.

Object Pool attached to GlobalPool has run out of Shockwave Spurt prefabs, Instantiating an additional one.

Object Pool attached to GlobalPool has run out of Shockwave Spurt L prefabs, Instantiating an additional one.

Object Pool attached to GlobalPool has run out of Shockwave Spurt prefabs, Instantiating an additional one.

Object Pool attached to GlobalPool has run out of Shockwave Spurt L prefabs, Instantiating an additional one.

Object Pool attached to GlobalPool has run out of Shockwave Spurt prefabs, Instantiating an additional one.

Object Pool attached to GlobalPool has run out of Shockwave Spurt L prefabs, Instantiating an additional one.

Object Pool attached to GlobalPool has run out of Shockwave Spurt prefabs, Instantiating an additional one.

Object Pool attached to GlobalPool has run out of Shockwave Spurt L prefabs, Instantiating an additional one.

Object Pool attached to GlobalPool has run out of Shockwave Spurt prefabs, Instantiating an additional one.

Object Pool attached to GlobalPool has run out of Shockwave Spurt L prefabs, Instantiating an additional one.

Object Pool attached to GlobalPool has run out of Shockwave Spurt prefabs, Instantiating an additional one.

Object Pool attached to GlobalPool has run out of Shockwave Spurt L prefabs, Instantiating an additional one.

Object Pool attached to GlobalPool has run out of Shockwave Spurt prefabs, Instantiating an additional one.

Object Pool attached to GlobalPool has run out of Shockwave Spurt L prefabs, Instantiating an additional one.

Object Pool attached to GlobalPool has run out of Shockwave Spurt prefabs, Instantiating an additional one.

Object Pool attached to GlobalPool has run out of Shockwave Spurt L prefabs, Instantiating an additional one.

Object Pool attached to GlobalPool has run out of Shockwave Spurt prefabs, Instantiating an additional one.

Object Pool attached to GlobalPool has run out of Shockwave Spurt L prefabs, Instantiating an additional one.

Object Pool attached to GlobalPool has run out of Shockwave Spurt prefabs, Instantiating an additional one.

Object Pool attached to GlobalPool has run out of Shockwave Spurt L prefabs, Instantiating an additional one.

Object Pool attached to GlobalPool has run out of Shockwave Spurt prefabs, Instantiating an additional one.

Object Pool attached to GlobalPool has run out of Shockwave Spurt L prefabs, Instantiating an additional one.

Object Pool attached to GlobalPool has run out of Shockwave Spurt prefabs, Instantiating an additional one.

Object Pool attached to GlobalPool has run out of Shockwave Spurt L prefabs, Instantiating an additional one.

Object Pool attached to GlobalPool has run out of Shockwave Spurt prefabs, Instantiating an additional one.

Object Pool attached to GlobalPool has run out of Shockwave Spurt L prefabs, Instantiating an additional one.

Object Pool attached to GlobalPool has run out of Shockwave Spurt prefabs, Instantiating an additional one.

Object Pool attached to GlobalPool has run out of Shockwave Spurt L prefabs, Instantiating an additional one.

Object Pool attached to GlobalPool has run out of Shockwave Spurt prefabs, Instantiating an additional one.

Object Pool attached to GlobalPool has run out of Shockwave Spurt L prefabs, Instantiating an additional one.

Object Pool attached to GlobalPool has run out of Shockwave Spurt prefabs, Instantiating an additional one.

Object Pool attached to GlobalPool has run out of Shockwave Spurt L prefabs, Instantiating an additional one.

Object Pool attached to GlobalPool has run out of Shockwave Spurt prefabs, Instantiating an additional one.

Object Pool attached to GlobalPool has run out of Shockwave Spurt L prefabs, Instantiating an additional one.

Object Pool attached to GlobalPool has run out of Shockwave Spurt prefabs, Instantiating an additional one.

Object Pool attached to GlobalPool has run out of Shockwave Spurt L prefabs, Instantiating an additional one.

Object Pool attached to GlobalPool has run out of Shockwave Spurt prefabs, Instantiating an additional one.

Object Pool attached to GlobalPool has run out of Shockwave Spurt L prefabs, Instantiating an additional one.

Object Pool attached to GlobalPool has run out of Shockwave Spurt prefabs, Instantiating an additional one.

Object Pool attached to GlobalPool has run out of Shockwave Spurt L prefabs, Instantiating an additional one.

Object Pool attached to GlobalPool has run out of Shockwave Spurt prefabs, Instantiating an additional one.

Object Pool attached to GlobalPool has run out of Shockwave Spurt L prefabs, Instantiating an additional one.

Object Pool attached to GlobalPool has run out of Shockwave Spurt prefabs, Instantiating an additional one.

Object Pool attached to GlobalPool has run out of Shockwave Spurt L prefabs, Instantiating an additional one.

Object Pool attached to GlobalPool has run out of Shockwave Spurt prefabs, Instantiating an additional one.

Object Pool attached to GlobalPool has run out of Shockwave Spurt L prefabs, Instantiating an additional one.

Object Pool attached to GlobalPool has run out of Shockwave Spurt prefabs, Instantiating an additional one.

Object Pool attached to GlobalPool has run out of Shockwave Spurt L prefabs, Instantiating an additional one.

Object Pool attached to GlobalPool has run out of Shockwave Spurt prefabs, Instantiating an additional one.

Object Pool attached to GlobalPool has run out of Shockwave Spurt L prefabs, Instantiating an additional one.

Object Pool attached to GlobalPool has run out of Shockwave Spurt prefabs, Instantiating an additional one.

Object Pool attached to GlobalPool has run out of Shockwave Spurt L prefabs, Instantiating an additional one.

Object Pool attached to GlobalPool has run out of Shockwave Spurt prefabs, Instantiating an additional one.

Object Pool attached to GlobalPool has run out of Shockwave Spurt L prefabs, Instantiating an additional one.

Object Pool attached to GlobalPool has run out of Shockwave Spurt prefabs, Instantiating an additional one.

Object Pool attached to GlobalPool has run out of Shockwave Spurt L prefabs, Instantiating an additional one.

Object Pool attached to GlobalPool has run out of Shockwave Spurt prefabs, Instantiating an additional one.

Object Pool attached to GlobalPool has run out of Shockwave Spurt L prefabs, Instantiating an additional one.

Object Pool attached to GlobalPool has run out of Shockwave Spurt prefabs, Instantiating an additional one.

Object Pool attached to GlobalPool has run out of Shockwave Spurt L prefabs, Instantiating an additional one.

Object Pool attached to GlobalPool has run out of Shockwave Spurt prefabs, Instantiating an additional one.

Object Pool attached to GlobalPool has run out of Shockwave Spurt L prefabs, Instantiating an additional one.

Object Pool attached to GlobalPool has run out of Shockwave Spurt prefabs, Instantiating an additional one.

Object Pool attached to GlobalPool has run out of Shockwave Spurt L prefabs, Instantiating an additional one.

Object Pool attached to GlobalPool has run out of Shockwave Spurt prefabs, Instantiating an additional one.

Object Pool attached to GlobalPool has run out of Shockwave Spurt L prefabs, Instantiating an additional one.

Object Pool attached to GlobalPool has run out of Shockwave Spurt prefabs, Instantiating an additional one.

Object Pool attached to GlobalPool has run out of Shockwave Spurt L prefabs, Instantiating an additional one.

Object Pool attached to GlobalPool has run out of Shockwave Spurt prefabs, Instantiating an additional one.

Object Pool attached to GlobalPool has run out of Shockwave Spurt L prefabs, Instantiating an additional one.

Object Pool attached to GlobalPool has run out of Shockwave Spurt prefabs, Instantiating an additional one.

Object Pool attached to GlobalPool has run out of Shockwave Spurt L prefabs, Instantiating an additional one.

Object Pool attached to GlobalPool has run out of Shockwave Spurt prefabs, Instantiating an additional one.

Object Pool attached to GlobalPool has run out of Shockwave Spurt L prefabs, Instantiating an additional one.

Object Pool attached to GlobalPool has run out of Shockwave Spurt prefabs, Instantiating an additional one.

Object Pool attached to GlobalPool has run out of Shockwave Spurt L prefabs, Instantiating an additional one.

Object Pool attached to GlobalPool has run out of Shockwave Spurt prefabs, Instantiating an additional one.

Object Pool attached to GlobalPool has run out of Shockwave Spurt L prefabs, Instantiating an additional one.

Object Pool attached to GlobalPool has run out of Shockwave Spurt prefabs, Instantiating an additional one.

Object Pool attached to GlobalPool has run out of Shockwave Spurt L prefabs, Instantiating an additional one.

Object Pool attached to GlobalPool has run out of Shockwave Spurt prefabs, Instantiating an additional one.

Object Pool attached to GlobalPool has run out of Shockwave Spurt L prefabs, Instantiating an additional one.

Object Pool attached to GlobalPool has run out of Shockwave Spurt prefabs, Instantiating an additional one.

Object Pool attached to GlobalPool has run out of Shockwave Spurt L prefabs, Instantiating an additional one.

Object Pool attached to GlobalPool has run out of Shockwave Spurt prefabs, Instantiating an additional one.

Object Pool attached to GlobalPool has run out of Shockwave Spurt L prefabs, Instantiating an additional one.

Death broadcast event 'ZOM GUARD KILLED' not implemented!

Deferring level start (marked as manual).

AddEventHandlerComponent: PlayMakerFixedUpdate

AddEventHandlerComponent: PlayMakerFixedUpdate

AddEventHandlerComponent: PlayMakerFixedUpdate

AddEventHandlerComponent: PlayMakerFixedUpdate

AddEventHandlerComponent: PlayMakerFixedUpdate

AddEventHandlerComponent: PlayMakerFixedUpdate

AddEventHandlerComponent: PlayMakerFixedUpdate

AddEventHandlerComponent: PlayMakerFixedUpdate

AddEventHandlerComponent: PlayMakerFixedUpdate

AddEventHandlerComponent: PlayMakerFixedUpdate

Deferring level start (marked as manual).

AddEventHandlerComponent: PlayMakerFixedUpdate

AddEventHandlerComponent: PlayMakerFixedUpdate

AddEventHandlerComponent: PlayMakerFixedUpdate

AddEventHandlerComponent: PlayMakerFixedUpdate

Deferring level start (marked as manual).

Object Pool attached to GlobalPool has run out of Slash Impact R prefabs, Instantiating an additional one.

AddEventHandlerComponent: PlayMakerFixedUpdate

AddEventHandlerComponent: PlayMakerFixedUpdate

AddEventHandlerComponent: PlayMakerFixedUpdate

AddEventHandlerComponent: PlayMakerFixedUpdate

AddEventHandlerComponent: PlayMakerFixedUpdate

Deferring level start (marked as manual).

Object Pool attached to GlobalPool has run out of Slash Impact R prefabs, Instantiating an additional one.

AddEventHandlerComponent: PlayMakerFixedUpdate

AddEventHandlerComponent: PlayMakerFixedUpdate

AddEventHandlerComponent: PlayMakerFixedUpdate

AddEventHandlerComponent: PlayMakerFixedUpdate

Deferring level start (marked as manual).

AddEventHandlerComponent: PlayMakerFixedUpdate

AddEventHandlerComponent: PlayMakerFixedUpdate

AddEventHandlerComponent: PlayMakerFixedUpdate

AddEventHandlerComponent: PlayMakerFixedUpdate

AddEventHandlerComponent: PlayMakerFixedUpdate

AddEventHandlerComponent: PlayMakerFixedUpdate

AddEventHandlerComponent: PlayMakerFixedUpdate

AddEventHandlerComponent: PlayMakerFixedUpdate

AddEventHandlerComponent: PlayMakerFixedUpdate

AddEventHandlerComponent: PlayMakerFixedUpdate

Deferring level start (marked as manual).

AddEventHandlerComponent: PlayMakerFixedUpdate

AddEventHandlerComponent: PlayMakerFixedUpdate

AddEventHandlerComponent: PlayMakerFixedUpdate

AddEventHandlerComponent: PlayMakerFixedUpdate

AddEventHandlerComponent: PlayMakerFixedUpdate

AddEventHandlerComponent: PlayMakerFixedUpdate

AddEventHandlerComponent: PlayMakerFixedUpdate

AddEventHandlerComponent: PlayMakerFixedUpdate

AddEventHandlerComponent: PlayMakerFixedUpdate

Deferring level start (marked as manual).

AddEventHandlerComponent: PlayMakerFixedUpdate

AddEventHandlerComponent: PlayMakerFixedUpdate

Deferring level start (marked as manual).

AddEventHandlerComponent: PlayMakerFixedUpdate

AddEventHandlerComponent: PlayMakerFixedUpdate

AddEventHandlerComponent: PlayMakerFixedUpdate

AddEventHandlerComponent: PlayMakerFixedUpdate

AddEventHandlerComponent: PlayMakerFixedUpdate

AddEventHandlerComponent: PlayMakerFixedUpdate

AddEventHandlerComponent: PlayMakerFixedUpdate

AddEventHandlerComponent: PlayMakerFixedUpdate

AddEventHandlerComponent: PlayMakerFixedUpdate

Deferring level start (marked as manual).

AddEventHandlerComponent: PlayMakerFixedUpdate

AddEventHandlerComponent: PlayMakerFixedUpdate

Deferring level start (marked as manual).

AddEventHandlerComponent: PlayMakerFixedUpdate

AddEventHandlerComponent: PlayMakerFixedUpdate

Could not find FSM: walk_left_and_right

AddEventHandlerComponent: PlayMakerCollisionEnter2D

AddEventHandlerComponent: PlayMakerFixedUpdate

PlayOneShot was called with a null AudioClip.

PlayOneShot was called with a null AudioClip.

PlayOneShot was called with a null AudioClip.

AddEventHandlerComponent: PlayMakerCollisionEnter2D

AddEventHandlerComponent: PlayMakerFixedUpdate

PlayOneShot was called with a null AudioClip.

PlayOneShot was called with a null AudioClip.

PlayOneShot was called with a null AudioClip.

AddEventHandlerComponent: PlayMakerFixedUpdate

AddEventHandlerComponent: PlayMakerFixedUpdate

AddEventHandlerComponent: PlayMakerFixedUpdate

AddEventHandlerComponent: PlayMakerFixedUpdate

AddEventHandlerComponent: PlayMakerFixedUpdate

AddEventHandlerComponent: PlayMakerFixedUpdate

AddEventHandlerComponent: PlayMakerFixedUpdate

AddEventHandlerComponent: PlayMakerFixedUpdate

AddEventHandlerComponent: PlayMakerFixedUpdate

AddEventHandlerComponent: PlayMakerFixedUpdate

AddEventHandlerComponent: PlayMakerFixedUpdate

AddEventHandlerComponent: PlayMakerFixedUpdate

AddEventHandlerComponent: PlayMakerFixedUpdate

AddEventHandlerComponent: PlayMakerFixedUpdate

AddEventHandlerComponent: PlayMakerFixedUpdate

AddEventHandlerComponent: PlayMakerFixedUpdate

AddEventHandlerComponent: PlayMakerFixedUpdate

AddEventHandlerComponent: PlayMakerFixedUpdate

AddEventHandlerComponent: PlayMakerFixedUpdate

AddEventHandlerComponent: PlayMakerFixedUpdate

AddEventHandlerComponent: PlayMakerFixedUpdate

AddEventHandlerComponent: PlayMakerFixedUpdate

AddEventHandlerComponent: PlayMakerFixedUpdate

AddEventHandlerComponent: PlayMakerFixedUpdate

AddEventHandlerComponent: PlayMakerFixedUpdate

AddEventHandlerComponent: PlayMakerFixedUpdate

AddEventHandlerComponent: PlayMakerFixedUpdate

AddEventHandlerComponent: PlayMakerFixedUpdate

AddEventHandlerComponent: PlayMakerFixedUpdate

AddEventHandlerComponent: PlayMakerFixedUpdate

AddEventHandlerComponent: PlayMakerFixedUpdate

AddEventHandlerComponent: PlayMakerFixedUpdate

AddEventHandlerComponent: PlayMakerFixedUpdate

AddEventHandlerComponent: PlayMakerFixedUpdate

AddEventHandlerComponent: PlayMakerFixedUpdate

AddEventHandlerComponent: PlayMakerFixedUpdate

Deferring level start (marked as manual).

Object Pool attached to GlobalPool has run out of Plat Dust prefabs, Instantiating an additional one.

Object Pool attached to GlobalPool has run out of Plat Dust prefabs, Instantiating an additional one.

Object Pool attached to GlobalPool has run out of Plat Stream Dust prefabs, Instantiating an additional one.

Object Pool attached to GlobalPool has run out of Plat Dust prefabs, Instantiating an additional one.

Object Pool attached to GlobalPool has run out of Plat Stream Dust prefabs, Instantiating an additional one.

Object Pool attached to GlobalPool has run out of Plat Dust prefabs, Instantiating an additional one.

Object Pool attached to GlobalPool has run out of Plat Stream Dust prefabs, Instantiating an additional one.

Object Pool attached to GlobalPool has run out of Plat Stream Dust prefabs, Instantiating an additional one.

Object Pool attached to GlobalPool has run out of Plat Rocks prefabs, Instantiating an additional one.

Object Pool attached to GlobalPool has run out of Plat Dust prefabs, Instantiating an additional one.

Object Pool attached to GlobalPool has run out of Plat Stream Dust prefabs, Instantiating an additional one.

Object Pool attached to GlobalPool has run out of Plat Rocks prefabs, Instantiating an additional one.

Object Pool attached to GlobalPool has run out of Plat Rocks prefabs, Instantiating an additional one.

Object Pool attached to GlobalPool has run out of Plat Rocks prefabs, Instantiating an additional one.

Object Pool attached to GlobalPool has run out of Strike Nail R prefabs, Instantiating an additional one.

Object Pool attached to GlobalPool has run out of Strike Nail R prefabs, Instantiating an additional one.

Object Pool attached to GlobalPool has run out of Plat Rocks prefabs, Instantiating an additional one.

Deferring level start (marked as manual).

AddEventHandlerComponent: PlayMakerFixedUpdate

AddEventHandlerComponent: PlayMakerFixedUpdate

AddEventHandlerComponent: PlayMakerFixedUpdate

AddEventHandlerComponent: PlayMakerFixedUpdate

AddEventHandlerComponent: PlayMakerFixedUpdate

AddEventHandlerComponent: PlayMakerFixedUpdate

AddEventHandlerComponent: PlayMakerFixedUpdate

AddEventHandlerComponent: PlayMakerFixedUpdate

AddEventHandlerComponent: PlayMakerFixedUpdate

AddEventHandlerComponent: PlayMakerFixedUpdate

AddEventHandlerComponent: PlayMakerFixedUpdate

AddEventHandlerComponent: PlayMakerFixedUpdate

AddEventHandlerComponent: PlayMakerFixedUpdate

AddEventHandlerComponent: PlayMakerFixedUpdate

AddEventHandlerComponent: PlayMakerFixedUpdate

AddEventHandlerComponent: PlayMakerFixedUpdate

AddEventHandlerComponent: PlayMakerFixedUpdate

AddEventHandlerComponent: PlayMakerFixedUpdate

AddEventHandlerComponent: PlayMakerFixedUpdate

AddEventHandlerComponent: PlayMakerFixedUpdate

AddEventHandlerComponent: PlayMakerFixedUpdate

AddEventHandlerComponent: PlayMakerFixedUpdate

AddEventHandlerComponent: PlayMakerFixedUpdate

AddEventHandlerComponent: PlayMakerFixedUpdate

AddEventHandlerComponent: PlayMakerFixedUpdate

AddEventHandlerComponent: PlayMakerFixedUpdate

AddEventHandlerComponent: PlayMakerFixedUpdate

AddEventHandlerComponent: PlayMakerFixedUpdate

AddEventHandlerComponent: PlayMakerFixedUpdate

AddEventHandlerComponent: PlayMakerFixedUpdate

AddEventHandlerComponent: PlayMakerFixedUpdate

AddEventHandlerComponent: PlayMakerFixedUpdate

AddEventHandlerComponent: PlayMakerFixedUpdate

AddEventHandlerComponent: PlayMakerFixedUpdate

AddEventHandlerComponent: PlayMakerFixedUpdate

AddEventHandlerComponent: PlayMakerFixedUpdate

Deferring level start (marked as manual).

AddEventHandlerComponent: PlayMakerFixedUpdate

AddEventHandlerComponent: PlayMakerFixedUpdate

Deferring level start (marked as manual).

AddEventHandlerComponent: PlayMakerFixedUpdate

AddEventHandlerComponent: PlayMakerFixedUpdate

AddEventHandlerComponent: PlayMakerFixedUpdate

AddEventHandlerComponent: PlayMakerFixedUpdate

AddEventHandlerComponent: PlayMakerFixedUpdate

AddEventHandlerComponent: PlayMakerFixedUpdate

AddEventHandlerComponent: PlayMakerFixedUpdate

AddEventHandlerComponent: PlayMakerFixedUpdate

AddEventHandlerComponent: PlayMakerFixedUpdate

AddEventHandlerComponent: PlayMakerFixedUpdate

AddEventHandlerComponent: PlayMakerFixedUpdate

AddEventHandlerComponent: PlayMakerFixedUpdate

AddEventHandlerComponent: PlayMakerFixedUpdate

AddEventHandlerComponent: PlayMakerFixedUpdate

AddEventHandlerComponent: PlayMakerFixedUpdate

AddEventHandlerComponent: PlayMakerFixedUpdate

AddEventHandlerComponent: PlayMakerFixedUpdate

AddEventHandlerComponent: PlayMakerFixedUpdate

AddEventHandlerComponent: PlayMakerFixedUpdate

AddEventHandlerComponent: PlayMakerFixedUpdate

AddEventHandlerComponent: PlayMakerFixedUpdate

AddEventHandlerComponent: PlayMakerFixedUpdate

AddEventHandlerComponent: PlayMakerFixedUpdate

AddEventHandlerComponent: PlayMakerFixedUpdate

AddEventHandlerComponent: PlayMakerFixedUpdate

AddEventHandlerComponent: PlayMakerFixedUpdate

AddEventHandlerComponent: PlayMakerFixedUpdate

AddEventHandlerComponent: PlayMakerFixedUpdate

AddEventHandlerComponent: PlayMakerFixedUpdate

AddEventHandlerComponent: PlayMakerFixedUpdate

AddEventHandlerComponent: PlayMakerFixedUpdate

AddEventHandlerComponent: PlayMakerFixedUpdate

AddEventHandlerComponent: PlayMakerFixedUpdate

AddEventHandlerComponent: PlayMakerFixedUpdate

AddEventHandlerComponent: PlayMakerFixedUpdate

AddEventHandlerComponent: PlayMakerFixedUpdate

Deferring level start (marked as manual).

AddEventHandlerComponent: PlayMakerCollisionStay

AddEventHandlerComponent: PlayMakerCollisionEnter2D

AddEventHandlerComponent: PlayMakerCollisionStay2D

AddEventHandlerComponent: PlayMakerFixedUpdate

AddEventHandlerComponent: PlayMakerCollisionStay

AddEventHandlerComponent: PlayMakerCollisionEnter2D

AddEventHandlerComponent: PlayMakerCollisionStay2D

AddEventHandlerComponent: PlayMakerFixedUpdate

AddEventHandlerComponent: PlayMakerCollisionEnter2D

AddEventHandlerComponent: PlayMakerFixedUpdate

AddEventHandlerComponent: PlayMakerFixedUpdate

AddEventHandlerComponent: PlayMakerCollisionStay

AddEventHandlerComponent: PlayMakerCollisionEnter2D

AddEventHandlerComponent: PlayMakerCollisionStay2D

AddEventHandlerComponent: PlayMakerFixedUpdate

AddEventHandlerComponent: PlayMakerCollisionStay

AddEventHandlerComponent: PlayMakerCollisionEnter2D

AddEventHandlerComponent: PlayMakerCollisionStay2D

AddEventHandlerComponent: PlayMakerFixedUpdate

AddEventHandlerComponent: PlayMakerFixedUpdate

AddEventHandlerComponent: PlayMakerCollisionStay

AddEventHandlerComponent: PlayMakerCollisionEnter2D

AddEventHandlerComponent: PlayMakerCollisionStay2D

AddEventHandlerComponent: PlayMakerFixedUpdate

AddEventHandlerComponent: PlayMakerCollisionStay

AddEventHandlerComponent: PlayMakerCollisionEnter2D

AddEventHandlerComponent: PlayMakerCollisionStay2D

AddEventHandlerComponent: PlayMakerFixedUpdate

AddEventHandlerComponent: PlayMakerCollisionStay

AddEventHandlerComponent: PlayMakerCollisionEnter2D

AddEventHandlerComponent: PlayMakerCollisionStay2D

AddEventHandlerComponent: PlayMakerFixedUpdate

AddEventHandlerComponent: PlayMakerFixedUpdate

AddEventHandlerComponent: PlayMakerCollisionStay

AddEventHandlerComponent: PlayMakerCollisionEnter2D

AddEventHandlerComponent: PlayMakerCollisionStay2D

AddEventHandlerComponent: PlayMakerFixedUpdate

AddEventHandlerComponent: PlayMakerFixedUpdate

Deferring level start (marked as manual).

AddEventHandlerComponent: PlayMakerFixedUpdate

Persistent Bool Item - Couldn't reset value on FSM because it's missing.

Persistent Bool Item - Couldn't reset value on FSM because it's missing.

Persistent Bool Item - Couldn't reset value on FSM because it's missing.

PlayOneShot was called with a null AudioClip.

AddEventHandlerComponent: PlayMakerFixedUpdate

AddEventHandlerComponent: PlayMakerFixedUpdate

Deferring level start (marked as manual).

Setting skip mode: SKIP_INSTANT

NullReferenceException
  at (wrapper managed-to-native) UnityEngine.Object.GetName(UnityEngine.Object)
  at UnityEngine.Object.get_name () [0x00001] in <047294ce45cf4b9a9441e48d2b8435e4>:0 
  at TMPro.TMP_SubMesh.AddSubTextObject (TMPro.TextMeshPro textComponent, TMPro.MaterialReference materialReference) [0x00000] in <2b54cdaf7a934f0eb297d50c4090ea9f>:0 
  at TMPro.TextMeshPro.SetArraySizes (System.Int32[] chars) [0x00925] in <2b54cdaf7a934f0eb297d50c4090ea9f>:0 
  at TMPro.TMP_Text.ParseInputText () [0x0004c] in <2b54cdaf7a934f0eb297d50c4090ea9f>:0 
  at TMPro.TextMeshPro.OnPreRenderObject () [0x000ba] in <2b54cdaf7a934f0eb297d50c4090ea9f>:0 
  at TMPro.TextMeshPro.Rebuild (UnityEngine.UI.CanvasUpdate update) [0x00062] in <2b54cdaf7a934f0eb297d50c4090ea9f>:0 
  at TMPro.TMP_UpdateManager.OnCameraPreRender (UnityEngine.Camera cam) [0x0005c] in <2b54cdaf7a934f0eb297d50c4090ea9f>:0 
  at UnityEngine.Camera.FireOnPreRender (UnityEngine.Camera cam) [0x0000d] in <047294ce45cf4b9a9441e48d2b8435e4>:0 

NullReferenceException: Object reference not set to an instance of an object
  at TMPro.TextMeshPro.GenerateTextMesh () [0x00815] in <2b54cdaf7a934f0eb297d50c4090ea9f>:0 
  at TMPro.TextMeshPro.OnPreRenderObject () [0x0013d] in <2b54cdaf7a934f0eb297d50c4090ea9f>:0 
  at TMPro.TextMeshPro.Rebuild (UnityEngine.UI.CanvasUpdate update) [0x00062] in <2b54cdaf7a934f0eb297d50c4090ea9f>:0 
  at TMPro.TMP_UpdateManager.OnCameraPreRender (UnityEngine.Camera cam) [0x0005c] in <2b54cdaf7a934f0eb297d50c4090ea9f>:0 
  at UnityEngine.Camera.FireOnPreRender (UnityEngine.Camera cam) [0x0000d] in <047294ce45cf4b9a9441e48d2b8435e4>:0 

NullReferenceException: Object reference not set to an instance of an object
  at TMPro.TextMeshPro.GenerateTextMesh () [0x00815] in <2b54cdaf7a934f0eb297d50c4090ea9f>:0 
  at TMPro.TextMeshPro.OnPreRenderObject () [0x0013d] in <2b54cdaf7a934f0eb297d50c4090ea9f>:0 
  at TMPro.TextMeshPro.Rebuild (UnityEngine.UI.CanvasUpdate update) [0x00062] in <2b54cdaf7a934f0eb297d50c4090ea9f>:0 
  at TMPro.TMP_UpdateManager.OnCameraPreRender (UnityEngine.Camera cam) [0x0005c] in <2b54cdaf7a934f0eb297d50c4090ea9f>:0 
  at UnityEngine.Camera.FireOnPreRender (UnityEngine.Camera cam) [0x0000d] in <047294ce45cf4b9a9441e48d2b8435e4>:0 

NullReferenceException: Object reference not set to an instance of an object
  at TMPro.TextMeshPro.GenerateTextMesh () [0x00815] in <2b54cdaf7a934f0eb297d50c4090ea9f>:0 
  at TMPro.TextMeshPro.OnPreRenderObject () [0x0013d] in <2b54cdaf7a934f0eb297d50c4090ea9f>:0 
  at TMPro.TextMeshPro.Rebuild (UnityEngine.UI.CanvasUpdate update) [0x00062] in <2b54cdaf7a934f0eb297d50c4090ea9f>:0 
  at TMPro.TMP_UpdateManager.OnCameraPreRender (UnityEngine.Camera cam) [0x0005c] in <2b54cdaf7a934f0eb297d50c4090ea9f>:0 
  at UnityEngine.Camera.FireOnPreRender (UnityEngine.Camera cam) [0x0000d] in <047294ce45cf4b9a9441e48d2b8435e4>:0 

NullReferenceException: Object reference not set to an instance of an object
  at TMPro.TextMeshPro.GenerateTextMesh () [0x00815] in <2b54cdaf7a934f0eb297d50c4090ea9f>:0 
  at TMPro.TextMeshPro.OnPreRenderObject () [0x0013d] in <2b54cdaf7a934f0eb297d50c4090ea9f>:0 
  at TMPro.TextMeshPro.Rebuild (UnityEngine.UI.CanvasUpdate update) [0x00062] in <2b54cdaf7a934f0eb297d50c4090ea9f>:0 
  at TMPro.TMP_UpdateManager.OnCameraPreRender (UnityEngine.Camera cam) [0x0005c] in <2b54cdaf7a934f0eb297d50c4090ea9f>:0 
  at UnityEngine.Camera.FireOnPreRender (UnityEngine.Camera cam) [0x0000d] in <047294ce45cf4b9a9441e48d2b8435e4>:0 

NullReferenceException: Object reference not set to an instance of an object
  at TMPro.TextMeshPro.GenerateTextMesh () [0x00815] in <2b54cdaf7a934f0eb297d50c4090ea9f>:0 
  at TMPro.TextMeshPro.OnPreRenderObject () [0x0013d] in <2b54cdaf7a934f0eb297d50c4090ea9f>:0 
  at TMPro.TextMeshPro.Rebuild (UnityEngine.UI.CanvasUpdate update) [0x00062] in <2b54cdaf7a934f0eb297d50c4090ea9f>:0 
  at TMPro.TMP_UpdateManager.OnCameraPreRender (UnityEngine.Camera cam) [0x0005c] in <2b54cdaf7a934f0eb297d50c4090ea9f>:0 
  at UnityEngine.Camera.FireOnPreRender (UnityEngine.Camera cam) [0x0000d] in <047294ce45cf4b9a9441e48d2b8435e4>:0 

NullReferenceException: Object reference not set to an instance of an object
  at TMPro.TextMeshPro.GenerateTextMesh () [0x00815] in <2b54cdaf7a934f0eb297d50c4090ea9f>:0 
  at TMPro.TextMeshPro.OnPreRenderObject () [0x0013d] in <2b54cdaf7a934f0eb297d50c4090ea9f>:0 
  at TMPro.TextMeshPro.Rebuild (UnityEngine.UI.CanvasUpdate update) [0x00062] in <2b54cdaf7a934f0eb297d50c4090ea9f>:0 
  at TMPro.TMP_UpdateManager.OnCameraPreRender (UnityEngine.Camera cam) [0x0005c] in <2b54cdaf7a934f0eb297d50c4090ea9f>:0 
  at UnityEngine.Camera.FireOnPreRender (UnityEngine.Camera cam) [0x0000d] in <047294ce45cf4b9a9441e48d2b8435e4>:0 

NullReferenceException: Object reference not set to an instance of an object
  at TMPro.TextMeshPro.GenerateTextMesh () [0x00815] in <2b54cdaf7a934f0eb297d50c4090ea9f>:0 
  at TMPro.TextMeshPro.OnPreRenderObject () [0x0013d] in <2b54cdaf7a934f0eb297d50c4090ea9f>:0 
  at TMPro.TextMeshPro.Rebuild (UnityEngine.UI.CanvasUpdate update) [0x00062] in <2b54cdaf7a934f0eb297d50c4090ea9f>:0 
  at TMPro.TMP_UpdateManager.OnCameraPreRender (UnityEngine.Camera cam) [0x0005c] in <2b54cdaf7a934f0eb297d50c4090ea9f>:0 
  at UnityEngine.Camera.FireOnPreRender (UnityEngine.Camera cam) [0x0000d] in <047294ce45cf4b9a9441e48d2b8435e4>:0 

NullReferenceException
  at (wrapper managed-to-native) UnityEngine.Object.GetName(UnityEngine.Object)
  at UnityEngine.Object.get_name () [0x00001] in <047294ce45cf4b9a9441e48d2b8435e4>:0 
  at TMPro.TMP_SubMesh.AddSubTextObject (TMPro.TextMeshPro textComponent, TMPro.MaterialReference materialReference) [0x00000] in <2b54cdaf7a934f0eb297d50c4090ea9f>:0 
  at TMPro.TextMeshPro.SetArraySizes (System.Int32[] chars) [0x00925] in <2b54cdaf7a934f0eb297d50c4090ea9f>:0 
  at TMPro.TMP_Text.ParseInputText () [0x0004c] in <2b54cdaf7a934f0eb297d50c4090ea9f>:0 
  at TMPro.TextMeshPro.OnPreRenderObject () [0x000ba] in <2b54cdaf7a934f0eb297d50c4090ea9f>:0 
  at TMPro.TextMeshPro.Rebuild (UnityEngine.UI.CanvasUpdate update) [0x00062] in <2b54cdaf7a934f0eb297d50c4090ea9f>:0 
  at TMPro.TMP_UpdateManager.OnCameraPreRender (UnityEngine.Camera cam) [0x0005c] in <2b54cdaf7a934f0eb297d50c4090ea9f>:0 
  at UnityEngine.Camera.FireOnPreRender (UnityEngine.Camera cam) [0x0000d] in <047294ce45cf4b9a9441e48d2b8435e4>:0 

NullReferenceException: Object reference not set to an instance of an object
  at TMPro.TextMeshPro.GenerateTextMesh () [0x00815] in <2b54cdaf7a934f0eb297d50c4090ea9f>:0 
  at TMPro.TextMeshPro.OnPreRenderObject () [0x0013d] in <2b54cdaf7a934f0eb297d50c4090ea9f>:0 
  at TMPro.TextMeshPro.Rebuild (UnityEngine.UI.CanvasUpdate update) [0x00062] in <2b54cdaf7a934f0eb297d50c4090ea9f>:0 
  at TMPro.TMP_UpdateManager.OnCameraPreRender (UnityEngine.Camera cam) [0x0005c] in <2b54cdaf7a934f0eb297d50c4090ea9f>:0 
  at UnityEngine.Camera.FireOnPreRender (UnityEngine.Camera cam) [0x0000d] in <047294ce45cf4b9a9441e48d2b8435e4>:0 

Could not find FSM: Enough Geo

NullReferenceException
  at (wrapper managed-to-native) UnityEngine.Object.GetName(UnityEngine.Object)
  at UnityEngine.Object.get_name () [0x00001] in <047294ce45cf4b9a9441e48d2b8435e4>:0 
  at TMPro.TMP_SubMesh.AddSubTextObject (TMPro.TextMeshPro textComponent, TMPro.MaterialReference materialReference) [0x00000] in <2b54cdaf7a934f0eb297d50c4090ea9f>:0 
  at TMPro.TextMeshPro.SetArraySizes (System.Int32[] chars) [0x00925] in <2b54cdaf7a934f0eb297d50c4090ea9f>:0 
  at TMPro.TMP_Text.ParseInputText () [0x0004c] in <2b54cdaf7a934f0eb297d50c4090ea9f>:0 
  at TMPro.TextMeshPro.OnPreRenderObject () [0x000ba] in <2b54cdaf7a934f0eb297d50c4090ea9f>:0 
  at TMPro.TextMeshPro.Rebuild (UnityEngine.UI.CanvasUpdate update) [0x00062] in <2b54cdaf7a934f0eb297d50c4090ea9f>:0 
  at TMPro.TMP_UpdateManager.OnCameraPreRender (UnityEngine.Camera cam) [0x0005c] in <2b54cdaf7a934f0eb297d50c4090ea9f>:0 
  at UnityEngine.Camera.FireOnPreRender (UnityEngine.Camera cam) [0x0000d] in <047294ce45cf4b9a9441e48d2b8435e4>:0 

NullReferenceException: Object reference not set to an instance of an object
  at TMPro.TextMeshPro.GenerateTextMesh () [0x00815] in <2b54cdaf7a934f0eb297d50c4090ea9f>:0 
  at TMPro.TextMeshPro.OnPreRenderObject () [0x0013d] in <2b54cdaf7a934f0eb297d50c4090ea9f>:0 
  at TMPro.TextMeshPro.Rebuild (UnityEngine.UI.CanvasUpdate update) [0x00062] in <2b54cdaf7a934f0eb297d50c4090ea9f>:0 
  at TMPro.TMP_UpdateManager.OnCameraPreRender (UnityEngine.Camera cam) [0x0005c] in <2b54cdaf7a934f0eb297d50c4090ea9f>:0 
  at UnityEngine.Camera.FireOnPreRender (UnityEngine.Camera cam) [0x0000d] in <047294ce45cf4b9a9441e48d2b8435e4>:0 

NullReferenceException: Object reference not set to an instance of an object
  at TMPro.TextMeshPro.GenerateTextMesh () [0x00815] in <2b54cdaf7a934f0eb297d50c4090ea9f>:0 
  at TMPro.TextMeshPro.OnPreRenderObject () [0x0013d] in <2b54cdaf7a934f0eb297d50c4090ea9f>:0 
  at TMPro.TextMeshPro.Rebuild (UnityEngine.UI.CanvasUpdate update) [0x00062] in <2b54cdaf7a934f0eb297d50c4090ea9f>:0 
  at TMPro.TMP_UpdateManager.OnCameraPreRender (UnityEngine.Camera cam) [0x0005c] in <2b54cdaf7a934f0eb297d50c4090ea9f>:0 
  at UnityEngine.Camera.FireOnPreRender (UnityEngine.Camera cam) [0x0000d] in <047294ce45cf4b9a9441e48d2b8435e4>:0 

NullReferenceException: Object reference not set to an instance of an object
  at TMPro.TextMeshPro.GenerateTextMesh () [0x00815] in <2b54cdaf7a934f0eb297d50c4090ea9f>:0 
  at TMPro.TextMeshPro.OnPreRenderObject () [0x0013d] in <2b54cdaf7a934f0eb297d50c4090ea9f>:0 
  at TMPro.TextMeshPro.Rebuild (UnityEngine.UI.CanvasUpdate update) [0x00062] in <2b54cdaf7a934f0eb297d50c4090ea9f>:0 
  at TMPro.TMP_UpdateManager.OnCameraPreRender (UnityEngine.Camera cam) [0x0005c] in <2b54cdaf7a934f0eb297d50c4090ea9f>:0 
  at UnityEngine.Camera.FireOnPreRender (UnityEngine.Camera cam) [0x0000d] in <047294ce45cf4b9a9441e48d2b8435e4>:0 

NullReferenceException: Object reference not set to an instance of an object
  at TMPro.TextMeshPro.GenerateTextMesh () [0x00815] in <2b54cdaf7a934f0eb297d50c4090ea9f>:0 
  at TMPro.TextMeshPro.OnPreRenderObject () [0x0013d] in <2b54cdaf7a934f0eb297d50c4090ea9f>:0 
  at TMPro.TextMeshPro.Rebuild (UnityEngine.UI.CanvasUpdate update) [0x00062] in <2b54cdaf7a934f0eb297d50c4090ea9f>:0 
  at TMPro.TMP_UpdateManager.OnCameraPreRender (UnityEngine.Camera cam) [0x0005c] in <2b54cdaf7a934f0eb297d50c4090ea9f>:0 
  at UnityEngine.Camera.FireOnPreRender (UnityEngine.Camera cam) [0x0000d] in <047294ce45cf4b9a9441e48d2b8435e4>:0 

NullReferenceException: Object reference not set to an instance of an object
  at TMPro.TextMeshPro.GenerateTextMesh () [0x00815] in <2b54cdaf7a934f0eb297d50c4090ea9f>:0 
  at TMPro.TextMeshPro.OnPreRenderObject () [0x0013d] in <2b54cdaf7a934f0eb297d50c4090ea9f>:0 
  at TMPro.TextMeshPro.Rebuild (UnityEngine.UI.CanvasUpdate update) [0x00062] in <2b54cdaf7a934f0eb297d50c4090ea9f>:0 
  at TMPro.TMP_UpdateManager.OnCameraPreRender (UnityEngine.Camera cam) [0x0005c] in <2b54cdaf7a934f0eb297d50c4090ea9f>:0 
  at UnityEngine.Camera.FireOnPreRender (UnityEngine.Camera cam) [0x0000d] in <047294ce45cf4b9a9441e48d2b8435e4>:0 

NullReferenceException: Object reference not set to an instance of an object
  at TMPro.TextMeshPro.GenerateTextMesh () [0x00815] in <2b54cdaf7a934f0eb297d50c4090ea9f>:0 
  at TMPro.TextMeshPro.OnPreRenderObject () [0x0013d] in <2b54cdaf7a934f0eb297d50c4090ea9f>:0 
  at TMPro.TextMeshPro.Rebuild (UnityEngine.UI.CanvasUpdate update) [0x00062] in <2b54cdaf7a934f0eb297d50c4090ea9f>:0 
  at TMPro.TMP_UpdateManager.OnCameraPreRender (UnityEngine.Camera cam) [0x0005c] in <2b54cdaf7a934f0eb297d50c4090ea9f>:0 
  at UnityEngine.Camera.FireOnPreRender (UnityEngine.Camera cam) [0x0000d] in <047294ce45cf4b9a9441e48d2b8435e4>:0 

NullReferenceException: Object reference not set to an instance of an object
  at TMPro.TextMeshPro.GenerateTextMesh () [0x00815] in <2b54cdaf7a934f0eb297d50c4090ea9f>:0 
  at TMPro.TextMeshPro.OnPreRenderObject () [0x0013d] in <2b54cdaf7a934f0eb297d50c4090ea9f>:0 
  at TMPro.TextMeshPro.Rebuild (UnityEngine.UI.CanvasUpdate update) [0x00062] in <2b54cdaf7a934f0eb297d50c4090ea9f>:0 
  at TMPro.TMP_UpdateManager.OnCameraPreRender (UnityEngine.Camera cam) [0x0005c] in <2b54cdaf7a934f0eb297d50c4090ea9f>:0 
  at UnityEngine.Camera.FireOnPreRender (UnityEngine.Camera cam) [0x0000d] in <047294ce45cf4b9a9441e48d2b8435e4>:0 

NullReferenceException: Object reference not set to an instance of an object
  at TMPro.TextMeshPro.GenerateTextMesh () [0x00815] in <2b54cdaf7a934f0eb297d50c4090ea9f>:0 
  at TMPro.TextMeshPro.OnPreRenderObject () [0x0013d] in <2b54cdaf7a934f0eb297d50c4090ea9f>:0 
  at TMPro.TextMeshPro.Rebuild (UnityEngine.UI.CanvasUpdate update) [0x00062] in <2b54cdaf7a934f0eb297d50c4090ea9f>:0 
  at TMPro.TMP_UpdateManager.OnCameraPreRender (UnityEngine.Camera cam) [0x0005c] in <2b54cdaf7a934f0eb297d50c4090ea9f>:0 
  at UnityEngine.Camera.FireOnPreRender (UnityEngine.Camera cam) [0x0000d] in <047294ce45cf4b9a9441e48d2b8435e4>:0 

NullReferenceException: Object reference not set to an instance of an object
  at TMPro.TextMeshPro.GenerateTextMesh () [0x00815] in <2b54cdaf7a934f0eb297d50c4090ea9f>:0 
  at TMPro.TextMeshPro.OnPreRenderObject () [0x0013d] in <2b54cdaf7a934f0eb297d50c4090ea9f>:0 
  at TMPro.TextMeshPro.Rebuild (UnityEngine.UI.CanvasUpdate update) [0x00062] in <2b54cdaf7a934f0eb297d50c4090ea9f>:0 
  at TMPro.TMP_UpdateManager.OnCameraPreRender (UnityEngine.Camera cam) [0x0005c] in <2b54cdaf7a934f0eb297d50c4090ea9f>:0 
  at UnityEngine.Camera.FireOnPreRender (UnityEngine.Camera cam) [0x0000d] in <047294ce45cf4b9a9441e48d2b8435e4>:0 

NullReferenceException: Object reference not set to an instance of an object
  at TMPro.TextMeshPro.GenerateTextMesh () [0x00815] in <2b54cdaf7a934f0eb297d50c4090ea9f>:0 
  at TMPro.TextMeshPro.OnPreRenderObject () [0x0013d] in <2b54cdaf7a934f0eb297d50c4090ea9f>:0 
  at TMPro.TextMeshPro.Rebuild (UnityEngine.UI.CanvasUpdate update) [0x00062] in <2b54cdaf7a934f0eb297d50c4090ea9f>:0 
  at TMPro.TMP_UpdateManager.OnCameraPreRender (UnityEngine.Camera cam) [0x0005c] in <2b54cdaf7a934f0eb297d50c4090ea9f>:0 
  at UnityEngine.Camera.FireOnPreRender (UnityEngine.Camera cam) [0x0000d] in <047294ce45cf4b9a9441e48d2b8435e4>:0 

NullReferenceException: Object reference not set to an instance of an object
  at TMPro.TextMeshPro.GenerateTextMesh () [0x00815] in <2b54cdaf7a934f0eb297d50c4090ea9f>:0 
  at TMPro.TextMeshPro.OnPreRenderObject () [0x0013d] in <2b54cdaf7a934f0eb297d50c4090ea9f>:0 
  at TMPro.TextMeshPro.Rebuild (UnityEngine.UI.CanvasUpdate update) [0x00062] in <2b54cdaf7a934f0eb297d50c4090ea9f>:0 
  at TMPro.TMP_UpdateManager.OnCameraPreRender (UnityEngine.Camera cam) [0x0005c] in <2b54cdaf7a934f0eb297d50c4090ea9f>:0 
  at UnityEngine.Camera.FireOnPreRender (UnityEngine.Camera cam) [0x0000d] in <047294ce45cf4b9a9441e48d2b8435e4>:0 

NullReferenceException: Object reference not set to an instance of an object
  at TMPro.TextMeshPro.GenerateTextMesh () [0x00815] in <2b54cdaf7a934f0eb297d50c4090ea9f>:0 
  at TMPro.TextMeshPro.OnPreRenderObject () [0x0013d] in <2b54cdaf7a934f0eb297d50c4090ea9f>:0 
  at TMPro.TextMeshPro.Rebuild (UnityEngine.UI.CanvasUpdate update) [0x00062] in <2b54cdaf7a934f0eb297d50c4090ea9f>:0 
  at TMPro.TMP_UpdateManager.OnCameraPreRender (UnityEngine.Camera cam) [0x0005c] in <2b54cdaf7a934f0eb297d50c4090ea9f>:0 
  at UnityEngine.Camera.FireOnPreRender (UnityEngine.Camera cam) [0x0000d] in <047294ce45cf4b9a9441e48d2b8435e4>:0 

NullReferenceException: Object reference not set to an instance of an object
  at TMPro.TextMeshPro.GenerateTextMesh () [0x00815] in <2b54cdaf7a934f0eb297d50c4090ea9f>:0 
  at TMPro.TextMeshPro.OnPreRenderObject () [0x0013d] in <2b54cdaf7a934f0eb297d50c4090ea9f>:0 
  at TMPro.TextMeshPro.Rebuild (UnityEngine.UI.CanvasUpdate update) [0x00062] in <2b54cdaf7a934f0eb297d50c4090ea9f>:0 
  at TMPro.TMP_UpdateManager.OnCameraPreRender (UnityEngine.Camera cam) [0x0005c] in <2b54cdaf7a934f0eb297d50c4090ea9f>:0 
  at UnityEngine.Camera.FireOnPreRender (UnityEngine.Camera cam) [0x0000d] in <047294ce45cf4b9a9441e48d2b8435e4>:0 

NullReferenceException: Object reference not set to an instance of an object
  at TMPro.TextMeshPro.GenerateTextMesh () [0x00815] in <2b54cdaf7a934f0eb297d50c4090ea9f>:0 
  at TMPro.TextMeshPro.OnPreRenderObject () [0x0013d] in <2b54cdaf7a934f0eb297d50c4090ea9f>:0 
  at TMPro.TextMeshPro.Rebuild (UnityEngine.UI.CanvasUpdate update) [0x00062] in <2b54cdaf7a934f0eb297d50c4090ea9f>:0 
  at TMPro.TMP_UpdateManager.OnCameraPreRender (UnityEngine.Camera cam) [0x0005c] in <2b54cdaf7a934f0eb297d50c4090ea9f>:0 
  at UnityEngine.Camera.FireOnPreRender (UnityEngine.Camera cam) [0x0000d] in <047294ce45cf4b9a9441e48d2b8435e4>:0 

NullReferenceException: Object reference not set to an instance of an object
  at TMPro.TextMeshPro.GenerateTextMesh () [0x00815] in <2b54cdaf7a934f0eb297d50c4090ea9f>:0 
  at TMPro.TextMeshPro.OnPreRenderObject () [0x0013d] in <2b54cdaf7a934f0eb297d50c4090ea9f>:0 
  at TMPro.TextMeshPro.Rebuild (UnityEngine.UI.CanvasUpdate update) [0x00062] in <2b54cdaf7a934f0eb297d50c4090ea9f>:0 
  at TMPro.TMP_UpdateManager.OnCameraPreRender (UnityEngine.Camera cam) [0x0005c] in <2b54cdaf7a934f0eb297d50c4090ea9f>:0 
  at UnityEngine.Camera.FireOnPreRender (UnityEngine.Camera cam) [0x0000d] in <047294ce45cf4b9a9441e48d2b8435e4>:0 

NullReferenceException: Object reference not set to an instance of an object
  at TMPro.TextMeshPro.GenerateTextMesh () [0x00815] in <2b54cdaf7a934f0eb297d50c4090ea9f>:0 
  at TMPro.TextMeshPro.OnPreRenderObject () [0x0013d] in <2b54cdaf7a934f0eb297d50c4090ea9f>:0 
  at TMPro.TextMeshPro.Rebuild (UnityEngine.UI.CanvasUpdate update) [0x00062] in <2b54cdaf7a934f0eb297d50c4090ea9f>:0 
  at TMPro.TMP_UpdateManager.OnCameraPreRender (UnityEngine.Camera cam) [0x0005c] in <2b54cdaf7a934f0eb297d50c4090ea9f>:0 
  at UnityEngine.Camera.FireOnPreRender (UnityEngine.Camera cam) [0x0000d] in <047294ce45cf4b9a9441e48d2b8435e4>:0 

NullReferenceException: Object reference not set to an instance of an object
  at TMPro.TextMeshPro.GenerateTextMesh () [0x00815] in <2b54cdaf7a934f0eb297d50c4090ea9f>:0 
  at TMPro.TextMeshPro.OnPreRenderObject () [0x0013d] in <2b54cdaf7a934f0eb297d50c4090ea9f>:0 
  at TMPro.TextMeshPro.Rebuild (UnityEngine.UI.CanvasUpdate update) [0x00062] in <2b54cdaf7a934f0eb297d50c4090ea9f>:0 
  at TMPro.TMP_UpdateManager.OnCameraPreRender (UnityEngine.Camera cam) [0x0005c] in <2b54cdaf7a934f0eb297d50c4090ea9f>:0 
  at UnityEngine.Camera.FireOnPreRender (UnityEngine.Camera cam) [0x0000d] in <047294ce45cf4b9a9441e48d2b8435e4>:0 

NullReferenceException: Object reference not set to an instance of an object
  at TMPro.TextMeshPro.GenerateTextMesh () [0x00815] in <2b54cdaf7a934f0eb297d50c4090ea9f>:0 
  at TMPro.TextMeshPro.OnPreRenderObject () [0x0013d] in <2b54cdaf7a934f0eb297d50c4090ea9f>:0 
  at TMPro.TextMeshPro.Rebuild (UnityEngine.UI.CanvasUpdate update) [0x00062] in <2b54cdaf7a934f0eb297d50c4090ea9f>:0 
  at TMPro.TMP_UpdateManager.OnCameraPreRender (UnityEngine.Camera cam) [0x0005c] in <2b54cdaf7a934f0eb297d50c4090ea9f>:0 
  at UnityEngine.Camera.FireOnPreRender (UnityEngine.Camera cam) [0x0000d] in <047294ce45cf4b9a9441e48d2b8435e4>:0 

NullReferenceException: Object reference not set to an instance of an object
  at TMPro.TextMeshPro.GenerateTextMesh () [0x00815] in <2b54cdaf7a934f0eb297d50c4090ea9f>:0 
  at TMPro.TextMeshPro.OnPreRenderObject () [0x0013d] in <2b54cdaf7a934f0eb297d50c4090ea9f>:0 
  at TMPro.TextMeshPro.Rebuild (UnityEngine.UI.CanvasUpdate update) [0x00062] in <2b54cdaf7a934f0eb297d50c4090ea9f>:0 
  at TMPro.TMP_UpdateManager.OnCameraPreRender (UnityEngine.Camera cam) [0x0005c] in <2b54cdaf7a934f0eb297d50c4090ea9f>:0 
  at UnityEngine.Camera.FireOnPreRender (UnityEngine.Camera cam) [0x0000d] in <047294ce45cf4b9a9441e48d2b8435e4>:0 

NullReferenceException: Object reference not set to an instance of an object
  at TMPro.TextMeshPro.GenerateTextMesh () [0x00815] in <2b54cdaf7a934f0eb297d50c4090ea9f>:0 
  at TMPro.TextMeshPro.OnPreRenderObject () [0x0013d] in <2b54cdaf7a934f0eb297d50c4090ea9f>:0 
  at TMPro.TextMeshPro.Rebuild (UnityEngine.UI.CanvasUpdate update) [0x00062] in <2b54cdaf7a934f0eb297d50c4090ea9f>:0 
  at TMPro.TMP_UpdateManager.OnCameraPreRender (UnityEngine.Camera cam) [0x0005c] in <2b54cdaf7a934f0eb297d50c4090ea9f>:0 
  at UnityEngine.Camera.FireOnPreRender (UnityEngine.Camera cam) [0x0000d] in <047294ce45cf4b9a9441e48d2b8435e4>:0 

NullReferenceException: Object reference not set to an instance of an object
  at TMPro.TextMeshPro.GenerateTextMesh () [0x00815] in <2b54cdaf7a934f0eb297d50c4090ea9f>:0 
  at TMPro.TextMeshPro.OnPreRenderObject () [0x0013d] in <2b54cdaf7a934f0eb297d50c4090ea9f>:0 
  at TMPro.TextMeshPro.Rebuild (UnityEngine.UI.CanvasUpdate update) [0x00062] in <2b54cdaf7a934f0eb297d50c4090ea9f>:0 
  at TMPro.TMP_UpdateManager.OnCameraPreRender (UnityEngine.Camera cam) [0x0005c] in <2b54cdaf7a934f0eb297d50c4090ea9f>:0 
  at UnityEngine.Camera.FireOnPreRender (UnityEngine.Camera cam) [0x0000d] in <047294ce45cf4b9a9441e48d2b8435e4>:0 

NullReferenceException: Object reference not set to an instance of an object
  at TMPro.TextMeshPro.GenerateTextMesh () [0x00815] in <2b54cdaf7a934f0eb297d50c4090ea9f>:0 
  at TMPro.TextMeshPro.OnPreRenderObject () [0x0013d] in <2b54cdaf7a934f0eb297d50c4090ea9f>:0 
  at TMPro.TextMeshPro.Rebuild (UnityEngine.UI.CanvasUpdate update) [0x00062] in <2b54cdaf7a934f0eb297d50c4090ea9f>:0 
  at TMPro.TMP_UpdateManager.OnCameraPreRender (UnityEngine.Camera cam) [0x0005c] in <2b54cdaf7a934f0eb297d50c4090ea9f>:0 
  at UnityEngine.Camera.FireOnPreRender (UnityEngine.Camera cam) [0x0000d] in <047294ce45cf4b9a9441e48d2b8435e4>:0 

NullReferenceException: Object reference not set to an instance of an object
  at TMPro.TextMeshPro.GenerateTextMesh () [0x00815] in <2b54cdaf7a934f0eb297d50c4090ea9f>:0 
  at TMPro.TextMeshPro.OnPreRenderObject () [0x0013d] in <2b54cdaf7a934f0eb297d50c4090ea9f>:0 
  at TMPro.TextMeshPro.Rebuild (UnityEngine.UI.CanvasUpdate update) [0x00062] in <2b54cdaf7a934f0eb297d50c4090ea9f>:0 
  at TMPro.TMP_UpdateManager.OnCameraPreRender (UnityEngine.Camera cam) [0x0005c] in <2b54cdaf7a934f0eb297d50c4090ea9f>:0 
  at UnityEngine.Camera.FireOnPreRender (UnityEngine.Camera cam) [0x0000d] in <047294ce45cf4b9a9441e48d2b8435e4>:0 

NullReferenceException: Object reference not set to an instance of an object
  at TMPro.TextMeshPro.GenerateTextMesh () [0x00815] in <2b54cdaf7a934f0eb297d50c4090ea9f>:0 
  at TMPro.TextMeshPro.OnPreRenderObject () [0x0013d] in <2b54cdaf7a934f0eb297d50c4090ea9f>:0 
  at TMPro.TextMeshPro.Rebuild (UnityEngine.UI.CanvasUpdate update) [0x00062] in <2b54cdaf7a934f0eb297d50c4090ea9f>:0 
  at TMPro.TMP_UpdateManager.OnCameraPreRender (UnityEngine.Camera cam) [0x0005c] in <2b54cdaf7a934f0eb297d50c4090ea9f>:0 
  at UnityEngine.Camera.FireOnPreRender (UnityEngine.Camera cam) [0x0000d] in <047294ce45cf4b9a9441e48d2b8435e4>:0 

NullReferenceException: Object reference not set to an instance of an object
  at TMPro.TextMeshPro.GenerateTextMesh () [0x00815] in <2b54cdaf7a934f0eb297d50c4090ea9f>:0 
  at TMPro.TextMeshPro.OnPreRenderObject () [0x0013d] in <2b54cdaf7a934f0eb297d50c4090ea9f>:0 
  at TMPro.TextMeshPro.Rebuild (UnityEngine.UI.CanvasUpdate update) [0x00062] in <2b54cdaf7a934f0eb297d50c4090ea9f>:0 
  at TMPro.TMP_UpdateManager.OnCameraPreRender (UnityEngine.Camera cam) [0x0005c] in <2b54cdaf7a934f0eb297d50c4090ea9f>:0 
  at UnityEngine.Camera.FireOnPreRender (UnityEngine.Camera cam) [0x0000d] in <047294ce45cf4b9a9441e48d2b8435e4>:0 

NullReferenceException
  at (wrapper managed-to-native) UnityEngine.Object.GetName(UnityEngine.Object)
  at UnityEngine.Object.get_name () [0x00001] in <047294ce45cf4b9a9441e48d2b8435e4>:0 
  at TMPro.TMP_SubMesh.AddSubTextObject (TMPro.TextMeshPro textComponent, TMPro.MaterialReference materialReference) [0x00000] in <2b54cdaf7a934f0eb297d50c4090ea9f>:0 
  at TMPro.TextMeshPro.SetArraySizes (System.Int32[] chars) [0x00925] in <2b54cdaf7a934f0eb297d50c4090ea9f>:0 
  at TMPro.TMP_Text.ParseInputText () [0x0004c] in <2b54cdaf7a934f0eb297d50c4090ea9f>:0 
  at TMPro.TextMeshPro.OnPreRenderObject () [0x000ba] in <2b54cdaf7a934f0eb297d50c4090ea9f>:0 
  at TMPro.TextMeshPro.Rebuild (UnityEngine.UI.CanvasUpdate update) [0x00062] in <2b54cdaf7a934f0eb297d50c4090ea9f>:0 
  at TMPro.TMP_UpdateManager.OnCameraPreRender (UnityEngine.Camera cam) [0x0005c] in <2b54cdaf7a934f0eb297d50c4090ea9f>:0 
  at UnityEngine.Camera.FireOnPreRender (UnityEngine.Camera cam) [0x0000d] in <047294ce45cf4b9a9441e48d2b8435e4>:0 

NullReferenceException: Object reference not set to an instance of an object
  at TMPro.TextMeshPro.GenerateTextMesh () [0x00815] in <2b54cdaf7a934f0eb297d50c4090ea9f>:0 
  at TMPro.TextMeshPro.OnPreRenderObject () [0x0013d] in <2b54cdaf7a934f0eb297d50c4090ea9f>:0 
  at TMPro.TextMeshPro.Rebuild (UnityEngine.UI.CanvasUpdate update) [0x00062] in <2b54cdaf7a934f0eb297d50c4090ea9f>:0 
  at TMPro.TMP_UpdateManager.OnCameraPreRender (UnityEngine.Camera cam) [0x0005c] in <2b54cdaf7a934f0eb297d50c4090ea9f>:0 
  at UnityEngine.Camera.FireOnPreRender (UnityEngine.Camera cam) [0x0000d] in <047294ce45cf4b9a9441e48d2b8435e4>:0 

PlayOneShot was called with a null AudioClip.

AddEventHandlerComponent: PlayMakerCollisionStay

AddEventHandlerComponent: PlayMakerCollisionEnter2D

AddEventHandlerComponent: PlayMakerCollisionStay2D

AddEventHandlerComponent: PlayMakerFixedUpdate

AddEventHandlerComponent: PlayMakerCollisionStay

AddEventHandlerComponent: PlayMakerCollisionEnter2D

AddEventHandlerComponent: PlayMakerCollisionStay2D

AddEventHandlerComponent: PlayMakerFixedUpdate

AddEventHandlerComponent: PlayMakerCollisionEnter2D

AddEventHandlerComponent: PlayMakerFixedUpdate

AddEventHandlerComponent: PlayMakerFixedUpdate

AddEventHandlerComponent: PlayMakerCollisionStay

AddEventHandlerComponent: PlayMakerCollisionEnter2D

AddEventHandlerComponent: PlayMakerCollisionStay2D

AddEventHandlerComponent: PlayMakerFixedUpdate

AddEventHandlerComponent: PlayMakerCollisionStay

AddEventHandlerComponent: PlayMakerCollisionEnter2D

AddEventHandlerComponent: PlayMakerCollisionStay2D

AddEventHandlerComponent: PlayMakerFixedUpdate

AddEventHandlerComponent: PlayMakerFixedUpdate

AddEventHandlerComponent: PlayMakerCollisionStay

AddEventHandlerComponent: PlayMakerCollisionEnter2D

AddEventHandlerComponent: PlayMakerCollisionStay2D

AddEventHandlerComponent: PlayMakerFixedUpdate

AddEventHandlerComponent: PlayMakerCollisionStay

AddEventHandlerComponent: PlayMakerCollisionEnter2D

AddEventHandlerComponent: PlayMakerCollisionStay2D

AddEventHandlerComponent: PlayMakerFixedUpdate

AddEventHandlerComponent: PlayMakerCollisionStay

AddEventHandlerComponent: PlayMakerCollisionEnter2D

AddEventHandlerComponent: PlayMakerCollisionStay2D

AddEventHandlerComponent: PlayMakerFixedUpdate

AddEventHandlerComponent: PlayMakerFixedUpdate

AddEventHandlerComponent: PlayMakerCollisionStay

AddEventHandlerComponent: PlayMakerCollisionEnter2D

AddEventHandlerComponent: PlayMakerCollisionStay2D

AddEventHandlerComponent: PlayMakerFixedUpdate

AddEventHandlerComponent: PlayMakerFixedUpdate

Deferring level start (marked as manual).

AddEventHandlerComponent: PlayMakerFixedUpdate

Persistent Bool Item - Couldn't reset value on FSM because it's missing.

Persistent Bool Item - Couldn't reset value on FSM because it's missing.

Persistent Bool Item - Couldn't reset value on FSM because it's missing.

AddEventHandlerComponent: PlayMakerFixedUpdate

AddEventHandlerComponent: PlayMakerFixedUpdate

AddEventHandlerComponent: PlayMakerFixedUpdate

AddEventHandlerComponent: PlayMakerFixedUpdate

AddEventHandlerComponent: PlayMakerFixedUpdate

AddEventHandlerComponent: PlayMakerFixedUpdate

AddEventHandlerComponent: PlayMakerFixedUpdate

AddEventHandlerComponent: PlayMakerFixedUpdate

AddEventHandlerComponent: PlayMakerFixedUpdate

AddEventHandlerComponent: PlayMakerFixedUpdate

AddEventHandlerComponent: PlayMakerFixedUpdate

AddEventHandlerComponent: PlayMakerFixedUpdate

AddEventHandlerComponent: PlayMakerFixedUpdate

AddEventHandlerComponent: PlayMakerFixedUpdate

AddEventHandlerComponent: PlayMakerFixedUpdate

AddEventHandlerComponent: PlayMakerFixedUpdate

AddEventHandlerComponent: PlayMakerFixedUpdate

AddEventHandlerComponent: PlayMakerFixedUpdate

AddEventHandlerComponent: PlayMakerFixedUpdate

AddEventHandlerComponent: PlayMakerFixedUpdate

AddEventHandlerComponent: PlayMakerFixedUpdate

AddEventHandlerComponent: PlayMakerFixedUpdate

AddEventHandlerComponent: PlayMakerFixedUpdate

AddEventHandlerComponent: PlayMakerFixedUpdate

AddEventHandlerComponent: PlayMakerFixedUpdate

AddEventHandlerComponent: PlayMakerFixedUpdate

AddEventHandlerComponent: PlayMakerFixedUpdate

AddEventHandlerComponent: PlayMakerFixedUpdate

AddEventHandlerComponent: PlayMakerFixedUpdate

AddEventHandlerComponent: PlayMakerFixedUpdate

AddEventHandlerComponent: PlayMakerFixedUpdate

AddEventHandlerComponent: PlayMakerFixedUpdate

AddEventHandlerComponent: PlayMakerFixedUpdate

AddEventHandlerComponent: PlayMakerFixedUpdate

AddEventHandlerComponent: PlayMakerFixedUpdate

Deferring level start (marked as manual).

AddEventHandlerComponent: PlayMakerFixedUpdate

AddEventHandlerComponent: PlayMakerFixedUpdate

AddEventHandlerComponent: PlayMakerFixedUpdate

AddEventHandlerComponent: PlayMakerFixedUpdate

AddEventHandlerComponent: PlayMakerFixedUpdate

AddEventHandlerComponent: PlayMakerFixedUpdate

AddEventHandlerComponent: PlayMakerFixedUpdate

AddEventHandlerComponent: PlayMakerFixedUpdate

Deferring level start (marked as manual).

AddEventHandlerComponent: PlayMakerFixedUpdate

AddEventHandlerComponent: PlayMakerFixedUpdate

AddEventHandlerComponent: PlayMakerFixedUpdate

AddEventHandlerComponent: PlayMakerFixedUpdate

Deferring level start (marked as manual).

Failed to retrieve achievement state for PROTECTED

Pushing achievement PROTECTED

Steam achievement PROTECTED (0/0) upload complete

AddEventHandlerComponent: PlayMakerFixedUpdate

AddEventHandlerComponent: PlayMakerFixedUpdate

AddEventHandlerComponent: PlayMakerFixedUpdate

AddEventHandlerComponent: PlayMakerFixedUpdate

Deferring level start (marked as manual).

AddEventHandlerComponent: PlayMakerFixedUpdate

AddEventHandlerComponent: PlayMakerFixedUpdate

Deferring level start (marked as manual).

AddEventHandlerComponent: PlayMakerFixedUpdate

AddEventHandlerComponent: PlayMakerCollisionStay

AddEventHandlerComponent: PlayMakerCollisionEnter2D

AddEventHandlerComponent: PlayMakerCollisionStay2D

AddEventHandlerComponent: PlayMakerFixedUpdate

AddEventHandlerComponent: PlayMakerCollisionStay

AddEventHandlerComponent: PlayMakerCollisionEnter2D

AddEventHandlerComponent: PlayMakerCollisionStay2D

AddEventHandlerComponent: PlayMakerFixedUpdate

AddEventHandlerComponent: PlayMakerCollisionStay

AddEventHandlerComponent: PlayMakerCollisionEnter2D

AddEventHandlerComponent: PlayMakerCollisionStay2D

AddEventHandlerComponent: PlayMakerFixedUpdate

AddEventHandlerComponent: PlayMakerCollisionStay

AddEventHandlerComponent: PlayMakerCollisionEnter2D

AddEventHandlerComponent: PlayMakerCollisionStay2D

AddEventHandlerComponent: PlayMakerFixedUpdate

AddEventHandlerComponent: PlayMakerCollisionStay

AddEventHandlerComponent: PlayMakerCollisionEnter2D

AddEventHandlerComponent: PlayMakerCollisionStay2D

AddEventHandlerComponent: PlayMakerFixedUpdate

AddEventHandlerComponent: PlayMakerCollisionStay

AddEventHandlerComponent: PlayMakerCollisionEnter2D

AddEventHandlerComponent: PlayMakerCollisionStay2D

AddEventHandlerComponent: PlayMakerFixedUpdate

AddEventHandlerComponent: PlayMakerCollisionStay

AddEventHandlerComponent: PlayMakerCollisionEnter2D

AddEventHandlerComponent: PlayMakerCollisionStay2D

AddEventHandlerComponent: PlayMakerFixedUpdate

AddEventHandlerComponent: PlayMakerCollisionStay

AddEventHandlerComponent: PlayMakerCollisionEnter2D

AddEventHandlerComponent: PlayMakerCollisionStay2D

AddEventHandlerComponent: PlayMakerFixedUpdate

AddEventHandlerComponent: PlayMakerCollisionStay

AddEventHandlerComponent: PlayMakerCollisionEnter2D

AddEventHandlerComponent: PlayMakerCollisionStay2D

AddEventHandlerComponent: PlayMakerFixedUpdate

Deferring level start (marked as manual).

AddEventHandlerComponent: PlayMakerCollisionStay

AddEventHandlerComponent: PlayMakerCollisionEnter2D

AddEventHandlerComponent: PlayMakerCollisionStay2D

AddEventHandlerComponent: PlayMakerFixedUpdate

AddEventHandlerComponent: PlayMakerCollisionStay

AddEventHandlerComponent: PlayMakerCollisionEnter2D

AddEventHandlerComponent: PlayMakerCollisionStay2D

AddEventHandlerComponent: PlayMakerFixedUpdate

AddEventHandlerComponent: PlayMakerCollisionStay

AddEventHandlerComponent: PlayMakerCollisionEnter2D

AddEventHandlerComponent: PlayMakerCollisionStay2D

AddEventHandlerComponent: PlayMakerFixedUpdate

Deferring level start (marked as manual).

Object Pool attached to GlobalPool has run out of White Flash R prefabs, Instantiating an additional one.

AddEventHandlerComponent: PlayMakerFixedUpdate

Deferring level start (marked as manual).

AddEventHandlerComponent: PlayMakerFixedUpdate

AddEventHandlerComponent: PlayMakerFixedUpdate

Deferring level start (marked as manual).

Object Pool attached to GlobalPool has run out of particle_orange blood prefabs, Instantiating an additional one.

Object Pool attached to GlobalPool has run out of particle_orange blood prefabs, Instantiating an additional one.

Object Pool attached to GlobalPool has run out of particle_orange blood prefabs, Instantiating an additional one.

Object Pool attached to GlobalPool has run out of particle_orange blood prefabs, Instantiating an additional one.

Object Pool attached to GlobalPool has run out of particle_orange blood prefabs, Instantiating an additional one.

Object Pool attached to GlobalPool has run out of Run Effects prefabs, Instantiating an additional one.

Object Pool attached to GlobalPool has run out of Run Effects prefabs, Instantiating an additional one.

Object Pool attached to GlobalPool has run out of Shot Mawlek NoDrip prefabs, Instantiating an additional one.

Object Pool attached to GlobalPool has run out of Shot Mawlek NoDrip prefabs, Instantiating an additional one.

Object Pool attached to GlobalPool has run out of particle_orange blood prefabs, Instantiating an additional one.

Object Pool attached to GlobalPool has run out of particle_orange blood prefabs, Instantiating an additional one.

Object Pool attached to GlobalPool has run out of particle_orange blood prefabs, Instantiating an additional one.

Object Pool attached to GlobalPool has run out of particle_orange blood prefabs, Instantiating an additional one.

Object Pool attached to GlobalPool has run out of particle_orange blood prefabs, Instantiating an additional one.

Object Pool attached to GlobalPool has run out of particle_orange blood prefabs, Instantiating an additional one.

Object Pool attached to GlobalPool has run out of particle_orange blood prefabs, Instantiating an additional one.

Object Pool attached to GlobalPool has run out of particle_orange blood prefabs, Instantiating an additional one.

Object Pool attached to GlobalPool has run out of particle_orange blood prefabs, Instantiating an additional one.

Object Pool attached to GlobalPool has run out of particle_orange blood prefabs, Instantiating an additional one.

Object Pool attached to GlobalPool has run out of particle_orange blood prefabs, Instantiating an additional one.

Object Pool attached to GlobalPool has run out of particle_orange blood prefabs, Instantiating an additional one.

Object Pool attached to GlobalPool has run out of particle_orange blood prefabs, Instantiating an additional one.

Object Pool attached to GlobalPool has run out of particle_orange blood prefabs, Instantiating an additional one.

Object Pool attached to GlobalPool has run out of particle_orange blood prefabs, Instantiating an additional one.

Object Pool attached to GlobalPool has run out of particle_orange blood prefabs, Instantiating an additional one.

Object Pool attached to GlobalPool has run out of particle_orange blood prefabs, Instantiating an additional one.

Object Pool attached to GlobalPool has run out of particle_orange blood prefabs, Instantiating an additional one.

Object Pool attached to GlobalPool has run out of particle_orange blood prefabs, Instantiating an additional one.

Object Pool attached to GlobalPool has run out of particle_orange blood prefabs, Instantiating an additional one.

Object Pool attached to GlobalPool has run out of particle_orange blood prefabs, Instantiating an additional one.

Object Pool attached to GlobalPool has run out of particle_orange blood prefabs, Instantiating an additional one.

Object Pool attached to GlobalPool has run out of particle_orange blood prefabs, Instantiating an additional one.

Object Pool attached to GlobalPool has run out of particle_orange blood prefabs, Instantiating an additional one.

Object Pool attached to GlobalPool could not find a copy of Audio Player NoDestroy, Instantiating a new one.

PlayOneShot was called with a null AudioClip.

AddEventHandlerComponent: PlayMakerFixedUpdate

AddEventHandlerComponent: PlayMakerFixedUpdate

Deferring level start (marked as manual).

AddEventHandlerComponent: PlayMakerFixedUpdate

AddEventHandlerComponent: PlayMakerCollisionStay

AddEventHandlerComponent: PlayMakerCollisionEnter2D

AddEventHandlerComponent: PlayMakerCollisionStay2D

AddEventHandlerComponent: PlayMakerFixedUpdate

AddEventHandlerComponent: PlayMakerCollisionStay

AddEventHandlerComponent: PlayMakerCollisionEnter2D

AddEventHandlerComponent: PlayMakerCollisionStay2D

AddEventHandlerComponent: PlayMakerFixedUpdate

AddEventHandlerComponent: PlayMakerCollisionStay

AddEventHandlerComponent: PlayMakerCollisionEnter2D

AddEventHandlerComponent: PlayMakerCollisionStay2D

AddEventHandlerComponent: PlayMakerFixedUpdate

AddEventHandlerComponent: PlayMakerCollisionStay

AddEventHandlerComponent: PlayMakerCollisionEnter2D

AddEventHandlerComponent: PlayMakerCollisionStay2D

AddEventHandlerComponent: PlayMakerFixedUpdate

AddEventHandlerComponent: PlayMakerCollisionStay

AddEventHandlerComponent: PlayMakerCollisionEnter2D

AddEventHandlerComponent: PlayMakerCollisionStay2D

AddEventHandlerComponent: PlayMakerFixedUpdate

AddEventHandlerComponent: PlayMakerCollisionStay

AddEventHandlerComponent: PlayMakerCollisionEnter2D

AddEventHandlerComponent: PlayMakerCollisionStay2D

AddEventHandlerComponent: PlayMakerFixedUpdate

AddEventHandlerComponent: PlayMakerCollisionStay

AddEventHandlerComponent: PlayMakerCollisionEnter2D

AddEventHandlerComponent: PlayMakerCollisionStay2D

AddEventHandlerComponent: PlayMakerFixedUpdate

AddEventHandlerComponent: PlayMakerCollisionStay

AddEventHandlerComponent: PlayMakerCollisionEnter2D

AddEventHandlerComponent: PlayMakerCollisionStay2D

AddEventHandlerComponent: PlayMakerFixedUpdate

AddEventHandlerComponent: PlayMakerCollisionStay

AddEventHandlerComponent: PlayMakerCollisionEnter2D

AddEventHandlerComponent: PlayMakerCollisionStay2D

AddEventHandlerComponent: PlayMakerFixedUpdate

Deferring level start (marked as manual).

Deferring level start (marked as manual).

AddEventHandlerComponent: PlayMakerFixedUpdate

AddEventHandlerComponent: PlayMakerFixedUpdate

AddEventHandlerComponent: PlayMakerFixedUpdate

AddEventHandlerComponent: PlayMakerFixedUpdate

AddEventHandlerComponent: PlayMakerCollisionStay

AddEventHandlerComponent: PlayMakerCollisionEnter2D

AddEventHandlerComponent: PlayMakerCollisionStay2D

AddEventHandlerComponent: PlayMakerFixedUpdate

AddEventHandlerComponent: PlayMakerCollisionStay

AddEventHandlerComponent: PlayMakerCollisionEnter2D

AddEventHandlerComponent: PlayMakerCollisionStay2D

AddEventHandlerComponent: PlayMakerFixedUpdate

AddEventHandlerComponent: PlayMakerCollisionStay

AddEventHandlerComponent: PlayMakerCollisionEnter2D

AddEventHandlerComponent: PlayMakerCollisionStay2D

AddEventHandlerComponent: PlayMakerFixedUpdate

AddEventHandlerComponent: PlayMakerCollisionStay

AddEventHandlerComponent: PlayMakerCollisionEnter2D

AddEventHandlerComponent: PlayMakerCollisionStay2D

AddEventHandlerComponent: PlayMakerFixedUpdate

AddEventHandlerComponent: PlayMakerCollisionStay

AddEventHandlerComponent: PlayMakerCollisionEnter2D

AddEventHandlerComponent: PlayMakerCollisionStay2D

AddEventHandlerComponent: PlayMakerFixedUpdate

AddEventHandlerComponent: PlayMakerCollisionStay

AddEventHandlerComponent: PlayMakerCollisionEnter2D

AddEventHandlerComponent: PlayMakerCollisionStay2D

AddEventHandlerComponent: PlayMakerFixedUpdate

AddEventHandlerComponent: PlayMakerCollisionStay

AddEventHandlerComponent: PlayMakerCollisionEnter2D

AddEventHandlerComponent: PlayMakerCollisionStay2D

AddEventHandlerComponent: PlayMakerFixedUpdate

AddEventHandlerComponent: PlayMakerCollisionStay

AddEventHandlerComponent: PlayMakerCollisionEnter2D

AddEventHandlerComponent: PlayMakerCollisionStay2D

AddEventHandlerComponent: PlayMakerFixedUpdate

AddEventHandlerComponent: PlayMakerCollisionStay

AddEventHandlerComponent: PlayMakerCollisionEnter2D

AddEventHandlerComponent: PlayMakerCollisionStay2D

AddEventHandlerComponent: PlayMakerFixedUpdate

Deferring level start (marked as manual).

AddEventHandlerComponent: PlayMakerFixedUpdate

AddEventHandlerComponent: PlayMakerFixedUpdate

AddEventHandlerComponent: PlayMakerFixedUpdate

AddEventHandlerComponent: PlayMakerFixedUpdate

Deferring level start (marked as manual).

AddEventHandlerComponent: PlayMakerFixedUpdate

AddEventHandlerComponent: PlayMakerFixedUpdate

AddEventHandlerComponent: PlayMakerFixedUpdate

AddEventHandlerComponent: PlayMakerFixedUpdate

AddEventHandlerComponent: PlayMakerFixedUpdate

AddEventHandlerComponent: PlayMakerFixedUpdate

AddEventHandlerComponent: PlayMakerFixedUpdate

AddEventHandlerComponent: PlayMakerCollisionEnter2D

AddEventHandlerComponent: PlayMakerFixedUpdate

AddEventHandlerComponent: PlayMakerFixedUpdate

AddEventHandlerComponent: PlayMakerFixedUpdate

AddEventHandlerComponent: PlayMakerFixedUpdate

AddEventHandlerComponent: PlayMakerFixedUpdate

AddEventHandlerComponent: PlayMakerFixedUpdate

Deferring level start (marked as manual).

AddEventHandlerComponent: PlayMakerFixedUpdate

AddEventHandlerComponent: PlayMakerFixedUpdate

AddEventHandlerComponent: PlayMakerFixedUpdate

AddEventHandlerComponent: PlayMakerFixedUpdate

Deferring level start (marked as manual).

Object Pool attached to GlobalPool could not find a copy of Relic Get Msg, Instantiating a new one.

AddEventHandlerComponent: PlayMakerFixedUpdate

AddEventHandlerComponent: PlayMakerFixedUpdate

AddEventHandlerComponent: PlayMakerFixedUpdate

AddEventHandlerComponent: PlayMakerFixedUpdate

AddEventHandlerComponent: PlayMakerFixedUpdate

AddEventHandlerComponent: PlayMakerFixedUpdate

AddEventHandlerComponent: PlayMakerFixedUpdate

AddEventHandlerComponent: PlayMakerCollisionEnter2D

AddEventHandlerComponent: PlayMakerFixedUpdate

AddEventHandlerComponent: PlayMakerFixedUpdate

AddEventHandlerComponent: PlayMakerFixedUpdate

AddEventHandlerComponent: PlayMakerFixedUpdate

AddEventHandlerComponent: PlayMakerFixedUpdate

AddEventHandlerComponent: PlayMakerFixedUpdate

Deferring level start (marked as manual).

PlayOneShot was called with a null AudioClip.

AddEventHandlerComponent: PlayMakerFixedUpdate

AddEventHandlerComponent: PlayMakerFixedUpdate

AddEventHandlerComponent: PlayMakerFixedUpdate

AddEventHandlerComponent: PlayMakerCollisionEnter2D

AddEventHandlerComponent: PlayMakerFixedUpdate

Deferring level start (marked as manual).

Object Pool attached to GlobalPool has run out of Run Effects prefabs, Instantiating an additional one.

PlayOneShot was called with a null AudioClip.

Could not find FSM: Enough Geo

LoadLevel: Cinematic_Stag_travel

Unloading 46 Unused Serialized files (Serialized files now loaded: 0)
UnloadTime: 2.464200 ms
Performing automatic level start.


Unloading 5089 unused Assets to reduce memory usage. Loaded Objects now: 58824.
Total: 238.329900 ms (FindLiveObjects: 4.118300 ms CreateObjectMapping: 2.914600 ms MarkObjects: 216.558800 ms  DeleteObjects: 14.737600 ms)

Setting skip mode: SKIP_INSTANT

Started cinematic 'StagTunnelRun'

Started cinematic 'StagTunnelRun'

AddEventHandlerComponent: PlayMakerFixedUpdate

AddEventHandlerComponent: PlayMakerFixedUpdate

AddEventHandlerComponent: PlayMakerFixedUpdate

AddEventHandlerComponent: PlayMakerFixedUpdate

Deferring level start (marked as manual).

PlayOneShot was called with a null AudioClip.

AddEventHandlerComponent: PlayMakerFixedUpdate

AddEventHandlerComponent: PlayMakerFixedUpdate

Deferring level start (marked as manual).

Object Pool attached to GlobalPool could not find a copy of Plat Grass, Instantiating a new one.

AddEventHandlerComponent: PlayMakerFixedUpdate

AddEventHandlerComponent: PlayMakerFixedUpdate

AddEventHandlerComponent: PlayMakerFixedUpdate

AddEventHandlerComponent: PlayMakerFixedUpdate

AddEventHandlerComponent: PlayMakerFixedUpdate

AddEventHandlerComponent: PlayMakerFixedUpdate

AddEventHandlerComponent: PlayMakerFixedUpdate

AddEventHandlerComponent: PlayMakerFixedUpdate

AddEventHandlerComponent: PlayMakerFixedUpdate

AddEventHandlerComponent: PlayMakerFixedUpdate

AddEventHandlerComponent: PlayMakerFixedUpdate

AddEventHandlerComponent: PlayMakerFixedUpdate

AddEventHandlerComponent: PlayMakerFixedUpdate

AddEventHandlerComponent: PlayMakerFixedUpdate

AddEventHandlerComponent: PlayMakerFixedUpdate

Deferring level start (marked as manual).

AddEventHandlerComponent: PlayMakerFixedUpdate

AddEventHandlerComponent: PlayMakerFixedUpdate

AddEventHandlerComponent: PlayMakerFixedUpdate

AddEventHandlerComponent: PlayMakerFixedUpdate

AddEventHandlerComponent: PlayMakerFixedUpdate

AddEventHandlerComponent: PlayMakerFixedUpdate

AddEventHandlerComponent: PlayMakerFixedUpdate

AddEventHandlerComponent: PlayMakerFixedUpdate

AddEventHandlerComponent: PlayMakerFixedUpdate

AddEventHandlerComponent: PlayMakerFixedUpdate

AddEventHandlerComponent: PlayMakerFixedUpdate

PlayOneShot was called with a null AudioClip.

AddEventHandlerComponent: PlayMakerFixedUpdate

AddEventHandlerComponent: PlayMakerFixedUpdate

AddEventHandlerComponent: PlayMakerFixedUpdate

AddEventHandlerComponent: PlayMakerFixedUpdate

AddEventHandlerComponent: PlayMakerFixedUpdate

AddEventHandlerComponent: PlayMakerFixedUpdate

AddEventHandlerComponent: PlayMakerFixedUpdate

AddEventHandlerComponent: PlayMakerFixedUpdate

AddEventHandlerComponent: PlayMakerFixedUpdate

PlayOneShot was called with a null AudioClip.

AddEventHandlerComponent: PlayMakerFixedUpdate

AddEventHandlerComponent: PlayMakerFixedUpdate

AddEventHandlerComponent: PlayMakerFixedUpdate

AddEventHandlerComponent: PlayMakerFixedUpdate

AddEventHandlerComponent: PlayMakerFixedUpdate

AddEventHandlerComponent: PlayMakerFixedUpdate

AddEventHandlerComponent: PlayMakerFixedUpdate

AddEventHandlerComponent: PlayMakerFixedUpdate

AddEventHandlerComponent: PlayMakerFixedUpdate

AddEventHandlerComponent: PlayMakerFixedUpdate

AddEventHandlerComponent: PlayMakerFixedUpdate

AddEventHandlerComponent: PlayMakerFixedUpdate

AddEventHandlerComponent: PlayMakerFixedUpdate

AddEventHandlerComponent: PlayMakerFixedUpdate

AddEventHandlerComponent: PlayMakerFixedUpdate

AddEventHandlerComponent: PlayMakerFixedUpdate

AddEventHandlerComponent: PlayMakerFixedUpdate

AddEventHandlerComponent: PlayMakerFixedUpdate

AddEventHandlerComponent: PlayMakerFixedUpdate

AddEventHandlerComponent: PlayMakerFixedUpdate

AddEventHandlerComponent: PlayMakerFixedUpdate

Deferring level start (marked as manual).

AddEventHandlerComponent: PlayMakerFixedUpdate

AddEventHandlerComponent: PlayMakerFixedUpdate

AddEventHandlerComponent: PlayMakerFixedUpdate

AddEventHandlerComponent: PlayMakerFixedUpdate

AddEventHandlerComponent: PlayMakerFixedUpdate

AddEventHandlerComponent: PlayMakerFixedUpdate

AddEventHandlerComponent: PlayMakerFixedUpdate

AddEventHandlerComponent: PlayMakerFixedUpdate

AddEventHandlerComponent: PlayMakerFixedUpdate

AddEventHandlerComponent: PlayMakerFixedUpdate

AddEventHandlerComponent: PlayMakerFixedUpdate

AddEventHandlerComponent: PlayMakerFixedUpdate

Object Pool attached to GlobalPool could not find a copy of Spore Plat Dust, Instantiating a new one.

Object Pool attached to GlobalPool could not find a copy of Bounce Spore Hero, Instantiating a new one.

PlayOneShot was called with a null AudioClip.

PlayOneShot was called with a null AudioClip.

Object Pool attached to GlobalPool has run out of Bounce Spore Hero prefabs, Instantiating an additional one.

PlayOneShot was called with a null AudioClip.

PlayOneShot was called with a null AudioClip.

PlayOneShot was called with a null AudioClip.

AddEventHandlerComponent: PlayMakerFixedUpdate

AddEventHandlerComponent: PlayMakerFixedUpdate

AddEventHandlerComponent: PlayMakerFixedUpdate

Deferring level start (marked as manual).

AddEventHandlerComponent: PlayMakerFixedUpdate

PlayOneShot was called with a null AudioClip.

AddEventHandlerComponent: PlayMakerFixedUpdate

PlayOneShot was called with a null AudioClip.

AddEventHandlerComponent: PlayMakerFixedUpdate

AddEventHandlerComponent: PlayMakerFixedUpdate

AddEventHandlerComponent: PlayMakerFixedUpdate

Deferring level start (marked as manual).

Object Pool attached to GlobalPool has run out of Bounce Spore Hero prefabs, Instantiating an additional one.

AddEventHandlerComponent: PlayMakerFixedUpdate

AddEventHandlerComponent: PlayMakerFixedUpdate

Deferring level start (marked as manual).

AddEventHandlerComponent: PlayMakerFixedUpdate

Could not find FSM: Enough Geo

PlayOneShot was called with a null AudioClip.

Bump Height: 0.00100708

PlayOneShot was called with a null AudioClip.

PlayOneShot was called with a null AudioClip.

AddEventHandlerComponent: PlayMakerFixedUpdate

AddEventHandlerComponent: PlayMakerFixedUpdate

AddEventHandlerComponent: PlayMakerFixedUpdate

AddEventHandlerComponent: PlayMakerFixedUpdate

AddEventHandlerComponent: PlayMakerFixedUpdate

AddEventHandlerComponent: PlayMakerFixedUpdate

AddEventHandlerComponent: PlayMakerFixedUpdate

Deferring level start (marked as manual).

Could not find FSM: health_manager_enemy

AddEventHandlerComponent: PlayMakerCollisionEnter2D

AddEventHandlerComponent: PlayMakerFixedUpdate

PlayOneShot was called with a null AudioClip.

PlayOneShot was called with a null AudioClip.

PlayOneShot was called with a null AudioClip.

AddEventHandlerComponent: PlayMakerFixedUpdate

AddEventHandlerComponent: PlayMakerFixedUpdate

AddEventHandlerComponent: PlayMakerFixedUpdate

AddEventHandlerComponent: PlayMakerFixedUpdate

AddEventHandlerComponent: PlayMakerFixedUpdate

AddEventHandlerComponent: PlayMakerFixedUpdate

AddEventHandlerComponent: PlayMakerFixedUpdate

AddEventHandlerComponent: PlayMakerFixedUpdate

Deferring level start (marked as manual).

Could not find FSM: health_manager_enemy

Could not find FSM: health_manager_enemy

AddEventHandlerComponent: PlayMakerCollisionEnter2D

AddEventHandlerComponent: PlayMakerFixedUpdate

AddEventHandlerComponent: PlayMakerCollisionEnter2D

AddEventHandlerComponent: PlayMakerFixedUpdate

PlayOneShot was called with a null AudioClip.

PlayOneShot was called with a null AudioClip.

PlayOneShot was called with a null AudioClip.

PlayOneShot was called with a null AudioClip.

PlayOneShot was called with a null AudioClip.

PlayOneShot was called with a null AudioClip.

PlayOneShot was called with a null AudioClip.

PlayOneShot was called with a null AudioClip.

Could not find FSM: Control Lever

Could not find FSM: Control Lever

Chain BG Chain R going down.

Chain BG Chain L going up.

Bump Height: 0.1838722

Bump Height: 0.3869362

Bump Height: 0.3869362

Chain BG Chain L stopping.

Chain BG Chain R stopping.

Chain BG Chain L stopping.

Chain BG Chain R stopping.

Chain BG Chain R going up.

Chain BG Chain L going down.

Chain BG Chain L stopping.

Chain BG Chain R stopping.

Chain BG Chain R going down.

Chain BG Chain L going up.

Could not find FSM: Control Lever

Chain BG Chain L stopping.

Chain BG Chain R stopping.

Could not find FSM: Control Lever

PlayOneShot was called with a null AudioClip.

AddEventHandlerComponent: PlayMakerFixedUpdate

AddEventHandlerComponent: PlayMakerFixedUpdate

AddEventHandlerComponent: PlayMakerFixedUpdate

AddEventHandlerComponent: PlayMakerFixedUpdate

AddEventHandlerComponent: PlayMakerFixedUpdate

AddEventHandlerComponent: PlayMakerFixedUpdate

AddEventHandlerComponent: PlayMakerFixedUpdate

AddEventHandlerComponent: PlayMakerFixedUpdate

AddEventHandlerComponent: PlayMakerFixedUpdate

AddEventHandlerComponent: PlayMakerFixedUpdate

AddEventHandlerComponent: PlayMakerFixedUpdate

AddEventHandlerComponent: PlayMakerFixedUpdate

AddEventHandlerComponent: PlayMakerFixedUpdate

AddEventHandlerComponent: PlayMakerFixedUpdate

AddEventHandlerComponent: PlayMakerFixedUpdate

AddEventHandlerComponent: PlayMakerFixedUpdate

AddEventHandlerComponent: PlayMakerFixedUpdate

AddEventHandlerComponent: PlayMakerFixedUpdate

AddEventHandlerComponent: PlayMakerFixedUpdate

AddEventHandlerComponent: PlayMakerFixedUpdate

AddEventHandlerComponent: PlayMakerFixedUpdate

AddEventHandlerComponent: PlayMakerFixedUpdate

AddEventHandlerComponent: PlayMakerFixedUpdate

AddEventHandlerComponent: PlayMakerFixedUpdate

Deferring level start (marked as manual).

PlayOneShot was called with a null AudioClip.

PlayOneShot was called with a null AudioClip.

PlayOneShot was called with a null AudioClip.

Could not find FSM: health_manager_enemy

Could not find FSM: health_manager_enemy

Could not find FSM: health_manager_enemy

Could not find FSM: health_manager_enemy

Could not find FSM: health_manager_enemy

Could not find FSM: health_manager_enemy

Could not find FSM: health_manager_enemy

AddEventHandlerComponent: PlayMakerCollisionEnter2D

AddEventHandlerComponent: PlayMakerFixedUpdate

AddEventHandlerComponent: PlayMakerCollisionEnter2D

AddEventHandlerComponent: PlayMakerFixedUpdate

AddEventHandlerComponent: PlayMakerCollisionEnter2D

AddEventHandlerComponent: PlayMakerFixedUpdate

AddEventHandlerComponent: PlayMakerCollisionEnter2D

AddEventHandlerComponent: PlayMakerFixedUpdate

AddEventHandlerComponent: PlayMakerCollisionEnter2D

AddEventHandlerComponent: PlayMakerFixedUpdate

AddEventHandlerComponent: PlayMakerCollisionEnter2D

AddEventHandlerComponent: PlayMakerFixedUpdate

AddEventHandlerComponent: PlayMakerCollisionEnter2D

AddEventHandlerComponent: PlayMakerFixedUpdate

PlayOneShot was called with a null AudioClip.

PlayOneShot was called with a null AudioClip.

PlayOneShot was called with a null AudioClip.

PlayOneShot was called with a null AudioClip.

PlayOneShot was called with a null AudioClip.

Could not find FSM: Control Lever

Could not find FSM: Control Lever

Bump Height: 0.005290985

Could not find FSM: Control Lever

Could not find FSM: Control Lever

AddEventHandlerComponent: PlayMakerFixedUpdate

AddEventHandlerComponent: PlayMakerFixedUpdate

AddEventHandlerComponent: PlayMakerFixedUpdate

AddEventHandlerComponent: PlayMakerFixedUpdate

AddEventHandlerComponent: PlayMakerFixedUpdate

AddEventHandlerComponent: PlayMakerFixedUpdate

AddEventHandlerComponent: PlayMakerFixedUpdate

AddEventHandlerComponent: PlayMakerFixedUpdate

AddEventHandlerComponent: PlayMakerFixedUpdate

AddEventHandlerComponent: PlayMakerFixedUpdate

AddEventHandlerComponent: PlayMakerFixedUpdate

Deferring level start (marked as manual).

Could not find FSM: health_manager_enemy

AddEventHandlerComponent: PlayMakerCollisionEnter2D

AddEventHandlerComponent: PlayMakerFixedUpdate

PlayOneShot was called with a null AudioClip.

PlayOneShot was called with a null AudioClip.

AddEventHandlerComponent: PlayMakerFixedUpdate

AddEventHandlerComponent: PlayMakerFixedUpdate

Deferring level start (marked as manual).

Setting skip mode: SKIP_INSTANT

Creating new CinematicVideoPlayer for in game video

Waiting for CinematicVideoPlayer in game video load...

Starting cinematic video player in game video.

Finishing in-game video.

AddEventHandlerComponent: PlayMakerFixedUpdate

AddEventHandlerComponent: PlayMakerFixedUpdate

AddEventHandlerComponent: PlayMakerFixedUpdate

AddEventHandlerComponent: PlayMakerFixedUpdate

AddEventHandlerComponent: PlayMakerFixedUpdate

AddEventHandlerComponent: PlayMakerFixedUpdate

AddEventHandlerComponent: PlayMakerFixedUpdate

AddEventHandlerComponent: PlayMakerFixedUpdate

AddEventHandlerComponent: PlayMakerFixedUpdate

AddEventHandlerComponent: PlayMakerFixedUpdate

AddEventHandlerComponent: PlayMakerFixedUpdate

Deferring level start (marked as manual).

Could not find FSM: health_manager_enemy

AddEventHandlerComponent: PlayMakerCollisionEnter2D

AddEventHandlerComponent: PlayMakerFixedUpdate

PlayOneShot was called with a null AudioClip.

PlayOneShot was called with a null AudioClip.

PlayOneShot was called with a null AudioClip.

AddEventHandlerComponent: PlayMakerFixedUpdate

AddEventHandlerComponent: PlayMakerFixedUpdate

AddEventHandlerComponent: PlayMakerFixedUpdate

AddEventHandlerComponent: PlayMakerFixedUpdate

AddEventHandlerComponent: PlayMakerFixedUpdate

AddEventHandlerComponent: PlayMakerFixedUpdate

AddEventHandlerComponent: PlayMakerFixedUpdate

AddEventHandlerComponent: PlayMakerFixedUpdate

AddEventHandlerComponent: PlayMakerFixedUpdate

AddEventHandlerComponent: PlayMakerFixedUpdate

AddEventHandlerComponent: PlayMakerFixedUpdate

AddEventHandlerComponent: PlayMakerFixedUpdate

AddEventHandlerComponent: PlayMakerFixedUpdate

AddEventHandlerComponent: PlayMakerFixedUpdate

AddEventHandlerComponent: PlayMakerFixedUpdate

AddEventHandlerComponent: PlayMakerFixedUpdate

AddEventHandlerComponent: PlayMakerFixedUpdate

AddEventHandlerComponent: PlayMakerFixedUpdate

AddEventHandlerComponent: PlayMakerFixedUpdate

AddEventHandlerComponent: PlayMakerFixedUpdate

AddEventHandlerComponent: PlayMakerFixedUpdate

AddEventHandlerComponent: PlayMakerFixedUpdate

AddEventHandlerComponent: PlayMakerFixedUpdate

AddEventHandlerComponent: PlayMakerFixedUpdate

Deferring level start (marked as manual).

PlayOneShot was called with a null AudioClip.

PlayOneShot was called with a null AudioClip.

PlayOneShot was called with a null AudioClip.

Could not find FSM: health_manager_enemy

Could not find FSM: health_manager_enemy

Could not find FSM: health_manager_enemy

Could not find FSM: health_manager_enemy

Could not find FSM: health_manager_enemy

Could not find FSM: health_manager_enemy

Could not find FSM: health_manager_enemy

AddEventHandlerComponent: PlayMakerCollisionEnter2D

AddEventHandlerComponent: PlayMakerFixedUpdate

AddEventHandlerComponent: PlayMakerCollisionEnter2D

AddEventHandlerComponent: PlayMakerFixedUpdate

AddEventHandlerComponent: PlayMakerCollisionEnter2D

AddEventHandlerComponent: PlayMakerFixedUpdate

AddEventHandlerComponent: PlayMakerCollisionEnter2D

AddEventHandlerComponent: PlayMakerFixedUpdate

AddEventHandlerComponent: PlayMakerCollisionEnter2D

AddEventHandlerComponent: PlayMakerFixedUpdate

AddEventHandlerComponent: PlayMakerCollisionEnter2D

AddEventHandlerComponent: PlayMakerFixedUpdate

AddEventHandlerComponent: PlayMakerCollisionEnter2D

AddEventHandlerComponent: PlayMakerFixedUpdate

Could not find FSM: Control Lever

Could not find FSM: Control Lever

Chain BG Chain L stopping.

Chain BG Chain R stopping.

Chain BG Chain R going down.

Chain BG Chain L going up.

Chain BG Chain L stopping.

Chain BG Chain R stopping.

Chain BG Chain R going up.

Chain BG Chain L going down.

PlayOneShot was called with a null AudioClip.

Chain BG Chain L stopping.

Chain BG Chain R stopping.

PlayOneShot was called with a null AudioClip.

PlayOneShot was called with a null AudioClip.

PlayOneShot was called with a null AudioClip.

PlayOneShot was called with a null AudioClip.

PlayOneShot was called with a null AudioClip.

PlayOneShot was called with a null AudioClip.

PlayOneShot was called with a null AudioClip.

PlayOneShot was called with a null AudioClip.

PlayOneShot was called with a null AudioClip.

PlayOneShot was called with a null AudioClip.

PlayOneShot was called with a null AudioClip.

AddEventHandlerComponent: PlayMakerFixedUpdate

AddEventHandlerComponent: PlayMakerFixedUpdate

AddEventHandlerComponent: PlayMakerFixedUpdate

AddEventHandlerComponent: PlayMakerFixedUpdate

AddEventHandlerComponent: PlayMakerFixedUpdate

AddEventHandlerComponent: PlayMakerFixedUpdate

AddEventHandlerComponent: PlayMakerFixedUpdate

AddEventHandlerComponent: PlayMakerFixedUpdate

AddEventHandlerComponent: PlayMakerFixedUpdate

AddEventHandlerComponent: PlayMakerFixedUpdate

AddEventHandlerComponent: PlayMakerFixedUpdate

AddEventHandlerComponent: PlayMakerFixedUpdate

AddEventHandlerComponent: PlayMakerFixedUpdate

AddEventHandlerComponent: PlayMakerFixedUpdate

AddEventHandlerComponent: PlayMakerFixedUpdate

AddEventHandlerComponent: PlayMakerFixedUpdate

AddEventHandlerComponent: PlayMakerFixedUpdate

AddEventHandlerComponent: PlayMakerFixedUpdate

AddEventHandlerComponent: PlayMakerFixedUpdate

Deferring level start (marked as manual).

Hazard Respawn Trigger (1) does not have a Hazard Respawn Marker Set

Could not find FSM: health_manager_enemy

Could not find FSM: health_manager_enemy

Could not find FSM: health_manager_enemy

AddEventHandlerComponent: PlayMakerCollisionEnter2D

AddEventHandlerComponent: PlayMakerFixedUpdate

AddEventHandlerComponent: PlayMakerCollisionEnter2D

AddEventHandlerComponent: PlayMakerFixedUpdate

AddEventHandlerComponent: PlayMakerCollisionEnter2D

AddEventHandlerComponent: PlayMakerFixedUpdate

PlayOneShot was called with a null AudioClip.

AddEventHandlerComponent: PlayMakerFixedUpdate

AddEventHandlerComponent: PlayMakerFixedUpdate

AddEventHandlerComponent: PlayMakerFixedUpdate

AddEventHandlerComponent: PlayMakerFixedUpdate

AddEventHandlerComponent: PlayMakerFixedUpdate

Deferring level start (marked as manual).

Could not find FSM: Enough Geo

Could not find FSM: Control Lever

Bump Height: 0.005290985

Bump Height: 0.005290985

Could not find FSM: Control Lever

Chain BG Chain R going down.

Chain BG Chain L going up.

Could not find FSM: Control Lever

Chain BG Chain L stopping.

Chain BG Chain R stopping.

Could not find FSM: Control Lever

Chain BG Chain R going up.

Chain BG Chain L going down.

Chain BG Chain L stopping.

Chain BG Chain R stopping.

AddEventHandlerComponent: PlayMakerFixedUpdate

AddEventHandlerComponent: PlayMakerFixedUpdate

AddEventHandlerComponent: PlayMakerFixedUpdate

AddEventHandlerComponent: PlayMakerFixedUpdate

AddEventHandlerComponent: PlayMakerFixedUpdate

AddEventHandlerComponent: PlayMakerFixedUpdate

AddEventHandlerComponent: PlayMakerFixedUpdate

AddEventHandlerComponent: PlayMakerFixedUpdate

AddEventHandlerComponent: PlayMakerFixedUpdate

AddEventHandlerComponent: PlayMakerFixedUpdate

AddEventHandlerComponent: PlayMakerFixedUpdate

AddEventHandlerComponent: PlayMakerFixedUpdate

AddEventHandlerComponent: PlayMakerFixedUpdate

AddEventHandlerComponent: PlayMakerFixedUpdate

AddEventHandlerComponent: PlayMakerFixedUpdate

AddEventHandlerComponent: PlayMakerFixedUpdate

AddEventHandlerComponent: PlayMakerFixedUpdate

AddEventHandlerComponent: PlayMakerFixedUpdate

AddEventHandlerComponent: PlayMakerFixedUpdate

Deferring level start (marked as manual).

Hazard Respawn Trigger (1) does not have a Hazard Respawn Marker Set

Could not find FSM: health_manager_enemy

Could not find FSM: health_manager_enemy

Could not find FSM: health_manager_enemy

AddEventHandlerComponent: PlayMakerCollisionEnter2D

AddEventHandlerComponent: PlayMakerFixedUpdate

AddEventHandlerComponent: PlayMakerCollisionEnter2D

AddEventHandlerComponent: PlayMakerFixedUpdate

AddEventHandlerComponent: PlayMakerCollisionEnter2D

AddEventHandlerComponent: PlayMakerFixedUpdate

Chain BG Chain R going up.

Chain BG Chain L going down.

Chain BG Chain L stopping.

Chain BG Chain R stopping.

Could not find FSM: Control Lever

Bump Height: 0.005290985

Bump Height: 0.005290985

Could not find FSM: Control Lever

PlayOneShot was called with a null AudioClip.

PlayOneShot was called with a null AudioClip.

PlayOneShot was called with a null AudioClip.

PlayOneShot was called with a null AudioClip.

PlayOneShot was called with a null AudioClip.

PlayOneShot was called with a null AudioClip.

PlayOneShot was called with a null AudioClip.

PlayOneShot was called with a null AudioClip.

PlayOneShot was called with a null AudioClip.

PlayOneShot was called with a null AudioClip.

PlayOneShot was called with a null AudioClip.

AddEventHandlerComponent: PlayMakerFixedUpdate

AddEventHandlerComponent: PlayMakerFixedUpdate

AddEventHandlerComponent: PlayMakerFixedUpdate

AddEventHandlerComponent: PlayMakerFixedUpdate

AddEventHandlerComponent: PlayMakerFixedUpdate

AddEventHandlerComponent: PlayMakerFixedUpdate

AddEventHandlerComponent: PlayMakerFixedUpdate

AddEventHandlerComponent: PlayMakerFixedUpdate

AddEventHandlerComponent: PlayMakerFixedUpdate

AddEventHandlerComponent: PlayMakerFixedUpdate

AddEventHandlerComponent: PlayMakerFixedUpdate

AddEventHandlerComponent: PlayMakerFixedUpdate

AddEventHandlerComponent: PlayMakerFixedUpdate

AddEventHandlerComponent: PlayMakerFixedUpdate

Deferring level start (marked as manual).

Hazard Respawn Trigger (2) does not have a Hazard Respawn Marker Set

PlayOneShot was called with a null AudioClip.

Could not find FSM: health_manager_enemy

Could not find FSM: health_manager_enemy

Could not find FSM: health_manager_enemy

Could not find FSM: health_manager_enemy

Could not find FSM: health_manager_enemy

AddEventHandlerComponent: PlayMakerCollisionEnter2D

AddEventHandlerComponent: PlayMakerFixedUpdate

AddEventHandlerComponent: PlayMakerCollisionEnter2D

AddEventHandlerComponent: PlayMakerFixedUpdate

AddEventHandlerComponent: PlayMakerCollisionEnter2D

AddEventHandlerComponent: PlayMakerFixedUpdate

AddEventHandlerComponent: PlayMakerCollisionEnter2D

AddEventHandlerComponent: PlayMakerFixedUpdate

AddEventHandlerComponent: PlayMakerCollisionEnter2D

AddEventHandlerComponent: PlayMakerFixedUpdate

PlayOneShot was called with a null AudioClip.

PlayOneShot was called with a null AudioClip.

PlayOneShot was called with a null AudioClip.

PlayOneShot was called with a null AudioClip.

PlayOneShot was called with a null AudioClip.

PlayOneShot was called with a null AudioClip.

PlayOneShot was called with a null AudioClip.

PlayOneShot was called with a null AudioClip.

PlayOneShot was called with a null AudioClip.

PlayOneShot was called with a null AudioClip.

PlayOneShot was called with a null AudioClip.

PlayOneShot was called with a null AudioClip.

AddEventHandlerComponent: PlayMakerFixedUpdate

AddEventHandlerComponent: PlayMakerFixedUpdate

AddEventHandlerComponent: PlayMakerFixedUpdate

AddEventHandlerComponent: PlayMakerFixedUpdate

AddEventHandlerComponent: PlayMakerFixedUpdate

AddEventHandlerComponent: PlayMakerFixedUpdate

AddEventHandlerComponent: PlayMakerFixedUpdate

AddEventHandlerComponent: PlayMakerFixedUpdate

AddEventHandlerComponent: PlayMakerFixedUpdate

AddEventHandlerComponent: PlayMakerFixedUpdate

AddEventHandlerComponent: PlayMakerFixedUpdate

AddEventHandlerComponent: PlayMakerFixedUpdate

AddEventHandlerComponent: PlayMakerFixedUpdate

AddEventHandlerComponent: PlayMakerFixedUpdate

AddEventHandlerComponent: PlayMakerFixedUpdate

AddEventHandlerComponent: PlayMakerFixedUpdate

AddEventHandlerComponent: PlayMakerFixedUpdate

AddEventHandlerComponent: PlayMakerFixedUpdate

AddEventHandlerComponent: PlayMakerFixedUpdate

Deferring level start (marked as manual).

Hazard Respawn Trigger (1) does not have a Hazard Respawn Marker Set

Could not find FSM: health_manager_enemy

Could not find FSM: health_manager_enemy

Could not find FSM: health_manager_enemy

AddEventHandlerComponent: PlayMakerCollisionEnter2D

AddEventHandlerComponent: PlayMakerFixedUpdate

AddEventHandlerComponent: PlayMakerCollisionEnter2D

AddEventHandlerComponent: PlayMakerFixedUpdate

AddEventHandlerComponent: PlayMakerCollisionEnter2D

AddEventHandlerComponent: PlayMakerFixedUpdate

Could not find FSM: Control Lever

Chain BG Chain L stopping.

Chain BG Chain R stopping.

Could not find FSM: Control Lever

Chain BG Chain R going up.

Chain BG Chain L going down.

Chain BG Chain L stopping.

Chain BG Chain R stopping.

Could not find FSM: Control Lever

Could not find FSM: Control Lever

Could not find FSM: Control Lever

Could not find FSM: Control Lever

Could not find FSM: Control Lever

Chain BG Chain L stopping.

Chain BG Chain R stopping.

Chain BG Chain R going down.

Chain BG Chain L going up.

Could not find FSM: Control Lever

Chain BG Chain L stopping.

Chain BG Chain R stopping.

Chain BG Chain R going up.

Chain BG Chain L going down.

Chain BG Chain L stopping.

Chain BG Chain R stopping.

Object Pool attached to GlobalPool has run out of Run Effects prefabs, Instantiating an additional one.

Chain BG Chain R going up.

Chain BG Chain L going down.

Chain BG Chain L stopping.

Chain BG Chain R stopping.

Chain BG Chain R going up.

Chain BG Chain L going down.

Chain BG Chain L stopping.

Chain BG Chain R stopping.

Bump Height: 0.0052948

AddEventHandlerComponent: PlayMakerFixedUpdate

AddEventHandlerComponent: PlayMakerFixedUpdate

AddEventHandlerComponent: PlayMakerFixedUpdate

AddEventHandlerComponent: PlayMakerFixedUpdate

AddEventHandlerComponent: PlayMakerFixedUpdate

AddEventHandlerComponent: PlayMakerFixedUpdate

AddEventHandlerComponent: PlayMakerFixedUpdate

AddEventHandlerComponent: PlayMakerFixedUpdate

AddEventHandlerComponent: PlayMakerFixedUpdate

AddEventHandlerComponent: PlayMakerFixedUpdate

AddEventHandlerComponent: PlayMakerFixedUpdate

AddEventHandlerComponent: PlayMakerFixedUpdate

AddEventHandlerComponent: PlayMakerFixedUpdate

AddEventHandlerComponent: PlayMakerFixedUpdate

Deferring level start (marked as manual).

Hazard Respawn Trigger (2) does not have a Hazard Respawn Marker Set

PlayOneShot was called with a null AudioClip.

Could not find FSM: health_manager_enemy

Could not find FSM: health_manager_enemy

Could not find FSM: health_manager_enemy

Could not find FSM: health_manager_enemy

Could not find FSM: health_manager_enemy

AddEventHandlerComponent: PlayMakerCollisionEnter2D

AddEventHandlerComponent: PlayMakerFixedUpdate

AddEventHandlerComponent: PlayMakerCollisionEnter2D

AddEventHandlerComponent: PlayMakerFixedUpdate

AddEventHandlerComponent: PlayMakerCollisionEnter2D

AddEventHandlerComponent: PlayMakerFixedUpdate

AddEventHandlerComponent: PlayMakerCollisionEnter2D

AddEventHandlerComponent: PlayMakerFixedUpdate

AddEventHandlerComponent: PlayMakerCollisionEnter2D

AddEventHandlerComponent: PlayMakerFixedUpdate

Could not find FSM: Control Lever

Could not find FSM: Control Lever

Chain BG Chain L stopping.

Chain BG Chain R stopping.

Chain BG Chain R going up.

Chain BG Chain L going down.

Chain BG Chain L stopping.

Chain BG Chain R stopping.

Could not find FSM: Control Lever

Could not find FSM: Control Lever

PlayOneShot was called with a null AudioClip.

PlayOneShot was called with a null AudioClip.

PlayOneShot was called with a null AudioClip.

Chain BG Chain R going up.

Chain BG Chain L going down.

Chain BG Chain L stopping.

Chain BG Chain R stopping.

Bump Height: 0.0052948

Bump Height: 0.0052948

PlayOneShot was called with a null AudioClip.

PlayOneShot was called with a null AudioClip.

PlayOneShot was called with a null AudioClip.

PlayOneShot was called with a null AudioClip.

PlayOneShot was called with a null AudioClip.

PlayOneShot was called with a null AudioClip.

AddEventHandlerComponent: PlayMakerFixedUpdate

AddEventHandlerComponent: PlayMakerFixedUpdate

AddEventHandlerComponent: PlayMakerFixedUpdate

AddEventHandlerComponent: PlayMakerFixedUpdate

AddEventHandlerComponent: PlayMakerFixedUpdate

AddEventHandlerComponent: PlayMakerFixedUpdate

AddEventHandlerComponent: PlayMakerFixedUpdate

AddEventHandlerComponent: PlayMakerFixedUpdate

Deferring level start (marked as manual).

PlayOneShot was called with a null AudioClip.

Persistent Bool Item - Couldn't reset value on FSM because it's missing.

AddEventHandlerComponent: PlayMakerFixedUpdate

Deferring level start (marked as manual).

AddEventHandlerComponent: PlayMakerFixedUpdate

AddEventHandlerComponent: PlayMakerFixedUpdate

AddEventHandlerComponent: PlayMakerFixedUpdate

AddEventHandlerComponent: PlayMakerFixedUpdate

AddEventHandlerComponent: PlayMakerFixedUpdate

AddEventHandlerComponent: PlayMakerFixedUpdate

AddEventHandlerComponent: PlayMakerFixedUpdate

AddEventHandlerComponent: PlayMakerFixedUpdate

AddEventHandlerComponent: PlayMakerFixedUpdate

AddEventHandlerComponent: PlayMakerFixedUpdate

AddEventHandlerComponent: PlayMakerFixedUpdate

AddEventHandlerComponent: PlayMakerFixedUpdate

AddEventHandlerComponent: PlayMakerFixedUpdate

AddEventHandlerComponent: PlayMakerFixedUpdate

AddEventHandlerComponent: PlayMakerFixedUpdate

AddEventHandlerComponent: PlayMakerFixedUpdate

Deferring level start (marked as manual).

PlayOneShot was called with a null AudioClip.

PlayOneShot was called with a null AudioClip.

PlayOneShot was called with a null AudioClip.

PlayOneShot was called with a null AudioClip.

Could not find FSM: health_manager_enemy

Could not find FSM: health_manager_enemy

Could not find FSM: health_manager_enemy

Could not find FSM: health_manager_enemy

Could not find FSM: health_manager_enemy

AddEventHandlerComponent: PlayMakerCollisionEnter2D

AddEventHandlerComponent: PlayMakerFixedUpdate

AddEventHandlerComponent: PlayMakerCollisionEnter2D

AddEventHandlerComponent: PlayMakerFixedUpdate

AddEventHandlerComponent: PlayMakerCollisionEnter2D

AddEventHandlerComponent: PlayMakerFixedUpdate

AddEventHandlerComponent: PlayMakerCollisionEnter2D

AddEventHandlerComponent: PlayMakerFixedUpdate

AddEventHandlerComponent: PlayMakerCollisionEnter2D

AddEventHandlerComponent: PlayMakerFixedUpdate

PlayOneShot was called with a null AudioClip.

AddEventHandlerComponent: PlayMakerFixedUpdate

PlayOneShot was called with a null AudioClip.

PlayOneShot was called with a null AudioClip.

AddEventHandlerComponent: PlayMakerFixedUpdate

PlayOneShot was called with a null AudioClip.

PlayOneShot was called with a null AudioClip.

PlayOneShot was called with a null AudioClip.

PlayOneShot was called with a null AudioClip.

PlayOneShot was called with a null AudioClip.

PlayOneShot was called with a null AudioClip.

PlayOneShot was called with a null AudioClip.

PlayOneShot was called with a null AudioClip.

PlayOneShot was called with a null AudioClip.

PlayOneShot was called with a null AudioClip.

PlayOneShot was called with a null AudioClip.

PlayOneShot was called with a null AudioClip.

PlayOneShot was called with a null AudioClip.

PlayOneShot was called with a null AudioClip.

PlayOneShot was called with a null AudioClip.

PlayOneShot was called with a null AudioClip.

PlayOneShot was called with a null AudioClip.

PlayOneShot was called with a null AudioClip.

AddEventHandlerComponent: PlayMakerFixedUpdate

AddEventHandlerComponent: PlayMakerFixedUpdate

AddEventHandlerComponent: PlayMakerFixedUpdate

AddEventHandlerComponent: PlayMakerFixedUpdate

AddEventHandlerComponent: PlayMakerFixedUpdate

AddEventHandlerComponent: PlayMakerFixedUpdate

AddEventHandlerComponent: PlayMakerFixedUpdate

AddEventHandlerComponent: PlayMakerCollisionEnter2D

AddEventHandlerComponent: PlayMakerFixedUpdate

Deferring level start (marked as manual).

PlayOneShot was called with a null AudioClip.

Could not find FSM: health_manager_enemy

AddEventHandlerComponent: PlayMakerCollisionEnter2D

AddEventHandlerComponent: PlayMakerFixedUpdate

Object Pool attached to GlobalPool has run out of Fireball Hit prefabs, Instantiating an additional one.

PlayOneShot was called with a null AudioClip.

AddEventHandlerComponent: PlayMakerFixedUpdate

AddEventHandlerComponent: PlayMakerFixedUpdate

AddEventHandlerComponent: PlayMakerFixedUpdate

AddEventHandlerComponent: PlayMakerFixedUpdate

Deferring level start (marked as manual).

PlayOneShot was called with a null AudioClip.

Failed to retrieve achievement state for STAG_STATION_HALF

Pushing achievement STAG_STATION_HALF

Steam achievement STAG_STATION_HALF (0/0) upload complete

AddEventHandlerComponent: PlayMakerFixedUpdate

AddEventHandlerComponent: PlayMakerFixedUpdate

AddEventHandlerComponent: PlayMakerFixedUpdate

AddEventHandlerComponent: PlayMakerFixedUpdate

AddEventHandlerComponent: PlayMakerFixedUpdate

AddEventHandlerComponent: PlayMakerFixedUpdate

AddEventHandlerComponent: PlayMakerFixedUpdate

AddEventHandlerComponent: PlayMakerCollisionEnter2D

AddEventHandlerComponent: PlayMakerFixedUpdate

Deferring level start (marked as manual).

PlayOneShot was called with a null AudioClip.

Could not find FSM: health_manager_enemy

AddEventHandlerComponent: PlayMakerCollisionEnter2D

AddEventHandlerComponent: PlayMakerFixedUpdate

PlayOneShot was called with a null AudioClip.

AddEventHandlerComponent: PlayMakerFixedUpdate

AddEventHandlerComponent: PlayMakerFixedUpdate

Deferring level start (marked as manual).

PlayOneShot was called with a null AudioClip.

Bump Height: 0.005009174

Could not find FSM: Control Lever

Deferring level start (marked as manual).

Could not find FSM: Control Lever

Could not find FSM: Control Lever

AddEventHandlerComponent: PlayMakerFixedUpdate

AddEventHandlerComponent: PlayMakerFixedUpdate

AddEventHandlerComponent: PlayMakerFixedUpdate

AddEventHandlerComponent: PlayMakerFixedUpdate

AddEventHandlerComponent: PlayMakerFixedUpdate

AddEventHandlerComponent: PlayMakerFixedUpdate

AddEventHandlerComponent: PlayMakerFixedUpdate

AddEventHandlerComponent: PlayMakerFixedUpdate

AddEventHandlerComponent: PlayMakerFixedUpdate

AddEventHandlerComponent: PlayMakerFixedUpdate

AddEventHandlerComponent: PlayMakerFixedUpdate

AddEventHandlerComponent: PlayMakerFixedUpdate

AddEventHandlerComponent: PlayMakerFixedUpdate

AddEventHandlerComponent: PlayMakerFixedUpdate

Deferring level start (marked as manual).

Bump Height: 0.003305435

Bump Height: 0.003305435

Deferring level start (marked as manual).

Could not find FSM: Control Lever

Could not find FSM: Control Lever

AddEventHandlerComponent: PlayMakerFixedUpdate

AddEventHandlerComponent: PlayMakerFixedUpdate

Deferring level start (marked as manual).

AddEventHandlerComponent: PlayMakerFixedUpdate

AddEventHandlerComponent: PlayMakerFixedUpdate

AddEventHandlerComponent: PlayMakerFixedUpdate

AddEventHandlerComponent: PlayMakerFixedUpdate

AddEventHandlerComponent: PlayMakerFixedUpdate

AddEventHandlerComponent: PlayMakerFixedUpdate

AddEventHandlerComponent: PlayMakerFixedUpdate

AddEventHandlerComponent: PlayMakerFixedUpdate

AddEventHandlerComponent: PlayMakerFixedUpdate

AddEventHandlerComponent: PlayMakerFixedUpdate

AddEventHandlerComponent: PlayMakerFixedUpdate

AddEventHandlerComponent: PlayMakerFixedUpdate

AddEventHandlerComponent: PlayMakerFixedUpdate

AddEventHandlerComponent: PlayMakerFixedUpdate

AddEventHandlerComponent: PlayMakerFixedUpdate

AddEventHandlerComponent: PlayMakerFixedUpdate

AddEventHandlerComponent: PlayMakerFixedUpdate

AddEventHandlerComponent: PlayMakerFixedUpdate

AddEventHandlerComponent: PlayMakerFixedUpdate

AddEventHandlerComponent: PlayMakerFixedUpdate

AddEventHandlerComponent: PlayMakerFixedUpdate

AddEventHandlerComponent: PlayMakerFixedUpdate

AddEventHandlerComponent: PlayMakerFixedUpdate

AddEventHandlerComponent: PlayMakerFixedUpdate

AddEventHandlerComponent: PlayMakerFixedUpdate

AddEventHandlerComponent: PlayMakerFixedUpdate

AddEventHandlerComponent: PlayMakerFixedUpdate

AddEventHandlerComponent: PlayMakerFixedUpdate

AddEventHandlerComponent: PlayMakerFixedUpdate

AddEventHandlerComponent: PlayMakerFixedUpdate

AddEventHandlerComponent: PlayMakerFixedUpdate

AddEventHandlerComponent: PlayMakerFixedUpdate

AddEventHandlerComponent: PlayMakerFixedUpdate

AddEventHandlerComponent: PlayMakerFixedUpdate

AddEventHandlerComponent: PlayMakerFixedUpdate

Deferring level start (marked as manual).

Unloading 83 Unused Serialized files (Serialized files now loaded: 0)
UnloadTime: 6.722700 ms
Deferring level start (marked as manual).


Unloading 5435 unused Assets to reduce memory usage. Loaded Objects now: 58204.
Total: 216.061600 ms (FindLiveObjects: 4.198800 ms CreateObjectMapping: 3.383400 ms MarkObjects: 194.110500 ms  DeleteObjects: 14.368400 ms)

Unloading 5 Unused Serialized files (Serialized files now loaded: 0)
UnloadTime: 0.394300 ms
DontDestroyOnLoad only works for root GameObjects or components on root GameObjects.

Performing automatic level start.

Failed to retrieve achievement state for ENDING_A

Failed to retrieve achievement state for ENDING_B

Failed to retrieve achievement state for ENDING_C

Failed to retrieve achievement state for STEELSOUL

Game controller set to None.

Failed to retrieve achievement state for MASKED

Failed to retrieve achievement state for ENCHANTED

Failed to retrieve achievement state for BLESSED

Failed to retrieve achievement state for SOULFUL

Failed to retrieve achievement state for WORLDSOUL

Failed to retrieve achievement state for DREAM_FK

Failed to retrieve achievement state for HORNET_2

Failed to retrieve achievement state for SOUL_MASTER_DEFEAT

Failed to retrieve achievement state for DREAM_SOUL_MASTER_DEFEAT

Failed to retrieve achievement state for BROKEN_VESSEL

Failed to retrieve achievement state for DREAM_BROKEN_VESSEL

Failed to retrieve achievement state for DUNG_DEFENDER

Failed to retrieve achievement state for COLLECTOR

Failed to retrieve achievement state for ZOTE

Failed to retrieve achievement state for NEGLECT

Failed to retrieve achievement state for ATTUNEMENT

Failed to retrieve achievement state for AWAKENING

Failed to retrieve achievement state for ASCENSION

Failed to retrieve achievement state for GRUBFRIEND

Failed to retrieve achievement state for METAMORPHOSIS

Failed to retrieve achievement state for NAILSMITH_KILL

Failed to retrieve achievement state for NAILSMITH_SPARE

Failed to retrieve achievement state for QUIRREL_EPILOGUE

Failed to retrieve achievement state for MOURNER

Failed to retrieve achievement state for TRAITOR_LORD

Failed to retrieve achievement state for STAG_STATION_ALL

Failed to retrieve achievement state for TEACHER

Failed to retrieve achievement state for WATCHER

Failed to retrieve achievement state for BEAST

Failed to retrieve achievement state for MAP

Failed to retrieve achievement state for COLOSSEUM_1

Failed to retrieve achievement state for COLOSSEUM_2

Failed to retrieve achievement state for COLOSSEUM_3

Failed to retrieve achievement state for ENDING_A

Failed to retrieve achievement state for ENDING_B

Failed to retrieve achievement state for ENDING_C

Failed to retrieve achievement state for VOID

Failed to retrieve achievement state for SPEEDRUN_1

Failed to retrieve achievement state for SPEEDRUN_2

Failed to retrieve achievement state for SPEED_COMPLETION

Failed to retrieve achievement state for STEELSOUL

Failed to retrieve achievement state for STEELSOUL_COMPLETION

Failed to retrieve achievement state for HUNTER_1

Failed to retrieve achievement state for HUNTER_2

Failed to retrieve achievement state for MR_MUSHROOM

Failed to retrieve achievement state for WHITE_DEFENDER

Failed to retrieve achievement state for GREY_PRINCE

Failed to retrieve achievement state for GRIMM

Failed to retrieve achievement state for NIGHTMARE_GRIMM

Failed to retrieve achievement state for BANISHMENT

Failed to retrieve achievement state for PANTHEON1

Failed to retrieve achievement state for PANTHEON2

Failed to retrieve achievement state for PANTHEON3

Failed to retrieve achievement state for PANTHEON4

pd.maxHealth: 6 pd.maxHealthBase: 6


Unloading 605 unused Assets to reduce memory usage. Loaded Objects now: 50899.
Total: 166.579700 ms (FindLiveObjects: 3.016900 ms CreateObjectMapping: 2.080000 ms MarkObjects: 159.130300 ms  DeleteObjects: 2.352200 ms)

Setting up 2 worker threads for Enlighten.
  Thread -> id: 13a0 -> priority: 1 
  Thread -> id: a14 -> priority: 1 
Shutting down Steam API.

