Mono path[0] = 'D:/Games/Hollow Knight/hollow_knight_Data/Managed'
Mono config path = 'D:/Games/Hollow Knight/MonoBleedingEdge/etc'
Initialize engine version: 2020.2.2f1 (068178b99f32)
[Subsystems] Discovering subsystems at path D:/Games/Hollow Knight/hollow_knight_Data/UnitySubsystems
GfxDevice: creating device client; threaded=1
Direct3D:
    Version:  Direct3D 11.0 [level 11.1]
    Renderer: Intel(R) HD Graphics 4600 (ID=0x412)
    Vendor:   
    VRAM:     2048 MB
    Driver:   20.19.15.5126
Begin MonoManager ReloadAssembly
- Completed reload, in  1.584 seconds
OnLevelWasLoaded was found on GameMap
This message has been deprecated and will be removed in a later version of Unity.
Add a delegate to SceneManager.sceneLoaded instead to get notifications after scene loading has completed

OnLevelWasLoaded was found on PlayMakerUnity2d
This message has been deprecated and will be removed in a later version of Unity.
Add a delegate to SceneManager.sceneLoaded instead to get notifications after scene loading has completed

D3D11 device created for Microsoft Media Foundation video decoding.
<RI> Initializing input.
<RI> Input initialized.
<RI> Initialized touch support.
The class named 'ConfigManager' is abstract. The script class can't be abstract!

UnloadTime: 13.165300 ms
Graphics tier changed to High

Steam initializing

Steam logged in as Player

Selected online subsystem SteamOnlineSubsystem

Discovered supported languages: DE, EN, ES, FR, IT, JA, KO, PT, RU, ZH

Unloading 5 Unused Serialized files (Serialized files now loaded: 0)
Loaded saved language code 'EN'

Restored language code 'EN'


Unloading 362 unused Assets to reduce memory usage. Loaded Objects now: 3824.
Total: 2.296500 ms (FindLiveObjects: 0.294600 ms CreateObjectMapping: 0.139400 ms MarkObjects: 1.748900 ms  DeleteObjects: 0.112700 ms)

Steam stats received.

Unloading 5 Unused Serialized files (Serialized files now loaded: 0)
Didn't need to wait for PlayerPrefs load.

UnloadTime: 4.971300 ms
DontDestroyOnLoad only works for root GameObjects or components on root GameObjects.

Performing automatic level start.

Failed to retrieve achievement state for STEELSOUL

Game controller set to None.

Failed to retrieve achievement state for DREAM_SOUL_MASTER_DEFEAT

Failed to retrieve achievement state for NEGLECT

Failed to retrieve achievement state for NAILSMITH_KILL

Failed to retrieve achievement state for NAILSMITH_SPARE

Failed to retrieve achievement state for SPEEDRUN_1

Failed to retrieve achievement state for SPEEDRUN_2

Failed to retrieve achievement state for SPEED_COMPLETION

Failed to retrieve achievement state for STEELSOUL

Failed to retrieve achievement state for STEELSOUL_COMPLETION

Failed to retrieve achievement state for MR_MUSHROOM

Failed to retrieve achievement state for BANISHMENT

Failed to retrieve achievement state for PANTHEON3

Failed to retrieve achievement state for PANTHEON4

Failed to retrieve achievement state for ENDINGD

Failed to retrieve achievement state for COMPLETIONGG

pd.maxHealth: 11 pd.maxHealthBase: 9

pd.maxHealth: 7 pd.maxHealthBase: 7


Unloading 30 unused Assets to reduce memory usage. Loaded Objects now: 46221.
Total: 142.557900 ms (FindLiveObjects: 2.744200 ms CreateObjectMapping: 2.127600 ms MarkObjects: 137.545200 ms  DeleteObjects: 0.140500 ms)

Making UI menu lean.

AddEventHandlerComponent: PlayMakerFixedUpdate

AddEventHandlerComponent: PlayMakerFixedUpdate

AddEventHandlerComponent: PlayMakerFixedUpdate

AddEventHandlerComponent: PlayMakerFixedUpdate

AddEventHandlerComponent: PlayMakerFixedUpdate

AddEventHandlerComponent: PlayMakerFixedUpdate

AddEventHandlerComponent: PlayMakerFixedUpdate

AddEventHandlerComponent: PlayMakerFixedUpdate

AddEventHandlerComponent: PlayMakerFixedUpdate

AddEventHandlerComponent: PlayMakerFixedUpdate

AddEventHandlerComponent: PlayMakerFixedUpdate

AddEventHandlerComponent: PlayMakerFixedUpdate

AddEventHandlerComponent: PlayMakerFixedUpdate

AddEventHandlerComponent: PlayMakerFixedUpdate

AddEventHandlerComponent: PlayMakerFixedUpdate

AddEventHandlerComponent: PlayMakerFixedUpdate

AddEventHandlerComponent: PlayMakerFixedUpdate

AddEventHandlerComponent: PlayMakerFixedUpdate

AddEventHandlerComponent: PlayMakerFixedUpdate

AddEventHandlerComponent: PlayMakerFixedUpdate

AddEventHandlerComponent: PlayMakerFixedUpdate

AddEventHandlerComponent: PlayMakerFixedUpdate

AddEventHandlerComponent: PlayMakerFixedUpdate

AddEventHandlerComponent: PlayMakerFixedUpdate

AddEventHandlerComponent: PlayMakerFixedUpdate

AddEventHandlerComponent: PlayMakerFixedUpdate

AddEventHandlerComponent: PlayMakerFixedUpdate

AddEventHandlerComponent: PlayMakerFixedUpdate

AddEventHandlerComponent: PlayMakerFixedUpdate

AddEventHandlerComponent: PlayMakerFixedUpdate

AddEventHandlerComponent: PlayMakerFixedUpdate

AddEventHandlerComponent: PlayMakerFixedUpdate

AddEventHandlerComponent: PlayMakerFixedUpdate

AddEventHandlerComponent: PlayMakerFixedUpdate

AddEventHandlerComponent: PlayMakerFixedUpdate

AddEventHandlerComponent: PlayMakerFixedUpdate

AddEventHandlerComponent: PlayMakerFixedUpdate

AddEventHandlerComponent: PlayMakerFixedUpdate

AddEventHandlerComponent: PlayMakerFixedUpdate

AddEventHandlerComponent: PlayMakerFixedUpdate

AddEventHandlerComponent: PlayMakerFixedUpdate

AddEventHandlerComponent: PlayMakerFixedUpdate

AddEventHandlerComponent: PlayMakerFixedUpdate

AddEventHandlerComponent: PlayMakerFixedUpdate

AddEventHandlerComponent: PlayMakerFixedUpdate

AddEventHandlerComponent: PlayMakerFixedUpdate

AddEventHandlerComponent: PlayMakerFixedUpdate

AddEventHandlerComponent: PlayMakerFixedUpdate

AddEventHandlerComponent: PlayMakerFixedUpdate

AddEventHandlerComponent: PlayMakerFixedUpdate

AddEventHandlerComponent: PlayMakerFixedUpdate

AddEventHandlerComponent: PlayMakerFixedUpdate

Deferring level start (marked as manual).

Unloading 24 Unused Serialized files (Serialized files now loaded: 0)
Counted completion for Statue, Total: 44, Completed: 0, Tier: Tier3

Counted completion for Statue, Total: 44, Completed: 16, Tier: Tier2

Counted completion for Statue, Total: 44, Completed: 29, Tier: Tier1

Counted completion for Knight Statue Cage, Total: 44, Completed: 0, Tier: Tier3

Counted completion for Knight Statue Cage, Total: 44, Completed: 16, Tier: Tier2

Counted completion for Knight Statue Cage, Total: 44, Completed: 29, Tier: Tier1

AddEventHandlerComponent: PlayMakerFixedUpdate

AddEventHandlerComponent: PlayMakerFixedUpdate

AddEventHandlerComponent: PlayMakerFixedUpdate


Unloading 180 unused Assets to reduce memory usage. Loaded Objects now: 62517.
Total: 229.153400 ms (FindLiveObjects: 5.483400 ms CreateObjectMapping: 3.843700 ms MarkObjects: 218.408700 ms  DeleteObjects: 1.416900 ms)

Achievement <b>MAP</b> can not be awarded in map zone <b>GODS_GLORY</b>

Achievement <b>STAG_STATION_HALF</b> can not be awarded in map zone <b>GODS_GLORY</b>

Achievement <b>GRUBFRIEND</b> can not be awarded in map zone <b>GODS_GLORY</b>

Achievement <b>METAMORPHOSIS</b> can not be awarded in map zone <b>GODS_GLORY</b>

Achievement <b>CHARMED</b> can not be awarded in map zone <b>GODS_GLORY</b>

Achievement <b>ENCHANTED</b> can not be awarded in map zone <b>GODS_GLORY</b>

Achievement <b>BLESSED</b> can not be awarded in map zone <b>GODS_GLORY</b>

Achievement <b>HUNTER_1</b> can not be awarded in map zone <b>GODS_GLORY</b>

Achievement <b>HUNTER_2</b> can not be awarded in map zone <b>GODS_GLORY</b>

Achievement <b>SOULFUL</b> can not be awarded in map zone <b>GODS_GLORY</b>

Achievement <b>WORLDSOUL</b> can not be awarded in map zone <b>GODS_GLORY</b>

Achievement <b>PROTECTED</b> can not be awarded in map zone <b>GODS_GLORY</b>

Achievement <b>MASKED</b> can not be awarded in map zone <b>GODS_GLORY</b>

Achievement <b>ATTUNEMENT</b> can not be awarded in map zone <b>GODS_GLORY</b>

Achievement <b>AWAKENING</b> can not be awarded in map zone <b>GODS_GLORY</b>

Achievement <b>ASCENSION</b> can not be awarded in map zone <b>GODS_GLORY</b>

Achievement <b>HORNET_1</b> can not be awarded in map zone <b>GODS_GLORY</b>

Achievement <b>HORNET_2</b> can not be awarded in map zone <b>GODS_GLORY</b>

Achievement <b>SOUL_MASTER_DEFEAT</b> can not be awarded in map zone <b>GODS_GLORY</b>

Achievement <b>BROKEN_VESSEL</b> can not be awarded in map zone <b>GODS_GLORY</b>

Achievement <b>DREAM_BROKEN_VESSEL</b> can not be awarded in map zone <b>GODS_GLORY</b>

Achievement <b>DUNG_DEFENDER</b> can not be awarded in map zone <b>GODS_GLORY</b>

Achievement <b>DREAM_FK</b> can not be awarded in map zone <b>GODS_GLORY</b>

Achievement <b>MANTIS_LORDS</b> can not be awarded in map zone <b>GODS_GLORY</b>

Achievement <b>COLLECTOR</b> can not be awarded in map zone <b>GODS_GLORY</b>

Achievement <b>TRAITOR_LORD</b> can not be awarded in map zone <b>GODS_GLORY</b>

Achievement <b>WHITE_DEFENDER</b> can not be awarded in map zone <b>GODS_GLORY</b>

Achievement <b>GREY_PRINCE</b> can not be awarded in map zone <b>GODS_GLORY</b>

Achievement <b>BEAST</b> can not be awarded in map zone <b>GODS_GLORY</b>

Achievement <b>WATCHER</b> can not be awarded in map zone <b>GODS_GLORY</b>

Achievement <b>TEACHER</b> can not be awarded in map zone <b>GODS_GLORY</b>

Achievement <b>COLOSSEUM_1</b> can not be awarded in map zone <b>GODS_GLORY</b>

Achievement <b>COLOSSEUM_2</b> can not be awarded in map zone <b>GODS_GLORY</b>

Achievement <b>COLOSSEUM_3</b> can not be awarded in map zone <b>GODS_GLORY</b>

Achievement <b>GRIMM</b> can not be awarded in map zone <b>GODS_GLORY</b>

Achievement <b>NIGHTMARE_GRIMM</b> can not be awarded in map zone <b>GODS_GLORY</b>

Object Pool attached to GlobalPool has run out of Run Effects prefabs, Instantiating an additional one.

Recorded statue boss scene. Current: Nailsage Sly Boss Scene, Previous: null

AddEventHandlerComponent: PlayMakerFixedUpdate

Deferring level start (marked as manual).

Could not find FSM: Collider

Could not find FSM: Collider

Object Pool attached to GlobalPool has run out of Strike Nail R prefabs, Instantiating an additional one.

Object Pool attached to GlobalPool has run out of Slash Impact R prefabs, Instantiating an additional one.

Object Pool attached to GlobalPool could not find a copy of Uninfected Hit Pt, Instantiating a new one.

Object Pool attached to GlobalPool has run out of Strike Nail R prefabs, Instantiating an additional one.

Object Pool attached to GlobalPool has run out of Slash Impact R prefabs, Instantiating an additional one.

nailDamage: 21, multiplied: 52.5

nailDamage: 21, multiplied: 52.5

PlayOneShot was called with a null AudioClip.

PlayOneShot was called with a null AudioClip.

nailDamage: 21, multiplied: 52.5

nailDamage: 21, multiplied: 52.5

nailDamage: 21, multiplied: 52.5

Object Pool attached to GlobalPool has run out of Slash Impact R prefabs, Instantiating an additional one.

Object Pool attached to GlobalPool has run out of Strike Nail R prefabs, Instantiating an additional one.

nailDamage: 21, multiplied: 52.5

nailDamage: 21, multiplied: 52.5

nailDamage: 21, multiplied: 52.5

nailDamage: 21, multiplied: 52.5

PlayOneShot was called with a null AudioClip.

PlayOneShot was called with a null AudioClip.

nailDamage: 21, multiplied: 52.5

AddEventHandlerComponent: PlayMakerFixedUpdate

nailDamage: 21, multiplied: 52.5

nailDamage: 21, multiplied: 52.5

Object Pool attached to GlobalPool has run out of Run Effects prefabs, Instantiating an additional one.

PlayOneShot was called with a null AudioClip.

PlayOneShot was called with a null AudioClip.

nailDamage: 21, multiplied: 52.5

Object Pool attached to GlobalPool has run out of Uninfected Hit Pt prefabs, Instantiating an additional one.

nailDamage: 21, multiplied: 52.5

Object Pool attached to GlobalPool has run out of Run Effects prefabs, Instantiating an additional one.

AddEventHandlerComponent: PlayMakerFixedUpdate

AddEventHandlerComponent: PlayMakerFixedUpdate

AddEventHandlerComponent: PlayMakerFixedUpdate

AddEventHandlerComponent: PlayMakerFixedUpdate

AddEventHandlerComponent: PlayMakerFixedUpdate

AddEventHandlerComponent: PlayMakerFixedUpdate

AddEventHandlerComponent: PlayMakerFixedUpdate

AddEventHandlerComponent: PlayMakerFixedUpdate

AddEventHandlerComponent: PlayMakerFixedUpdate

AddEventHandlerComponent: PlayMakerFixedUpdate

AddEventHandlerComponent: PlayMakerFixedUpdate

AddEventHandlerComponent: PlayMakerFixedUpdate

AddEventHandlerComponent: PlayMakerFixedUpdate

AddEventHandlerComponent: PlayMakerFixedUpdate

AddEventHandlerComponent: PlayMakerFixedUpdate

AddEventHandlerComponent: PlayMakerFixedUpdate

AddEventHandlerComponent: PlayMakerFixedUpdate

AddEventHandlerComponent: PlayMakerFixedUpdate

AddEventHandlerComponent: PlayMakerFixedUpdate

AddEventHandlerComponent: PlayMakerFixedUpdate

AddEventHandlerComponent: PlayMakerFixedUpdate

AddEventHandlerComponent: PlayMakerFixedUpdate

AddEventHandlerComponent: PlayMakerFixedUpdate

AddEventHandlerComponent: PlayMakerFixedUpdate

AddEventHandlerComponent: PlayMakerFixedUpdate

AddEventHandlerComponent: PlayMakerFixedUpdate

AddEventHandlerComponent: PlayMakerFixedUpdate

AddEventHandlerComponent: PlayMakerFixedUpdate

AddEventHandlerComponent: PlayMakerFixedUpdate

AddEventHandlerComponent: PlayMakerFixedUpdate

AddEventHandlerComponent: PlayMakerFixedUpdate

AddEventHandlerComponent: PlayMakerFixedUpdate

AddEventHandlerComponent: PlayMakerFixedUpdate

AddEventHandlerComponent: PlayMakerFixedUpdate

AddEventHandlerComponent: PlayMakerFixedUpdate

AddEventHandlerComponent: PlayMakerFixedUpdate

AddEventHandlerComponent: PlayMakerFixedUpdate

AddEventHandlerComponent: PlayMakerFixedUpdate

AddEventHandlerComponent: PlayMakerFixedUpdate

AddEventHandlerComponent: PlayMakerFixedUpdate

AddEventHandlerComponent: PlayMakerFixedUpdate

AddEventHandlerComponent: PlayMakerFixedUpdate

AddEventHandlerComponent: PlayMakerFixedUpdate

AddEventHandlerComponent: PlayMakerFixedUpdate

Deferring level start (marked as manual).

Counted completion for Statue, Total: 44, Completed: 0, Tier: Tier3

Counted completion for Statue, Total: 44, Completed: 16, Tier: Tier2

Counted completion for Statue, Total: 44, Completed: 29, Tier: Tier1

Counted completion for Knight Statue Cage, Total: 44, Completed: 0, Tier: Tier3

Counted completion for Knight Statue Cage, Total: 44, Completed: 16, Tier: Tier2

Counted completion for Knight Statue Cage, Total: 44, Completed: 29, Tier: Tier1

AddEventHandlerComponent: PlayMakerFixedUpdate

AddEventHandlerComponent: PlayMakerFixedUpdate

AddEventHandlerComponent: PlayMakerFixedUpdate

Recorded statue boss scene. Current: Nailsage Sly Boss Scene, Previous: Nailsage Sly Boss Scene

AddEventHandlerComponent: PlayMakerFixedUpdate

Deferring level start (marked as manual).

nailDamage: 21, multiplied: 52.5

Could not find FSM: Collider

Could not find FSM: Collider

nailDamage: 21, multiplied: 52.5

nailDamage: 21, multiplied: 52.5

nailDamage: 21, multiplied: 52.5

nailDamage: 21, multiplied: 52.5

nailDamage: 21, multiplied: 52.5

PlayOneShot was called with a null AudioClip.

PlayOneShot was called with a null AudioClip.

nailDamage: 21, multiplied: 52.5

nailDamage: 21, multiplied: 52.5

nailDamage: 21, multiplied: 52.5

nailDamage: 21, multiplied: 52.5

nailDamage: 21, multiplied: 52.5

AddEventHandlerComponent: PlayMakerFixedUpdate

nailDamage: 21, multiplied: 52.5

AddEventHandlerComponent: PlayMakerFixedUpdate

AddEventHandlerComponent: PlayMakerFixedUpdate

AddEventHandlerComponent: PlayMakerFixedUpdate

AddEventHandlerComponent: PlayMakerFixedUpdate

Object Pool attached to GlobalPool has run out of Slash Effect Ghost1 prefabs, Instantiating an additional one.

Object Pool attached to GlobalPool has run out of Slash Effect Ghost1 prefabs, Instantiating an additional one.

Object Pool attached to GlobalPool has run out of Slash Effect Ghost1 prefabs, Instantiating an additional one.

Object Pool attached to GlobalPool has run out of Slash Effect Ghost1 prefabs, Instantiating an additional one.

Achievement <b>HUNTER_1</b> can not be awarded in map zone <b>GODS_GLORY</b>

Achievement <b>HUNTER_2</b> can not be awarded in map zone <b>GODS_GLORY</b>

Boss scene ended

AddEventHandlerComponent: PlayMakerFixedUpdate

AddEventHandlerComponent: PlayMakerFixedUpdate

AddEventHandlerComponent: PlayMakerFixedUpdate

AddEventHandlerComponent: PlayMakerFixedUpdate

AddEventHandlerComponent: PlayMakerFixedUpdate

AddEventHandlerComponent: PlayMakerFixedUpdate

AddEventHandlerComponent: PlayMakerFixedUpdate

AddEventHandlerComponent: PlayMakerFixedUpdate

AddEventHandlerComponent: PlayMakerFixedUpdate

AddEventHandlerComponent: PlayMakerFixedUpdate

AddEventHandlerComponent: PlayMakerFixedUpdate

AddEventHandlerComponent: PlayMakerFixedUpdate

AddEventHandlerComponent: PlayMakerFixedUpdate

AddEventHandlerComponent: PlayMakerFixedUpdate

AddEventHandlerComponent: PlayMakerFixedUpdate

AddEventHandlerComponent: PlayMakerFixedUpdate

AddEventHandlerComponent: PlayMakerFixedUpdate

AddEventHandlerComponent: PlayMakerFixedUpdate

AddEventHandlerComponent: PlayMakerFixedUpdate

AddEventHandlerComponent: PlayMakerFixedUpdate

AddEventHandlerComponent: PlayMakerFixedUpdate

AddEventHandlerComponent: PlayMakerFixedUpdate

AddEventHandlerComponent: PlayMakerFixedUpdate

AddEventHandlerComponent: PlayMakerFixedUpdate

AddEventHandlerComponent: PlayMakerFixedUpdate

AddEventHandlerComponent: PlayMakerFixedUpdate

AddEventHandlerComponent: PlayMakerFixedUpdate

AddEventHandlerComponent: PlayMakerFixedUpdate

AddEventHandlerComponent: PlayMakerFixedUpdate

AddEventHandlerComponent: PlayMakerFixedUpdate

AddEventHandlerComponent: PlayMakerFixedUpdate

AddEventHandlerComponent: PlayMakerFixedUpdate

AddEventHandlerComponent: PlayMakerFixedUpdate

AddEventHandlerComponent: PlayMakerFixedUpdate

AddEventHandlerComponent: PlayMakerFixedUpdate

AddEventHandlerComponent: PlayMakerFixedUpdate

AddEventHandlerComponent: PlayMakerFixedUpdate

AddEventHandlerComponent: PlayMakerFixedUpdate

AddEventHandlerComponent: PlayMakerFixedUpdate

AddEventHandlerComponent: PlayMakerFixedUpdate

AddEventHandlerComponent: PlayMakerFixedUpdate

AddEventHandlerComponent: PlayMakerFixedUpdate

AddEventHandlerComponent: PlayMakerFixedUpdate

Deferring level start (marked as manual).

Counted completion for Statue, Total: 44, Completed: 0, Tier: Tier3

Counted completion for Statue, Total: 44, Completed: 16, Tier: Tier2

Counted completion for Statue, Total: 44, Completed: 30, Tier: Tier1

Counted completion for Knight Statue Cage, Total: 44, Completed: 0, Tier: Tier3

Counted completion for Knight Statue Cage, Total: 44, Completed: 16, Tier: Tier2

Counted completion for Knight Statue Cage, Total: 44, Completed: 30, Tier: Tier1

AddEventHandlerComponent: PlayMakerFixedUpdate

AddEventHandlerComponent: PlayMakerFixedUpdate

AddEventHandlerComponent: PlayMakerFixedUpdate

AddEventHandlerComponent: PlayMakerFixedUpdate

AddEventHandlerComponent: PlayMakerFixedUpdate

AddEventHandlerComponent: PlayMakerFixedUpdate

AddEventHandlerComponent: PlayMakerFixedUpdate

AddEventHandlerComponent: PlayMakerFixedUpdate

AddEventHandlerComponent: PlayMakerFixedUpdate

AddEventHandlerComponent: PlayMakerFixedUpdate

AddEventHandlerComponent: PlayMakerFixedUpdate

AddEventHandlerComponent: PlayMakerFixedUpdate

AddEventHandlerComponent: PlayMakerFixedUpdate

AddEventHandlerComponent: PlayMakerFixedUpdate

Deferring level start (marked as manual).

Unloading 47 Unused Serialized files (Serialized files now loaded: 0)

Unloading 660 unused Assets to reduce memory usage. Loaded Objects now: 62391.
Total: 229.439100 ms (FindLiveObjects: 4.976400 ms CreateObjectMapping: 3.318100 ms MarkObjects: 218.455300 ms  DeleteObjects: 2.688900 ms)

Deferring level start (marked as manual).

Using fallback 1 to find tilemap. Scene GG_Boss_Door_Entrance requires manual fixing.

Using fallback 2 to find tilemap. Scene GG_Boss_Door_Entrance requires manual fixing.

Failed to find tilemap in GG_Boss_Door_Entrance entirely.

AddEventHandlerComponent: PlayMakerFixedUpdate

AddEventHandlerComponent: PlayMakerFixedUpdate

AddEventHandlerComponent: PlayMakerFixedUpdate

AddEventHandlerComponent: PlayMakerFixedUpdate

AddEventHandlerComponent: PlayMakerFixedUpdate

AddEventHandlerComponent: PlayMakerFixedUpdate

AddEventHandlerComponent: PlayMakerFixedUpdate

AddEventHandlerComponent: PlayMakerFixedUpdate

Deferring level start (marked as manual).

AddEventHandlerComponent: PlayMakerFixedUpdate

PlayOneShot was called with a null AudioClip.

Object Pool attached to GlobalPool has run out of particle_orange blood prefabs, Instantiating an additional one.

Object Pool attached to GlobalPool has run out of particle_orange blood prefabs, Instantiating an additional one.

Object Pool attached to GlobalPool has run out of particle_orange blood prefabs, Instantiating an additional one.

Object Pool attached to GlobalPool has run out of particle_orange blood prefabs, Instantiating an additional one.

Object Pool attached to GlobalPool has run out of particle_orange blood prefabs, Instantiating an additional one.

Object Pool attached to GlobalPool has run out of particle_orange blood prefabs, Instantiating an additional one.

Object Pool attached to GlobalPool has run out of particle_orange blood prefabs, Instantiating an additional one.

Object Pool attached to GlobalPool has run out of particle_orange blood prefabs, Instantiating an additional one.

Object Pool attached to GlobalPool has run out of Run Effects prefabs, Instantiating an additional one.

PlayOneShot was called with a null AudioClip.

Boss scene ended

Continuing boss sequence...

Deferring level start (marked as manual).

AddEventHandlerComponent: PlayMakerFixedUpdate

AddEventHandlerComponent: PlayMakerFixedUpdate

AddEventHandlerComponent: PlayMakerFixedUpdate

AddEventHandlerComponent: PlayMakerFixedUpdate

AddEventHandlerComponent: PlayMakerFixedUpdate

Object Pool attached to GlobalPool has run out of Audio Player Actor 2D prefabs, Instantiating an additional one.

AddEventHandlerComponent: PlayMakerFixedUpdate

AddEventHandlerComponent: PlayMakerFixedUpdate

AddEventHandlerComponent: PlayMakerFixedUpdate

AddEventHandlerComponent: PlayMakerFixedUpdate

Object Pool attached to GlobalPool has run out of Audio Player Actor 2D prefabs, Instantiating an additional one.

AddEventHandlerComponent: PlayMakerFixedUpdate

AddEventHandlerComponent: PlayMakerFixedUpdate

AddEventHandlerComponent: PlayMakerFixedUpdate

AddEventHandlerComponent: PlayMakerFixedUpdate

AddEventHandlerComponent: PlayMakerFixedUpdate

AddEventHandlerComponent: PlayMakerFixedUpdate

AddEventHandlerComponent: PlayMakerFixedUpdate

AddEventHandlerComponent: PlayMakerFixedUpdate

AddEventHandlerComponent: PlayMakerFixedUpdate

AddEventHandlerComponent: PlayMakerFixedUpdate

Boss scene ended

Continuing boss sequence...

AddEventHandlerComponent: PlayMakerFixedUpdate

AddEventHandlerComponent: PlayMakerFixedUpdate

Deferring level start (marked as manual).

Object Pool attached to GlobalPool could not find a copy of Slash Effect Shade, Instantiating a new one.

Object Pool attached to GlobalPool has run out of Slash Effect Shade prefabs, Instantiating an additional one.

Object Pool attached to GlobalPool has run out of Slash Effect Shade prefabs, Instantiating an additional one.

Object Pool attached to GlobalPool has run out of Hit Flash Black prefabs, Instantiating an additional one.

AddEventHandlerComponent: PlayMakerFixedUpdate

Object Pool attached to GlobalPool could not find a copy of Hit Puff Med, Instantiating a new one.

AddEventHandlerComponent: PlayMakerFixedUpdate

AddEventHandlerComponent: PlayMakerFixedUpdate

AddEventHandlerComponent: PlayMakerFixedUpdate

AddEventHandlerComponent: PlayMakerFixedUpdate

Object Pool attached to GlobalPool has run out of Hit Shade prefabs, Instantiating an additional one.

AddEventHandlerComponent: PlayMakerFixedUpdate

AddEventHandlerComponent: PlayMakerFixedUpdate

AddEventHandlerComponent: PlayMakerFixedUpdate

AddEventHandlerComponent: PlayMakerFixedUpdate

Object Pool attached to GlobalPool has run out of Hit Puff Med prefabs, Instantiating an additional one.

AddEventHandlerComponent: PlayMakerFixedUpdate

AddEventHandlerComponent: PlayMakerFixedUpdate

AddEventHandlerComponent: PlayMakerFixedUpdate

AddEventHandlerComponent: PlayMakerFixedUpdate

AddEventHandlerComponent: PlayMakerFixedUpdate

PlayOneShot was called with a null AudioClip.

Boss scene ended

Continuing boss sequence...

AddEventHandlerComponent: PlayMakerFixedUpdate

Deferring level start (marked as manual).

AddEventHandlerComponent: PlayMakerFixedUpdate

Object Pool attached to GlobalPool has run out of Run Effects prefabs, Instantiating an additional one.

Object Pool attached to GlobalPool has run out of Run Effects prefabs, Instantiating an additional one.

PlayOneShot was called with a null AudioClip.

PlayOneShot was called with a null AudioClip.

AddEventHandlerComponent: PlayMakerFixedUpdate

AddEventHandlerComponent: PlayMakerFixedUpdate

AddEventHandlerComponent: PlayMakerFixedUpdate

AddEventHandlerComponent: PlayMakerFixedUpdate

AddEventHandlerComponent: PlayMakerFixedUpdate

AddEventHandlerComponent: PlayMakerFixedUpdate

AddEventHandlerComponent: PlayMakerFixedUpdate

AddEventHandlerComponent: PlayMakerFixedUpdate

AddEventHandlerComponent: PlayMakerFixedUpdate

AddEventHandlerComponent: PlayMakerFixedUpdate

AddEventHandlerComponent: PlayMakerFixedUpdate

AddEventHandlerComponent: PlayMakerFixedUpdate

PlayOneShot was called with a null AudioClip.

PlayOneShot was called with a null AudioClip.

PlayOneShot was called with a null AudioClip.

PlayOneShot was called with a null AudioClip.

PlayOneShot was called with a null AudioClip.

PlayOneShot was called with a null AudioClip.

PlayOneShot was called with a null AudioClip.

PlayOneShot was called with a null AudioClip.

PlayOneShot was called with a null AudioClip.

PlayOneShot was called with a null AudioClip.

PlayOneShot was called with a null AudioClip.

PlayOneShot was called with a null AudioClip.

AddEventHandlerComponent: PlayMakerFixedUpdate

AddEventHandlerComponent: PlayMakerFixedUpdate

AddEventHandlerComponent: PlayMakerFixedUpdate

AddEventHandlerComponent: PlayMakerFixedUpdate

AddEventHandlerComponent: PlayMakerFixedUpdate

AddEventHandlerComponent: PlayMakerFixedUpdate

AddEventHandlerComponent: PlayMakerFixedUpdate

AddEventHandlerComponent: PlayMakerFixedUpdate

Object Pool attached to GlobalPool has run out of Vomit Glob prefabs, Instantiating an additional one.

AddEventHandlerComponent: PlayMakerFixedUpdate

Object Pool attached to GlobalPool has run out of Vomit Glob prefabs, Instantiating an additional one.

AddEventHandlerComponent: PlayMakerFixedUpdate

Object Pool attached to GlobalPool has run out of Vomit Glob prefabs, Instantiating an additional one.

AddEventHandlerComponent: PlayMakerFixedUpdate

Object Pool attached to GlobalPool has run out of Vomit Glob prefabs, Instantiating an additional one.

AddEventHandlerComponent: PlayMakerFixedUpdate

PlayOneShot was called with a null AudioClip.

PlayOneShot was called with a null AudioClip.

PlayOneShot was called with a null AudioClip.

PlayOneShot was called with a null AudioClip.

PlayOneShot was called with a null AudioClip.

PlayOneShot was called with a null AudioClip.

PlayOneShot was called with a null AudioClip.

PlayOneShot was called with a null AudioClip.

PlayOneShot was called with a null AudioClip.

PlayOneShot was called with a null AudioClip.

PlayOneShot was called with a null AudioClip.

PlayOneShot was called with a null AudioClip.

PlayOneShot was called with a null AudioClip.

PlayOneShot was called with a null AudioClip.

PlayOneShot was called with a null AudioClip.

PlayOneShot was called with a null AudioClip.

PlayOneShot was called with a null AudioClip.

PlayOneShot was called with a null AudioClip.

PlayOneShot was called with a null AudioClip.

PlayOneShot was called with a null AudioClip.

Could not find FSM: recoil

Object Pool attached to GlobalPool has run out of particle_orange blood prefabs, Instantiating an additional one.

Object Pool attached to GlobalPool has run out of particle_orange blood prefabs, Instantiating an additional one.

Object Pool attached to GlobalPool has run out of particle_orange blood prefabs, Instantiating an additional one.

Object Pool attached to GlobalPool has run out of particle_orange blood prefabs, Instantiating an additional one.

Object Pool attached to GlobalPool has run out of particle_orange blood prefabs, Instantiating an additional one.

Object Pool attached to GlobalPool has run out of particle_orange blood prefabs, Instantiating an additional one.

Object Pool attached to GlobalPool has run out of particle_orange blood prefabs, Instantiating an additional one.

Object Pool attached to GlobalPool has run out of particle_orange blood prefabs, Instantiating an additional one.

Object Pool attached to GlobalPool has run out of particle_orange blood prefabs, Instantiating an additional one.

Object Pool attached to GlobalPool has run out of particle_orange blood prefabs, Instantiating an additional one.

Object Pool attached to GlobalPool has run out of particle_orange blood prefabs, Instantiating an additional one.

Object Pool attached to GlobalPool has run out of particle_orange blood prefabs, Instantiating an additional one.

Object Pool attached to GlobalPool has run out of particle_orange blood prefabs, Instantiating an additional one.

Object Pool attached to GlobalPool has run out of particle_orange blood prefabs, Instantiating an additional one.

Object Pool attached to GlobalPool has run out of particle_orange blood prefabs, Instantiating an additional one.

Object Pool attached to GlobalPool has run out of particle_orange blood prefabs, Instantiating an additional one.

Object Pool attached to GlobalPool has run out of particle_orange blood prefabs, Instantiating an additional one.

Object Pool attached to GlobalPool has run out of particle_orange blood prefabs, Instantiating an additional one.

AddEventHandlerComponent: PlayMakerFixedUpdate

AddEventHandlerComponent: PlayMakerFixedUpdate

AddEventHandlerComponent: PlayMakerFixedUpdate

AddEventHandlerComponent: PlayMakerFixedUpdate

AddEventHandlerComponent: PlayMakerFixedUpdate

AddEventHandlerComponent: PlayMakerFixedUpdate

AddEventHandlerComponent: PlayMakerFixedUpdate

AddEventHandlerComponent: PlayMakerFixedUpdate

AddEventHandlerComponent: PlayMakerFixedUpdate

AddEventHandlerComponent: PlayMakerFixedUpdate

AddEventHandlerComponent: PlayMakerFixedUpdate

PlayOneShot was called with a null AudioClip.

Boss scene ended

Continuing boss sequence...

AddEventHandlerComponent: PlayMakerFixedUpdate

Deferring level start (marked as manual).

AddEventHandlerComponent: PlayMakerFixedUpdate

Unsupported type: null

Object Pool attached to GlobalPool has run out of Run Effects prefabs, Instantiating an additional one.

Object Pool attached to GlobalPool has run out of Run Effects prefabs, Instantiating an additional one.

Object Pool attached to GlobalPool has run out of Run Effects prefabs, Instantiating an additional one.

Object Pool attached to GlobalPool has run out of Run Effects prefabs, Instantiating an additional one.

AddEventHandlerComponent: PlayMakerFixedUpdate

PlayOneShot was called with a null AudioClip.

AddEventHandlerComponent: PlayMakerFixedUpdate

PlayOneShot was called with a null AudioClip.

AddEventHandlerComponent: PlayMakerFixedUpdate

PlayOneShot was called with a null AudioClip.

nailDamage: 21, multiplied: 26.25

nailDamage: 21, multiplied: 26.25

Object Pool attached to GlobalPool has run out of Grimm UP Ball prefabs, Instantiating an additional one.

Object Pool attached to GlobalPool has run out of Grimm UP Ball prefabs, Instantiating an additional one.

Object Pool attached to GlobalPool has run out of Grimm UP Ball prefabs, Instantiating an additional one.

Object Pool attached to GlobalPool has run out of Grimm UP Ball prefabs, Instantiating an additional one.

Object Pool attached to GlobalPool has run out of Grimm UP Ball prefabs, Instantiating an additional one.

Object Pool attached to GlobalPool has run out of Grimm UP Ball prefabs, Instantiating an additional one.

nailDamage: 21, multiplied: 26.25

nailDamage: 21, multiplied: 26.25

nailDamage: 21, multiplied: 52.5

AddEventHandlerComponent: PlayMakerFixedUpdate

PlayOneShot was called with a null AudioClip.

PlayOneShot was called with a null AudioClip.

PlayOneShot was called with a null AudioClip.

nailDamage: 21, multiplied: 26.25

nailDamage: 21, multiplied: 26.25

Object Pool attached to GlobalPool has run out of Uninfected Hit Pt prefabs, Instantiating an additional one.

PlayOneShot was called with a null AudioClip.

Object Pool attached to GlobalPool has run out of Flameball Grimmballoon Straight prefabs, Instantiating an additional one.

Object Pool attached to GlobalPool has run out of Flameball Grimmballoon Straight prefabs, Instantiating an additional one.

Object Pool attached to GlobalPool has run out of Flameball Grimmballoon Straight prefabs, Instantiating an additional one.

Object Pool attached to GlobalPool has run out of Flameball Grimmballoon Straight prefabs, Instantiating an additional one.

Object Pool attached to GlobalPool has run out of Flameball Grimmballoon prefabs, Instantiating an additional one.

Object Pool attached to GlobalPool has run out of Flameball Grimmballoon prefabs, Instantiating an additional one.

Object Pool attached to GlobalPool has run out of Flameball Grimmballoon prefabs, Instantiating an additional one.

Object Pool attached to GlobalPool has run out of Flameball Grimmballoon prefabs, Instantiating an additional one.

Object Pool attached to GlobalPool has run out of Flameball Grimmballoon Straight prefabs, Instantiating an additional one.

Object Pool attached to GlobalPool has run out of Flameball Grimmballoon Straight prefabs, Instantiating an additional one.

PlayOneShot was called with a null AudioClip.

PlayOneShot was called with a null AudioClip.

PlayOneShot was called with a null AudioClip.

nailDamage: 21, multiplied: 52.5

PlayOneShot was called with a null AudioClip.

PlayOneShot was called with a null AudioClip.

PlayOneShot was called with a null AudioClip.

nailDamage: 21, multiplied: 26.25

nailDamage: 21, multiplied: 26.25

Unsupported type: null

PlayOneShot was called with a null AudioClip.

Unsupported type: null

PlayOneShot was called with a null AudioClip.

nailDamage: 21, multiplied: 26.25

nailDamage: 21, multiplied: 26.25

PlayOneShot was called with a null AudioClip.

nailDamage: 21, multiplied: 52.5

Object Pool attached to GlobalPool has run out of Flameball Grimmballoon Straight prefabs, Instantiating an additional one.

PlayOneShot was called with a null AudioClip.

PlayOneShot was called with a null AudioClip.

PlayOneShot was called with a null AudioClip.

nailDamage: 21, multiplied: 52.5

PlayOneShot was called with a null AudioClip.

PlayOneShot was called with a null AudioClip.

PlayOneShot was called with a null AudioClip.

nailDamage: 21, multiplied: 26.25

nailDamage: 21, multiplied: 26.25

PlayOneShot was called with a null AudioClip.

nailDamage: 21, multiplied: 26.25

nailDamage: 21, multiplied: 26.25

PlayOneShot was called with a null AudioClip.

PlayOneShot was called with a null AudioClip.

PlayOneShot was called with a null AudioClip.

nailDamage: 21, multiplied: 26.25

nailDamage: 21, multiplied: 26.25

Unsupported type: null

PlayOneShot was called with a null AudioClip.

Unsupported type: null

PlayOneShot was called with a null AudioClip.

PlayOneShot was called with a null AudioClip.

PlayOneShot was called with a null AudioClip.

PlayOneShot was called with a null AudioClip.

PlayOneShot was called with a null AudioClip.

PlayOneShot was called with a null AudioClip.

PlayOneShot was called with a null AudioClip.

Boss scene ended

Continuing boss sequence...

Asset unload forced by next boss scene.

AddEventHandlerComponent: PlayMakerFixedUpdate

Deferring level start (marked as manual).

Unloading 57 Unused Serialized files (Serialized files now loaded: 0)

Unloading 2007 unused Assets to reduce memory usage. Loaded Objects now: 59567.
Total: 223.859700 ms (FindLiveObjects: 5.200500 ms CreateObjectMapping: 3.957700 ms MarkObjects: 209.409000 ms  DeleteObjects: 5.291400 ms)

AddEventHandlerComponent: PlayMakerFixedUpdate

AddEventHandlerComponent: PlayMakerFixedUpdate

Deferring level start (marked as manual).

Cannot use 'velocity' on a static body.

Cannot use 'velocity' on a static body.

Could not find FSM: GH_GALIEN_C

Cannot use 'velocity' on a static body.

Cannot use 'velocity' on a static body.

PlayOneShot was called with a null AudioClip.

AddEventHandlerComponent: PlayMakerFixedUpdate

Object Pool attached to GlobalPool has run out of Ghost Hit Pt prefabs, Instantiating an additional one.

Object Pool attached to GlobalPool has run out of Ghost Hit Pt prefabs, Instantiating an additional one.

AddEventHandlerComponent: PlayMakerCollisionStay

AddEventHandlerComponent: PlayMakerCollisionEnter2D

AddEventHandlerComponent: PlayMakerCollisionStay2D

AddEventHandlerComponent: PlayMakerFixedUpdate

AddEventHandlerComponent: PlayMakerCollisionStay

AddEventHandlerComponent: PlayMakerCollisionEnter2D

AddEventHandlerComponent: PlayMakerCollisionStay2D

AddEventHandlerComponent: PlayMakerFixedUpdate

PlayOneShot was called with a null AudioClip.

PlayOneShot was called with a null AudioClip.

Boss scene ended

Continuing boss sequence...

AddEventHandlerComponent: PlayMakerFixedUpdate

AddEventHandlerComponent: PlayMakerFixedUpdate

AddEventHandlerComponent: PlayMakerFixedUpdate

AddEventHandlerComponent: PlayMakerFixedUpdate

AddEventHandlerComponent: PlayMakerFixedUpdate

AddEventHandlerComponent: PlayMakerFixedUpdate

AddEventHandlerComponent: PlayMakerFixedUpdate

AddEventHandlerComponent: PlayMakerFixedUpdate

AddEventHandlerComponent: PlayMakerFixedUpdate

AddEventHandlerComponent: PlayMakerFixedUpdate

AddEventHandlerComponent: PlayMakerFixedUpdate

AddEventHandlerComponent: PlayMakerFixedUpdate

AddEventHandlerComponent: PlayMakerFixedUpdate

Deferring level start (marked as manual).

AddEventHandlerComponent: PlayMakerFixedUpdate

PlayOneShot was called with a null AudioClip.

AddEventHandlerComponent: PlayMakerFixedUpdate

AddEventHandlerComponent: PlayMakerFixedUpdate

Object Pool attached to GlobalPool could not find a copy of Shockwave Spurt Z, Instantiating a new one.

Object Pool attached to GlobalPool has run out of Shockwave Spurt Z prefabs, Instantiating an additional one.

Object Pool attached to GlobalPool could not find a copy of Shockwave Spurt L Z, Instantiating a new one.

Object Pool attached to GlobalPool has run out of Shockwave Spurt L Z prefabs, Instantiating an additional one.

Object Pool attached to GlobalPool has run out of Shockwave Spurt Z prefabs, Instantiating an additional one.

Object Pool attached to GlobalPool has run out of Shockwave Spurt L Z prefabs, Instantiating an additional one.

Object Pool attached to GlobalPool has run out of Shockwave Spurt Z prefabs, Instantiating an additional one.

Object Pool attached to GlobalPool has run out of Shockwave Spurt L Z prefabs, Instantiating an additional one.

Object Pool attached to GlobalPool has run out of Shockwave Spurt Z prefabs, Instantiating an additional one.

Object Pool attached to GlobalPool has run out of Shockwave Spurt L Z prefabs, Instantiating an additional one.

Object Pool attached to GlobalPool has run out of Shockwave Spurt Z prefabs, Instantiating an additional one.

Object Pool attached to GlobalPool has run out of Shockwave Spurt L Z prefabs, Instantiating an additional one.

Object Pool attached to GlobalPool has run out of Shockwave Spurt Z prefabs, Instantiating an additional one.

Object Pool attached to GlobalPool has run out of Shockwave Spurt L Z prefabs, Instantiating an additional one.

Object Pool attached to GlobalPool has run out of Shockwave Spurt Z prefabs, Instantiating an additional one.

Object Pool attached to GlobalPool has run out of Shockwave Spurt L Z prefabs, Instantiating an additional one.

Object Pool attached to GlobalPool has run out of Shockwave Spurt Z prefabs, Instantiating an additional one.

Object Pool attached to GlobalPool has run out of Shockwave Spurt L Z prefabs, Instantiating an additional one.

Object Pool attached to GlobalPool has run out of Shockwave Spurt Z prefabs, Instantiating an additional one.

Object Pool attached to GlobalPool has run out of Shockwave Spurt L Z prefabs, Instantiating an additional one.

Object Pool attached to GlobalPool has run out of Shockwave Spurt Z prefabs, Instantiating an additional one.

Object Pool attached to GlobalPool has run out of Shockwave Spurt L Z prefabs, Instantiating an additional one.

Object Pool attached to GlobalPool has run out of Shockwave Spurt Z prefabs, Instantiating an additional one.

Object Pool attached to GlobalPool has run out of Shockwave Spurt L Z prefabs, Instantiating an additional one.

Object Pool attached to GlobalPool has run out of Shockwave Spurt Z prefabs, Instantiating an additional one.

Object Pool attached to GlobalPool has run out of Shockwave Spurt L Z prefabs, Instantiating an additional one.

Object Pool attached to GlobalPool has run out of Shockwave Spurt Z prefabs, Instantiating an additional one.

Object Pool attached to GlobalPool has run out of Shockwave Spurt L Z prefabs, Instantiating an additional one.

Object Pool attached to GlobalPool has run out of Shockwave Spurt Z prefabs, Instantiating an additional one.

Object Pool attached to GlobalPool has run out of Shockwave Spurt L Z prefabs, Instantiating an additional one.

Object Pool attached to GlobalPool has run out of Shockwave Spurt Z prefabs, Instantiating an additional one.

Object Pool attached to GlobalPool has run out of Shockwave Spurt L Z prefabs, Instantiating an additional one.

Object Pool attached to GlobalPool has run out of Shockwave Spurt Z prefabs, Instantiating an additional one.

Object Pool attached to GlobalPool has run out of Shockwave Spurt L Z prefabs, Instantiating an additional one.

Object Pool attached to GlobalPool has run out of Shockwave Spurt Z prefabs, Instantiating an additional one.

Object Pool attached to GlobalPool has run out of Shockwave Spurt L Z prefabs, Instantiating an additional one.

Object Pool attached to GlobalPool has run out of Shockwave Spurt Z prefabs, Instantiating an additional one.

Object Pool attached to GlobalPool has run out of Shockwave Spurt L Z prefabs, Instantiating an additional one.

Object Pool attached to GlobalPool has run out of Shockwave Spurt L Z prefabs, Instantiating an additional one.

Object Pool attached to GlobalPool has run out of Shockwave Spurt L Z prefabs, Instantiating an additional one.

Object Pool attached to GlobalPool has run out of Shockwave Spurt L Z prefabs, Instantiating an additional one.

Object Pool attached to GlobalPool has run out of Shockwave Spurt L Z prefabs, Instantiating an additional one.

Object Pool attached to GlobalPool has run out of Shockwave Spurt L Z prefabs, Instantiating an additional one.

Object Pool attached to GlobalPool has run out of Shockwave Spurt L Z prefabs, Instantiating an additional one.

Object Pool attached to GlobalPool has run out of Shockwave Spurt L Z prefabs, Instantiating an additional one.

Object Pool attached to GlobalPool has run out of Shockwave Spurt L Z prefabs, Instantiating an additional one.

Object Pool attached to GlobalPool has run out of Shockwave Spurt Z prefabs, Instantiating an additional one.

Object Pool attached to GlobalPool has run out of Shockwave Spurt Z prefabs, Instantiating an additional one.

Object Pool attached to GlobalPool has run out of Shockwave Spurt Z prefabs, Instantiating an additional one.

Object Pool attached to GlobalPool has run out of Shockwave Spurt Z prefabs, Instantiating an additional one.

Object Pool attached to GlobalPool has run out of Shockwave Spurt Z prefabs, Instantiating an additional one.

Object Pool attached to GlobalPool has run out of Shockwave Spurt Z prefabs, Instantiating an additional one.

Object Pool attached to GlobalPool has run out of Shockwave Spurt Z prefabs, Instantiating an additional one.

Object Pool attached to GlobalPool has run out of Shockwave Spurt Z prefabs, Instantiating an additional one.

PlayOneShot was called with a null AudioClip.

PlayOneShot was called with a null AudioClip.

PlayOneShot was called with a null AudioClip.

PlayOneShot was called with a null AudioClip.

AddEventHandlerComponent: PlayMakerFixedUpdate

AddEventHandlerComponent: PlayMakerFixedUpdate

AddEventHandlerComponent: PlayMakerFixedUpdate

AddEventHandlerComponent: PlayMakerFixedUpdate

PlayOneShot was called with a null AudioClip.

Object Pool attached to GlobalPool has run out of Audio Player Actor 2D prefabs, Instantiating an additional one.

PlayOneShot was called with a null AudioClip.

Object Pool attached to GlobalPool has run out of Shockwave Spurt Z prefabs, Instantiating an additional one.

Object Pool attached to GlobalPool has run out of Shockwave Spurt L Z prefabs, Instantiating an additional one.

PlayOneShot was called with a null AudioClip.

PlayOneShot was called with a null AudioClip.

Could not find FSM: damages_hero

Object Pool attached to GlobalPool has run out of Slash Effect Ghost2 prefabs, Instantiating an additional one.

Object Pool attached to GlobalPool has run out of Slash Effect Ghost2 prefabs, Instantiating an additional one.

Object Pool attached to GlobalPool has run out of Slash Effect Ghost2 prefabs, Instantiating an additional one.

Object Pool attached to GlobalPool has run out of Shockwave Spurt L Z prefabs, Instantiating an additional one.

Object Pool attached to GlobalPool has run out of Shockwave Spurt L Z prefabs, Instantiating an additional one.

Object Pool attached to GlobalPool has run out of Shockwave Spurt L Z prefabs, Instantiating an additional one.

Object Pool attached to GlobalPool has run out of Shockwave Spurt L Z prefabs, Instantiating an additional one.

Object Pool attached to GlobalPool has run out of Shockwave Spurt L Z prefabs, Instantiating an additional one.

Object Pool attached to GlobalPool has run out of Shockwave Spurt L Z prefabs, Instantiating an additional one.

Object Pool attached to GlobalPool has run out of Shockwave Spurt L Z prefabs, Instantiating an additional one.

Object Pool attached to GlobalPool has run out of Shockwave Spurt L Z prefabs, Instantiating an additional one.

Object Pool attached to GlobalPool has run out of Shockwave Spurt L Z prefabs, Instantiating an additional one.

Object Pool attached to GlobalPool has run out of Shockwave Spurt L Z prefabs, Instantiating an additional one.

Object Pool attached to GlobalPool has run out of Shockwave Spurt L Z prefabs, Instantiating an additional one.

Object Pool attached to GlobalPool has run out of Shockwave Spurt L Z prefabs, Instantiating an additional one.

Object Pool attached to GlobalPool has run out of Shockwave Spurt L Z prefabs, Instantiating an additional one.

Object Pool attached to GlobalPool has run out of Shockwave Spurt L Z prefabs, Instantiating an additional one.

Object Pool attached to GlobalPool has run out of Shockwave Spurt Z prefabs, Instantiating an additional one.

Object Pool attached to GlobalPool has run out of Shockwave Spurt Z prefabs, Instantiating an additional one.

Object Pool attached to GlobalPool has run out of Shockwave Spurt Z prefabs, Instantiating an additional one.

Asset unload force by death in boss sequence.

AddEventHandlerComponent: PlayMakerFixedUpdate

AddEventHandlerComponent: PlayMakerFixedUpdate

AddEventHandlerComponent: PlayMakerFixedUpdate

AddEventHandlerComponent: PlayMakerFixedUpdate

AddEventHandlerComponent: PlayMakerFixedUpdate

AddEventHandlerComponent: PlayMakerFixedUpdate

AddEventHandlerComponent: PlayMakerFixedUpdate

AddEventHandlerComponent: PlayMakerFixedUpdate

AddEventHandlerComponent: PlayMakerFixedUpdate

AddEventHandlerComponent: PlayMakerFixedUpdate

AddEventHandlerComponent: PlayMakerFixedUpdate

Deferring level start (marked as manual).

Unloading 46 Unused Serialized files (Serialized files now loaded: 0)

Unloading 1070 unused Assets to reduce memory usage. Loaded Objects now: 64450.
Total: 296.658600 ms (FindLiveObjects: 7.588400 ms CreateObjectMapping: 3.410400 ms MarkObjects: 279.989900 ms  DeleteObjects: 5.669500 ms)

AddEventHandlerComponent: PlayMakerFixedUpdate

AddEventHandlerComponent: PlayMakerFixedUpdate

AddEventHandlerComponent: PlayMakerFixedUpdate

AddEventHandlerComponent: PlayMakerFixedUpdate

AddEventHandlerComponent: PlayMakerFixedUpdate

AddEventHandlerComponent: PlayMakerFixedUpdate

AddEventHandlerComponent: PlayMakerFixedUpdate

AddEventHandlerComponent: PlayMakerFixedUpdate

AddEventHandlerComponent: PlayMakerFixedUpdate

AddEventHandlerComponent: PlayMakerFixedUpdate

AddEventHandlerComponent: PlayMakerFixedUpdate

AddEventHandlerComponent: PlayMakerFixedUpdate

AddEventHandlerComponent: PlayMakerFixedUpdate

Deferring level start (marked as manual).

AddEventHandlerComponent: PlayMakerFixedUpdate

AddEventHandlerComponent: PlayMakerFixedUpdate

AddEventHandlerComponent: PlayMakerFixedUpdate

AddEventHandlerComponent: PlayMakerFixedUpdate

AddEventHandlerComponent: PlayMakerFixedUpdate

AddEventHandlerComponent: PlayMakerFixedUpdate

AddEventHandlerComponent: PlayMakerFixedUpdate

AddEventHandlerComponent: PlayMakerFixedUpdate

Deferring level start (marked as manual).

AddEventHandlerComponent: PlayMakerFixedUpdate

AddEventHandlerComponent: PlayMakerFixedUpdate

AddEventHandlerComponent: PlayMakerFixedUpdate

AddEventHandlerComponent: PlayMakerFixedUpdate

AddEventHandlerComponent: PlayMakerFixedUpdate

PlayOneShot was called with a null AudioClip.

PlayOneShot was called with a null AudioClip.

Object Pool attached to GlobalPool could not find a copy of Dripper White, Instantiating a new one.

PlayOneShot was called with a null AudioClip.

PlayOneShot was called with a null AudioClip.

PlayOneShot was called with a null AudioClip.

PlayOneShot was called with a null AudioClip.

PlayOneShot was called with a null AudioClip.

AddEventHandlerComponent: PlayMakerFixedUpdate

AddEventHandlerComponent: PlayMakerFixedUpdate

AddEventHandlerComponent: PlayMakerFixedUpdate

AddEventHandlerComponent: PlayMakerFixedUpdate

AddEventHandlerComponent: PlayMakerFixedUpdate

AddEventHandlerComponent: PlayMakerFixedUpdate

AddEventHandlerComponent: PlayMakerFixedUpdate

AddEventHandlerComponent: PlayMakerFixedUpdate

AddEventHandlerComponent: PlayMakerFixedUpdate

AddEventHandlerComponent: PlayMakerFixedUpdate

AddEventHandlerComponent: PlayMakerFixedUpdate

Deferring level start (marked as manual).

Could not find FSM: health_manager_enemy

AddEventHandlerComponent: PlayMakerCollisionEnter2D

AddEventHandlerComponent: PlayMakerFixedUpdate

PlayOneShot was called with a null AudioClip.

PlayOneShot was called with a null AudioClip.

PlayOneShot was called with a null AudioClip.

AddEventHandlerComponent: PlayMakerFixedUpdate

AddEventHandlerComponent: PlayMakerFixedUpdate

AddEventHandlerComponent: PlayMakerFixedUpdate

AddEventHandlerComponent: PlayMakerFixedUpdate

AddEventHandlerComponent: PlayMakerFixedUpdate

AddEventHandlerComponent: PlayMakerFixedUpdate

AddEventHandlerComponent: PlayMakerFixedUpdate

AddEventHandlerComponent: PlayMakerFixedUpdate

AddEventHandlerComponent: PlayMakerFixedUpdate

AddEventHandlerComponent: PlayMakerFixedUpdate

AddEventHandlerComponent: PlayMakerFixedUpdate

AddEventHandlerComponent: PlayMakerFixedUpdate

AddEventHandlerComponent: PlayMakerFixedUpdate

AddEventHandlerComponent: PlayMakerFixedUpdate

AddEventHandlerComponent: PlayMakerFixedUpdate

AddEventHandlerComponent: PlayMakerFixedUpdate

AddEventHandlerComponent: PlayMakerFixedUpdate

AddEventHandlerComponent: PlayMakerFixedUpdate

AddEventHandlerComponent: PlayMakerFixedUpdate

AddEventHandlerComponent: PlayMakerFixedUpdate

AddEventHandlerComponent: PlayMakerFixedUpdate

AddEventHandlerComponent: PlayMakerFixedUpdate

AddEventHandlerComponent: PlayMakerFixedUpdate

AddEventHandlerComponent: PlayMakerFixedUpdate

Deferring level start (marked as manual).

PlayOneShot was called with a null AudioClip.

PlayOneShot was called with a null AudioClip.

PlayOneShot was called with a null AudioClip.

Could not find FSM: health_manager_enemy

Could not find FSM: health_manager_enemy

Could not find FSM: health_manager_enemy

Could not find FSM: health_manager_enemy

Could not find FSM: health_manager_enemy

Could not find FSM: health_manager_enemy

Could not find FSM: health_manager_enemy

AddEventHandlerComponent: PlayMakerCollisionEnter2D

AddEventHandlerComponent: PlayMakerFixedUpdate

AddEventHandlerComponent: PlayMakerCollisionEnter2D

AddEventHandlerComponent: PlayMakerFixedUpdate

AddEventHandlerComponent: PlayMakerCollisionEnter2D

AddEventHandlerComponent: PlayMakerFixedUpdate

AddEventHandlerComponent: PlayMakerCollisionEnter2D

AddEventHandlerComponent: PlayMakerFixedUpdate

AddEventHandlerComponent: PlayMakerCollisionEnter2D

AddEventHandlerComponent: PlayMakerFixedUpdate

AddEventHandlerComponent: PlayMakerCollisionEnter2D

AddEventHandlerComponent: PlayMakerFixedUpdate

AddEventHandlerComponent: PlayMakerCollisionEnter2D

AddEventHandlerComponent: PlayMakerFixedUpdate

Could not find FSM: Control Lever

Chain BG Chain L stopping.

Chain BG Chain R stopping.

Could not find FSM: Control Lever

Chain BG Chain R going up.

Chain BG Chain L going down.

Chain BG Chain L stopping.

Chain BG Chain R stopping.

Bump Height: 0.00528717

Bump Height: 0.00528717

Could not find FSM: Control Lever

PlayOneShot was called with a null AudioClip.

Could not find FSM: Control Lever

PlayOneShot was called with a null AudioClip.

PlayOneShot was called with a null AudioClip.

PlayOneShot was called with a null AudioClip.

AddEventHandlerComponent: PlayMakerFixedUpdate

AddEventHandlerComponent: PlayMakerFixedUpdate

AddEventHandlerComponent: PlayMakerFixedUpdate

AddEventHandlerComponent: PlayMakerFixedUpdate

AddEventHandlerComponent: PlayMakerFixedUpdate

AddEventHandlerComponent: PlayMakerFixedUpdate

AddEventHandlerComponent: PlayMakerFixedUpdate

AddEventHandlerComponent: PlayMakerFixedUpdate

Deferring level start (marked as manual).

Could not find FSM: health_manager_enemy

Could not find FSM: health_manager_enemy

AddEventHandlerComponent: PlayMakerCollisionEnter2D

AddEventHandlerComponent: PlayMakerFixedUpdate

AddEventHandlerComponent: PlayMakerCollisionEnter2D

AddEventHandlerComponent: PlayMakerFixedUpdate

Could not find FSM: Control Lever

Could not find FSM: Control Lever

Chain BG Chain R going up.

Chain BG Chain L going down.

Chain BG Chain L stopping.

Chain BG Chain R stopping.

Bump Height: 0.00528717

Bump Height: 0.00528717

Could not find FSM: Control Lever

Could not find FSM: Control Lever

PlayOneShot was called with a null AudioClip.

PlayOneShot was called with a null AudioClip.

PlayOneShot was called with a null AudioClip.

PlayOneShot was called with a null AudioClip.

PlayOneShot was called with a null AudioClip.

PlayOneShot was called with a null AudioClip.

PlayOneShot was called with a null AudioClip.

PlayOneShot was called with a null AudioClip.

PlayOneShot was called with a null AudioClip.

AddEventHandlerComponent: PlayMakerFixedUpdate

AddEventHandlerComponent: PlayMakerFixedUpdate

AddEventHandlerComponent: PlayMakerFixedUpdate

AddEventHandlerComponent: PlayMakerFixedUpdate

AddEventHandlerComponent: PlayMakerFixedUpdate

AddEventHandlerComponent: PlayMakerFixedUpdate

AddEventHandlerComponent: PlayMakerFixedUpdate

Deferring level start (marked as manual).

Could not find FSM: health_manager_enemy

AddEventHandlerComponent: PlayMakerCollisionEnter2D

AddEventHandlerComponent: PlayMakerFixedUpdate

Object Pool attached to GlobalPool has run out of Slash Impact R prefabs, Instantiating an additional one.

Object Pool attached to GlobalPool has run out of Strike Nail R prefabs, Instantiating an additional one.

PlayOneShot was called with a null AudioClip.

PlayOneShot was called with a null AudioClip.

AddEventHandlerComponent: PlayMakerFixedUpdate

AddEventHandlerComponent: PlayMakerFixedUpdate

AddEventHandlerComponent: PlayMakerFixedUpdate

AddEventHandlerComponent: PlayMakerFixedUpdate

AddEventHandlerComponent: PlayMakerFixedUpdate

AddEventHandlerComponent: PlayMakerFixedUpdate

AddEventHandlerComponent: PlayMakerFixedUpdate

AddEventHandlerComponent: PlayMakerFixedUpdate

AddEventHandlerComponent: PlayMakerFixedUpdate

AddEventHandlerComponent: PlayMakerFixedUpdate

AddEventHandlerComponent: PlayMakerFixedUpdate

AddEventHandlerComponent: PlayMakerFixedUpdate

AddEventHandlerComponent: PlayMakerFixedUpdate

AddEventHandlerComponent: PlayMakerFixedUpdate

AddEventHandlerComponent: PlayMakerFixedUpdate

AddEventHandlerComponent: PlayMakerFixedUpdate

Deferring level start (marked as manual).

PlayOneShot was called with a null AudioClip.

PlayOneShot was called with a null AudioClip.

PlayOneShot was called with a null AudioClip.

PlayOneShot was called with a null AudioClip.

Could not find FSM: health_manager_enemy

Could not find FSM: health_manager_enemy

Could not find FSM: health_manager_enemy

Could not find FSM: health_manager_enemy

Could not find FSM: health_manager_enemy

AddEventHandlerComponent: PlayMakerCollisionEnter2D

AddEventHandlerComponent: PlayMakerFixedUpdate

AddEventHandlerComponent: PlayMakerCollisionEnter2D

AddEventHandlerComponent: PlayMakerFixedUpdate

AddEventHandlerComponent: PlayMakerCollisionEnter2D

AddEventHandlerComponent: PlayMakerFixedUpdate

AddEventHandlerComponent: PlayMakerCollisionEnter2D

AddEventHandlerComponent: PlayMakerFixedUpdate

AddEventHandlerComponent: PlayMakerCollisionEnter2D

AddEventHandlerComponent: PlayMakerFixedUpdate

PlayOneShot was called with a null AudioClip.

PlayOneShot was called with a null AudioClip.

PlayOneShot was called with a null AudioClip.

PlayOneShot was called with a null AudioClip.

PlayOneShot was called with a null AudioClip.

AddEventHandlerComponent: PlayMakerFixedUpdate

AddEventHandlerComponent: PlayMakerFixedUpdate

AddEventHandlerComponent: PlayMakerFixedUpdate

AddEventHandlerComponent: PlayMakerFixedUpdate

AddEventHandlerComponent: PlayMakerFixedUpdate

AddEventHandlerComponent: PlayMakerFixedUpdate

AddEventHandlerComponent: PlayMakerFixedUpdate

AddEventHandlerComponent: PlayMakerCollisionEnter2D

AddEventHandlerComponent: PlayMakerFixedUpdate

Deferring level start (marked as manual).

PlayOneShot was called with a null AudioClip.

Could not find FSM: health_manager_enemy

AddEventHandlerComponent: PlayMakerCollisionEnter2D

AddEventHandlerComponent: PlayMakerFixedUpdate

AddEventHandlerComponent: PlayMakerFixedUpdate

PlayOneShot was called with a null AudioClip.

PlayOneShot was called with a null AudioClip.

PlayOneShot was called with a null AudioClip.

PlayOneShot was called with a null AudioClip.

PlayOneShot was called with a null AudioClip.

PlayOneShot was called with a null AudioClip.

AddEventHandlerComponent: PlayMakerFixedUpdate

AddEventHandlerComponent: PlayMakerFixedUpdate

AddEventHandlerComponent: PlayMakerFixedUpdate

AddEventHandlerComponent: PlayMakerFixedUpdate

Deferring level start (marked as manual).

PlayOneShot was called with a null AudioClip.

Could not find FSM: Enough Geo

LoadLevel: Cinematic_Stag_travel

Unloading 69 Unused Serialized files (Serialized files now loaded: 0)
UnloadTime: 3.752200 ms
Performing automatic level start.


Unloading 4185 unused Assets to reduce memory usage. Loaded Objects now: 58698.
Total: 237.635700 ms (FindLiveObjects: 3.709600 ms CreateObjectMapping: 2.571900 ms MarkObjects: 215.861500 ms  DeleteObjects: 15.491300 ms)

Setting skip mode: SKIP_INSTANT

Started cinematic 'StagTunnelRun'

Started cinematic 'StagTunnelRun'

Stopped cinematic 'StagTunnelRun'

AddEventHandlerComponent: PlayMakerFixedUpdate

AddEventHandlerComponent: PlayMakerFixedUpdate

AddEventHandlerComponent: PlayMakerFixedUpdate

AddEventHandlerComponent: PlayMakerCollisionEnter2D

AddEventHandlerComponent: PlayMakerFixedUpdate

Deferring level start (marked as manual).

PlayOneShot was called with a null AudioClip.

AddEventHandlerComponent: PlayMakerFixedUpdate

AddEventHandlerComponent: PlayMakerFixedUpdate

AddEventHandlerComponent: PlayMakerFixedUpdate

AddEventHandlerComponent: PlayMakerFixedUpdate

AddEventHandlerComponent: PlayMakerFixedUpdate

AddEventHandlerComponent: PlayMakerFixedUpdate

AddEventHandlerComponent: PlayMakerFixedUpdate

AddEventHandlerComponent: PlayMakerCollisionEnter2D

AddEventHandlerComponent: PlayMakerFixedUpdate

AddEventHandlerComponent: PlayMakerFixedUpdate

AddEventHandlerComponent: PlayMakerFixedUpdate

AddEventHandlerComponent: PlayMakerFixedUpdate

AddEventHandlerComponent: PlayMakerFixedUpdate

AddEventHandlerComponent: PlayMakerFixedUpdate

Deferring level start (marked as manual).

AddEventHandlerComponent: PlayMakerFixedUpdate

AddEventHandlerComponent: PlayMakerFixedUpdate

Deferring level start (marked as manual).

Deferring level start (marked as manual).

PlayOneShot was called with a null AudioClip.

AddEventHandlerComponent: PlayMakerFixedUpdate

AddEventHandlerComponent: PlayMakerFixedUpdate

AddEventHandlerComponent: PlayMakerFixedUpdate

AddEventHandlerComponent: PlayMakerFixedUpdate

AddEventHandlerComponent: PlayMakerFixedUpdate

AddEventHandlerComponent: PlayMakerFixedUpdate

AddEventHandlerComponent: PlayMakerFixedUpdate

AddEventHandlerComponent: PlayMakerFixedUpdate

AddEventHandlerComponent: PlayMakerFixedUpdate

AddEventHandlerComponent: PlayMakerFixedUpdate

AddEventHandlerComponent: PlayMakerFixedUpdate

AddEventHandlerComponent: PlayMakerFixedUpdate

AddEventHandlerComponent: PlayMakerFixedUpdate

Deferring level start (marked as manual).

AddEventHandlerComponent: PlayMakerFixedUpdate

PlayOneShot was called with a null AudioClip.

PlayOneShot was called with a null AudioClip.

PlayOneShot was called with a null AudioClip.

PlayOneShot was called with a null AudioClip.

PlayOneShot was called with a null AudioClip.

PlayOneShot was called with a null AudioClip.

PlayOneShot was called with a null AudioClip.

PlayOneShot was called with a null AudioClip.

PlayOneShot was called with a null AudioClip.

PlayOneShot was called with a null AudioClip.

AddEventHandlerComponent: PlayMakerFixedUpdate

AddEventHandlerComponent: PlayMakerFixedUpdate

AddEventHandlerComponent: PlayMakerFixedUpdate

AddEventHandlerComponent: PlayMakerFixedUpdate

AddEventHandlerComponent: PlayMakerFixedUpdate

AddEventHandlerComponent: PlayMakerFixedUpdate

PlayOneShot was called with a null AudioClip.

PlayOneShot was called with a null AudioClip.

Deferring level start (marked as manual).

PlayOneShot was called with a null AudioClip.

AddEventHandlerComponent: PlayMakerFixedUpdate

AddEventHandlerComponent: PlayMakerFixedUpdate

AddEventHandlerComponent: PlayMakerFixedUpdate

AddEventHandlerComponent: PlayMakerFixedUpdate

AddEventHandlerComponent: PlayMakerFixedUpdate

AddEventHandlerComponent: PlayMakerFixedUpdate

AddEventHandlerComponent: PlayMakerFixedUpdate

AddEventHandlerComponent: PlayMakerFixedUpdate

AddEventHandlerComponent: PlayMakerFixedUpdate

AddEventHandlerComponent: PlayMakerFixedUpdate

AddEventHandlerComponent: PlayMakerFixedUpdate

AddEventHandlerComponent: PlayMakerFixedUpdate

AddEventHandlerComponent: PlayMakerFixedUpdate

Deferring level start (marked as manual).

AddEventHandlerComponent: PlayMakerFixedUpdate

PlayOneShot was called with a null AudioClip.

PlayOneShot was called with a null AudioClip.

PlayOneShot was called with a null AudioClip.

PlayOneShot was called with a null AudioClip.

PlayOneShot was called with a null AudioClip.

PlayOneShot was called with a null AudioClip.

PlayOneShot was called with a null AudioClip.

PlayOneShot was called with a null AudioClip.

PlayOneShot was called with a null AudioClip.

PlayOneShot was called with a null AudioClip.

AddEventHandlerComponent: PlayMakerFixedUpdate

AddEventHandlerComponent: PlayMakerFixedUpdate

PlayOneShot was called with a null AudioClip.

PlayOneShot was called with a null AudioClip.

AddEventHandlerComponent: PlayMakerFixedUpdate

AddEventHandlerComponent: PlayMakerFixedUpdate

PlayOneShot was called with a null AudioClip.

PlayOneShot was called with a null AudioClip.

AddEventHandlerComponent: PlayMakerFixedUpdate

AddEventHandlerComponent: PlayMakerFixedUpdate

PlayOneShot was called with a null AudioClip.

Deferring level start (marked as manual).

AddEventHandlerComponent: PlayMakerFixedUpdate

AddEventHandlerComponent: PlayMakerFixedUpdate

Deferring level start (marked as manual).

Deferring level start (marked as manual).

Object Pool attached to GlobalPool has run out of Nail Terrain Hit Effect prefabs, Instantiating an additional one.

PlayOneShot was called with a null AudioClip.

AddEventHandlerComponent: PlayMakerFixedUpdate

AddEventHandlerComponent: PlayMakerFixedUpdate

AddEventHandlerComponent: PlayMakerFixedUpdate

AddEventHandlerComponent: PlayMakerFixedUpdate

AddEventHandlerComponent: PlayMakerFixedUpdate

AddEventHandlerComponent: PlayMakerFixedUpdate

AddEventHandlerComponent: PlayMakerFixedUpdate

AddEventHandlerComponent: PlayMakerFixedUpdate

AddEventHandlerComponent: PlayMakerFixedUpdate

AddEventHandlerComponent: PlayMakerFixedUpdate

AddEventHandlerComponent: PlayMakerFixedUpdate

AddEventHandlerComponent: PlayMakerFixedUpdate

AddEventHandlerComponent: PlayMakerFixedUpdate

Deferring level start (marked as manual).

AddEventHandlerComponent: PlayMakerFixedUpdate

PlayOneShot was called with a null AudioClip.

PlayOneShot was called with a null AudioClip.

PlayOneShot was called with a null AudioClip.

PlayOneShot was called with a null AudioClip.

PlayOneShot was called with a null AudioClip.

PlayOneShot was called with a null AudioClip.

PlayOneShot was called with a null AudioClip.

nailDamage: 21, multiplied: 26.25

nailDamage: 21, multiplied: 26.25

nailDamage: 21, multiplied: 26.25

nailDamage: 21, multiplied: 26.25

PlayOneShot was called with a null AudioClip.

PlayOneShot was called with a null AudioClip.

PlayOneShot was called with a null AudioClip.

AddEventHandlerComponent: PlayMakerFixedUpdate

AddEventHandlerComponent: PlayMakerFixedUpdate

AddEventHandlerComponent: PlayMakerFixedUpdate

AddEventHandlerComponent: PlayMakerFixedUpdate

AddEventHandlerComponent: PlayMakerFixedUpdate

AddEventHandlerComponent: PlayMakerFixedUpdate

AddEventHandlerComponent: PlayMakerFixedUpdate

AddEventHandlerComponent: PlayMakerFixedUpdate

PlayOneShot was called with a null AudioClip.

PlayOneShot was called with a null AudioClip.

PlayOneShot was called with a null AudioClip.

PlayOneShot was called with a null AudioClip.

PlayOneShot was called with a null AudioClip.

Deferring level start (marked as manual).

Unloading 28 Unused Serialized files (Serialized files now loaded: 0)
UnloadTime: 1.639800 ms
Deferring level start (marked as manual).


Unloading 1876 unused Assets to reduce memory usage. Loaded Objects now: 58029.
Total: 241.906600 ms (FindLiveObjects: 7.547900 ms CreateObjectMapping: 4.156200 ms MarkObjects: 224.576500 ms  DeleteObjects: 5.625000 ms)

Unloading 5 Unused Serialized files (Serialized files now loaded: 0)
UnloadTime: 0.372300 ms
DontDestroyOnLoad only works for root GameObjects or components on root GameObjects.

Performing automatic level start.

Failed to retrieve achievement state for STEELSOUL

Game controller set to None.

Failed to retrieve achievement state for DREAM_SOUL_MASTER_DEFEAT

Failed to retrieve achievement state for NEGLECT

Failed to retrieve achievement state for NAILSMITH_KILL

Failed to retrieve achievement state for NAILSMITH_SPARE

Failed to retrieve achievement state for SPEEDRUN_1

Failed to retrieve achievement state for SPEEDRUN_2

Failed to retrieve achievement state for SPEED_COMPLETION

Failed to retrieve achievement state for STEELSOUL

Failed to retrieve achievement state for STEELSOUL_COMPLETION

Failed to retrieve achievement state for MR_MUSHROOM

Failed to retrieve achievement state for BANISHMENT

Failed to retrieve achievement state for PANTHEON3

Failed to retrieve achievement state for PANTHEON4

Failed to retrieve achievement state for ENDINGD

Failed to retrieve achievement state for COMPLETIONGG

pd.maxHealth: 11 pd.maxHealthBase: 9

pd.maxHealth: 7 pd.maxHealthBase: 7


Unloading 866 unused Assets to reduce memory usage. Loaded Objects now: 49028.
Total: 182.721700 ms (FindLiveObjects: 4.538900 ms CreateObjectMapping: 2.739100 ms MarkObjects: 172.952000 ms  DeleteObjects: 2.490900 ms)

Making UI menu lean.

Deferring level start (marked as manual).

Using fallback 1 to find tilemap. Scene Opening_Sequence requires manual fixing.

Using fallback 2 to find tilemap. Scene Opening_Sequence requires manual fixing.

Failed to find tilemap in Opening_Sequence entirely.

Unloading 5 Unused Serialized files (Serialized files now loaded: 0)
Starting opening sequence.

Opening sequience changing sequences.


Unloading 180 unused Assets to reduce memory usage. Loaded Objects now: 45865.
Total: 180.640600 ms (FindLiveObjects: 4.268900 ms CreateObjectMapping: 1.954300 ms MarkObjects: 173.722400 ms  DeleteObjects: 0.694500 ms)

Setting skip mode: SKIP_PROMPT

Opening sequience skipping.

Setting skip mode: NOT_SKIPPABLE

Started cinematic 'Prologue'

Opening sequience changing sequences.

Started cinematic 'Prologue'

Setting skip mode: SKIP_PROMPT

Opening sequience skipping.

Setting skip mode: NOT_SKIPPABLE

Skipped cinematic 'Prologue'

Stopped cinematic 'Prologue'

Started cinematic 'Intro'

Opening sequience changing sequences.

Started cinematic 'Intro'

Setting skip mode: SKIP_PROMPT

Opening sequience skipping.

Setting skip mode: NOT_SKIPPABLE

Skipped cinematic 'Intro'

Stopped cinematic 'Intro'

Setting skip mode: NOT_SKIPPABLE

Opening sequience changing sequences.

AddEventHandlerComponent: PlayMakerFixedUpdate

AddEventHandlerComponent: PlayMakerFixedUpdate

AddEventHandlerComponent: PlayMakerFixedUpdate

AddEventHandlerComponent: PlayMakerFixedUpdate

AddEventHandlerComponent: PlayMakerFixedUpdate

AddEventHandlerComponent: PlayMakerFixedUpdate

AddEventHandlerComponent: PlayMakerFixedUpdate

AddEventHandlerComponent: PlayMakerFixedUpdate

AddEventHandlerComponent: PlayMakerFixedUpdate

PlayMakerUnity2DProxy requires the 'PlayMaker Unity 2D' Prefab in the Scene.
Use the menu 'PlayMaker/Addons/Unity 2D/Components/Add PlayMakerUnity2D to Scene' to correct the situation

PlayMakerUnity2DProxy requires the 'PlayMaker Unity 2D' Prefab in the Scene.
Use the menu 'PlayMaker/Addons/Unity 2D/Components/Add PlayMakerUnity2D to Scene' to correct the situation

PlayMakerUnity2DProxy requires the 'PlayMaker Unity 2D' Prefab in the Scene.
Use the menu 'PlayMaker/Addons/Unity 2D/Components/Add PlayMakerUnity2D to Scene' to correct the situation

PlayMakerUnity2DProxy requires the 'PlayMaker Unity 2D' Prefab in the Scene.
Use the menu 'PlayMaker/Addons/Unity 2D/Components/Add PlayMakerUnity2D to Scene' to correct the situation

PlayMakerUnity2DProxy requires the 'PlayMaker Unity 2D' Prefab in the Scene.
Use the menu 'PlayMaker/Addons/Unity 2D/Components/Add PlayMakerUnity2D to Scene' to correct the situation

PlayMakerUnity2DProxy requires the 'PlayMaker Unity 2D' Prefab in the Scene.
Use the menu 'PlayMaker/Addons/Unity 2D/Components/Add PlayMakerUnity2D to Scene' to correct the situation

PlayMakerUnity2DProxy requires the 'PlayMaker Unity 2D' Prefab in the Scene.
Use the menu 'PlayMaker/Addons/Unity 2D/Components/Add PlayMakerUnity2D to Scene' to correct the situation

Unloading 6 Unused Serialized files (Serialized files now loaded: 0)
UnloadTime: 1.040200 ms
AddEventHandlerComponent: PlayMakerFixedUpdate

AddEventHandlerComponent: PlayMakerFixedUpdate

AddEventHandlerComponent: PlayMakerFixedUpdate

AddEventHandlerComponent: PlayMakerFixedUpdate

AddEventHandlerComponent: PlayMakerFixedUpdate

AddEventHandlerComponent: PlayMakerFixedUpdate

AddEventHandlerComponent: PlayMakerFixedUpdate

AddEventHandlerComponent: PlayMakerFixedUpdate

AddEventHandlerComponent: PlayMakerFixedUpdate

AddEventHandlerComponent: PlayMakerFixedUpdate

AddEventHandlerComponent: PlayMakerFixedUpdate

AddEventHandlerComponent: PlayMakerFixedUpdate

AddEventHandlerComponent: PlayMakerFixedUpdate

AddEventHandlerComponent: PlayMakerFixedUpdate

AddEventHandlerComponent: PlayMakerFixedUpdate

AddEventHandlerComponent: PlayMakerFixedUpdate

AddEventHandlerComponent: PlayMakerFixedUpdate

AddEventHandlerComponent: PlayMakerFixedUpdate

AddEventHandlerComponent: PlayMakerFixedUpdate

AddEventHandlerComponent: PlayMakerFixedUpdate

AddEventHandlerComponent: PlayMakerFixedUpdate

Performing automatic level start.


Unloading 122 unused Assets to reduce memory usage. Loaded Objects now: 66818.
Total: 248.908800 ms (FindLiveObjects: 3.773500 ms CreateObjectMapping: 3.908800 ms MarkObjects: 240.443900 ms  DeleteObjects: 0.781900 ms)

Object Pool attached to GlobalPool has run out of Slash Impact R prefabs, Instantiating an additional one.

Object Pool attached to GlobalPool has run out of Strike Nail R prefabs, Instantiating an additional one.

Object Pool attached to GlobalPool has run out of Strike Nail R prefabs, Instantiating an additional one.

Object Pool attached to GlobalPool has run out of Slash Impact R prefabs, Instantiating an additional one.

Object Pool attached to GlobalPool has run out of Run Effects prefabs, Instantiating an additional one.

Object Pool attached to GlobalPool has run out of Plat Rocks prefabs, Instantiating an additional one.

Bump Height: 0.09458923

Bump Height: 0.09459305

AddEventHandlerComponent: PlayMakerFixedUpdate

AddEventHandlerComponent: PlayMakerFixedUpdate

AddEventHandlerComponent: PlayMakerFixedUpdate

AddEventHandlerComponent: PlayMakerFixedUpdate

AddEventHandlerComponent: PlayMakerFixedUpdate

AddEventHandlerComponent: PlayMakerFixedUpdate

AddEventHandlerComponent: PlayMakerFixedUpdate

AddEventHandlerComponent: PlayMakerCollisionEnter2D

AddEventHandlerComponent: PlayMakerFixedUpdate

AddEventHandlerComponent: PlayMakerFixedUpdate

AddEventHandlerComponent: PlayMakerFixedUpdate

AddEventHandlerComponent: PlayMakerFixedUpdate

AddEventHandlerComponent: PlayMakerFixedUpdate

AddEventHandlerComponent: PlayMakerFixedUpdate

Deferring level start (marked as manual).

AddEventHandlerComponent: PlayMakerFixedUpdate

AddEventHandlerComponent: PlayMakerFixedUpdate

AddEventHandlerComponent: PlayMakerFixedUpdate

AddEventHandlerComponent: PlayMakerFixedUpdate

Deferring level start (marked as manual).

Object Pool attached to GlobalPool has run out of Slash Impact R prefabs, Instantiating an additional one.

AddEventHandlerComponent: PlayMakerFixedUpdate

AddEventHandlerComponent: PlayMakerCollisionStay

AddEventHandlerComponent: PlayMakerCollisionEnter2D

AddEventHandlerComponent: PlayMakerCollisionStay2D

AddEventHandlerComponent: PlayMakerFixedUpdate

AddEventHandlerComponent: PlayMakerCollisionStay

AddEventHandlerComponent: PlayMakerCollisionEnter2D

AddEventHandlerComponent: PlayMakerCollisionStay2D

AddEventHandlerComponent: PlayMakerFixedUpdate

AddEventHandlerComponent: PlayMakerCollisionStay

AddEventHandlerComponent: PlayMakerCollisionEnter2D

AddEventHandlerComponent: PlayMakerCollisionStay2D

AddEventHandlerComponent: PlayMakerFixedUpdate

AddEventHandlerComponent: PlayMakerCollisionStay

AddEventHandlerComponent: PlayMakerCollisionEnter2D

AddEventHandlerComponent: PlayMakerCollisionStay2D

AddEventHandlerComponent: PlayMakerFixedUpdate

AddEventHandlerComponent: PlayMakerCollisionStay

AddEventHandlerComponent: PlayMakerCollisionEnter2D

AddEventHandlerComponent: PlayMakerCollisionStay2D

AddEventHandlerComponent: PlayMakerFixedUpdate

AddEventHandlerComponent: PlayMakerCollisionStay

AddEventHandlerComponent: PlayMakerCollisionEnter2D

AddEventHandlerComponent: PlayMakerCollisionStay2D

AddEventHandlerComponent: PlayMakerFixedUpdate

AddEventHandlerComponent: PlayMakerCollisionStay

AddEventHandlerComponent: PlayMakerCollisionEnter2D

AddEventHandlerComponent: PlayMakerCollisionStay2D

AddEventHandlerComponent: PlayMakerFixedUpdate

AddEventHandlerComponent: PlayMakerCollisionStay

AddEventHandlerComponent: PlayMakerCollisionEnter2D

AddEventHandlerComponent: PlayMakerCollisionStay2D

AddEventHandlerComponent: PlayMakerFixedUpdate

AddEventHandlerComponent: PlayMakerCollisionStay

AddEventHandlerComponent: PlayMakerCollisionEnter2D

AddEventHandlerComponent: PlayMakerCollisionStay2D

AddEventHandlerComponent: PlayMakerFixedUpdate

Deferring level start (marked as manual).

Object Pool attached to GlobalPool has run out of Run Effects prefabs, Instantiating an additional one.

Object Pool attached to GlobalPool has run out of Strike Nail R prefabs, Instantiating an additional one.

AddEventHandlerComponent: PlayMakerFixedUpdate

AddEventHandlerComponent: PlayMakerFixedUpdate

Deferring level start (marked as manual).

PlayerData: Could not find field named , check variable name exists and FSM variable string is correct.

AddEventHandlerComponent: PlayMakerFixedUpdate

AddEventHandlerComponent: PlayMakerFixedUpdate

AddEventHandlerComponent: PlayMakerFixedUpdate

AddEventHandlerComponent: PlayMakerFixedUpdate

Deferring level start (marked as manual).

Object Pool attached to GlobalPool has run out of Plat Dust prefabs, Instantiating an additional one.

Object Pool attached to GlobalPool has run out of Plat Dust prefabs, Instantiating an additional one.

Object Pool attached to GlobalPool has run out of Plat Stream Dust prefabs, Instantiating an additional one.

Object Pool attached to GlobalPool has run out of Plat Stream Dust prefabs, Instantiating an additional one.

AddEventHandlerComponent: PlayMakerFixedUpdate

AddEventHandlerComponent: PlayMakerFixedUpdate

AddEventHandlerComponent: PlayMakerFixedUpdate

AddEventHandlerComponent: PlayMakerFixedUpdate

Deferring level start (marked as manual).

AddEventHandlerComponent: PlayMakerFixedUpdate

AddEventHandlerComponent: PlayMakerFixedUpdate

AddEventHandlerComponent: PlayMakerFixedUpdate

AddEventHandlerComponent: PlayMakerFixedUpdate

AddEventHandlerComponent: PlayMakerFixedUpdate

AddEventHandlerComponent: PlayMakerFixedUpdate

AddEventHandlerComponent: PlayMakerFixedUpdate

AddEventHandlerComponent: PlayMakerFixedUpdate

Deferring level start (marked as manual).

Object Pool attached to GlobalPool has run out of Plat Rocks prefabs, Instantiating an additional one.

AddEventHandlerComponent: PlayMakerFixedUpdate

AddEventHandlerComponent: PlayMakerFixedUpdate

AddEventHandlerComponent: PlayMakerFixedUpdate

AddEventHandlerComponent: PlayMakerFixedUpdate

AddEventHandlerComponent: PlayMakerFixedUpdate

AddEventHandlerComponent: PlayMakerFixedUpdate

AddEventHandlerComponent: PlayMakerFixedUpdate

AddEventHandlerComponent: PlayMakerFixedUpdate

AddEventHandlerComponent: PlayMakerFixedUpdate

AddEventHandlerComponent: PlayMakerFixedUpdate

AddEventHandlerComponent: PlayMakerFixedUpdate

AddEventHandlerComponent: PlayMakerFixedUpdate

AddEventHandlerComponent: PlayMakerFixedUpdate

AddEventHandlerComponent: PlayMakerFixedUpdate

AddEventHandlerComponent: PlayMakerFixedUpdate

AddEventHandlerComponent: PlayMakerFixedUpdate

AddEventHandlerComponent: PlayMakerFixedUpdate

AddEventHandlerComponent: PlayMakerFixedUpdate

AddEventHandlerComponent: PlayMakerFixedUpdate

AddEventHandlerComponent: PlayMakerFixedUpdate

AddEventHandlerComponent: PlayMakerFixedUpdate

AddEventHandlerComponent: PlayMakerFixedUpdate

AddEventHandlerComponent: PlayMakerFixedUpdate

AddEventHandlerComponent: PlayMakerFixedUpdate

AddEventHandlerComponent: PlayMakerFixedUpdate

AddEventHandlerComponent: PlayMakerFixedUpdate

AddEventHandlerComponent: PlayMakerFixedUpdate

AddEventHandlerComponent: PlayMakerFixedUpdate

AddEventHandlerComponent: PlayMakerFixedUpdate

AddEventHandlerComponent: PlayMakerFixedUpdate

AddEventHandlerComponent: PlayMakerFixedUpdate

AddEventHandlerComponent: PlayMakerFixedUpdate

AddEventHandlerComponent: PlayMakerFixedUpdate

AddEventHandlerComponent: PlayMakerFixedUpdate

AddEventHandlerComponent: PlayMakerFixedUpdate

Deferring level start (marked as manual).

AddEventHandlerComponent: PlayMakerFixedUpdate

AddEventHandlerComponent: PlayMakerFixedUpdate

AddEventHandlerComponent: PlayMakerFixedUpdate

AddEventHandlerComponent: PlayMakerFixedUpdate

AddEventHandlerComponent: PlayMakerFixedUpdate

AddEventHandlerComponent: PlayMakerFixedUpdate

AddEventHandlerComponent: PlayMakerFixedUpdate

AddEventHandlerComponent: PlayMakerFixedUpdate

AddEventHandlerComponent: PlayMakerFixedUpdate

Deferring level start (marked as manual).

AddEventHandlerComponent: PlayMakerFixedUpdate

AddEventHandlerComponent: PlayMakerFixedUpdate

AddEventHandlerComponent: PlayMakerFixedUpdate

AddEventHandlerComponent: PlayMakerFixedUpdate

AddEventHandlerComponent: PlayMakerFixedUpdate

AddEventHandlerComponent: PlayMakerFixedUpdate

Deferring level start (marked as manual).

AddEventHandlerComponent: PlayMakerFixedUpdate

Object Pool attached to GlobalPool could not find a copy of Hit Puff Large, Instantiating a new one.

Object Pool attached to GlobalPool has run out of Hit Puff Large prefabs, Instantiating an additional one.

AddEventHandlerComponent: PlayMakerFixedUpdate

AddEventHandlerComponent: PlayMakerFixedUpdate

AddEventHandlerComponent: PlayMakerFixedUpdate

Deferring level start (marked as manual).

AddEventHandlerComponent: PlayMakerFixedUpdate

AddEventHandlerComponent: PlayMakerFixedUpdate

AddEventHandlerComponent: PlayMakerFixedUpdate

AddEventHandlerComponent: PlayMakerFixedUpdate

AddEventHandlerComponent: PlayMakerFixedUpdate

Additively loaded scene: Crossroads_10_boss in sequence

Object Pool attached to GlobalPool has run out of Particle Rock Small prefabs, Instantiating an additional one.

Object Pool attached to GlobalPool has run out of Particle Rock Small prefabs, Instantiating an additional one.

Object Pool attached to GlobalPool has run out of Particle Rock Small prefabs, Instantiating an additional one.

Object Pool attached to GlobalPool has run out of Particle Rock Small prefabs, Instantiating an additional one.

Object Pool attached to GlobalPool has run out of Particle Rock Small prefabs, Instantiating an additional one.

Object Pool attached to GlobalPool has run out of Particle Rock Small prefabs, Instantiating an additional one.

Object Pool attached to GlobalPool has run out of Particle Rock Small prefabs, Instantiating an additional one.

Object Pool attached to GlobalPool has run out of Particle Rock Small prefabs, Instantiating an additional one.

Object Pool attached to GlobalPool has run out of Particle Rock Small prefabs, Instantiating an additional one.

Object Pool attached to GlobalPool has run out of Particle Rock Small prefabs, Instantiating an additional one.

Object Pool attached to GlobalPool has run out of Particle Rock Small prefabs, Instantiating an additional one.

Object Pool attached to GlobalPool has run out of Particle Rock Small prefabs, Instantiating an additional one.

Object Pool attached to GlobalPool has run out of Particle Rock Small prefabs, Instantiating an additional one.

Object Pool attached to GlobalPool has run out of Particle Rock Small prefabs, Instantiating an additional one.

Object Pool attached to GlobalPool has run out of Particle Rock Small prefabs, Instantiating an additional one.

Object Pool attached to GlobalPool has run out of Particle Rock Small prefabs, Instantiating an additional one.

Object Pool attached to GlobalPool has run out of Particle Rock Small prefabs, Instantiating an additional one.

Object Pool attached to GlobalPool has run out of Particle Rock Small prefabs, Instantiating an additional one.

Object Pool attached to GlobalPool has run out of Particle Rock Small prefabs, Instantiating an additional one.

Object Pool attached to GlobalPool has run out of Particle Rock Small prefabs, Instantiating an additional one.

Object Pool attached to GlobalPool has run out of Run Effects prefabs, Instantiating an additional one.

Object Pool attached to GlobalPool could not find a copy of Dust Hit Plume R, Instantiating a new one.

AddEventHandlerComponent: PlayMakerFixedUpdate

Object Pool attached to GlobalPool has run out of Shockwave Spurt L prefabs, Instantiating an additional one.

Object Pool attached to GlobalPool has run out of Shockwave Spurt L prefabs, Instantiating an additional one.

Object Pool attached to GlobalPool has run out of Shockwave Spurt L prefabs, Instantiating an additional one.

Object Pool attached to GlobalPool has run out of Shockwave Spurt L prefabs, Instantiating an additional one.

Object Pool attached to GlobalPool has run out of Shockwave Spurt L prefabs, Instantiating an additional one.

Object Pool attached to GlobalPool has run out of Shockwave Spurt L prefabs, Instantiating an additional one.

Object Pool attached to GlobalPool has run out of Shockwave Spurt L prefabs, Instantiating an additional one.

Object Pool attached to GlobalPool has run out of Shockwave Spurt L prefabs, Instantiating an additional one.

Object Pool attached to GlobalPool has run out of Shockwave Spurt L prefabs, Instantiating an additional one.

Object Pool attached to GlobalPool has run out of Shockwave Spurt L prefabs, Instantiating an additional one.

Object Pool attached to GlobalPool has run out of Shockwave Spurt L prefabs, Instantiating an additional one.

Object Pool attached to GlobalPool has run out of Shockwave Spurt L prefabs, Instantiating an additional one.

Object Pool attached to GlobalPool has run out of Shockwave Spurt L prefabs, Instantiating an additional one.

Object Pool attached to GlobalPool has run out of Shockwave Spurt L prefabs, Instantiating an additional one.

Object Pool attached to GlobalPool has run out of Shockwave Spurt L prefabs, Instantiating an additional one.

Object Pool attached to GlobalPool has run out of Shockwave Spurt L prefabs, Instantiating an additional one.

Object Pool attached to GlobalPool has run out of Shockwave Spurt L prefabs, Instantiating an additional one.

Object Pool attached to GlobalPool has run out of Shockwave Spurt L prefabs, Instantiating an additional one.

Object Pool attached to GlobalPool has run out of Shockwave Spurt L prefabs, Instantiating an additional one.

Object Pool attached to GlobalPool has run out of Shockwave Spurt L prefabs, Instantiating an additional one.

Object Pool attached to GlobalPool has run out of Shockwave Spurt L prefabs, Instantiating an additional one.

Object Pool attached to GlobalPool has run out of Shockwave Spurt L prefabs, Instantiating an additional one.

Object Pool attached to GlobalPool has run out of Shockwave Spurt L prefabs, Instantiating an additional one.

Object Pool attached to GlobalPool has run out of Shockwave Spurt L prefabs, Instantiating an additional one.

Object Pool attached to GlobalPool has run out of Shockwave Spurt L prefabs, Instantiating an additional one.

Object Pool attached to GlobalPool has run out of Shockwave Spurt L prefabs, Instantiating an additional one.

Object Pool attached to GlobalPool has run out of Shockwave Spurt L prefabs, Instantiating an additional one.

AddEventHandlerComponent: PlayMakerFixedUpdate

Object Pool attached to GlobalPool has run out of Dust Hit Plume R prefabs, Instantiating an additional one.

AddEventHandlerComponent: PlayMakerFixedUpdate

AddEventHandlerComponent: PlayMakerFixedUpdate

AddEventHandlerComponent: PlayMakerFixedUpdate

AddEventHandlerComponent: PlayMakerFixedUpdate

AddEventHandlerComponent: PlayMakerFixedUpdate

AddEventHandlerComponent: PlayMakerFixedUpdate

AddEventHandlerComponent: PlayMakerFixedUpdate

Cannot use 'velocity' on a static body.

Cannot use 'velocity' on a static body.

Cannot use 'velocity' on a static body.

Cannot use 'velocity' on a static body.

Cannot use 'velocity' on a static body.

Object Pool attached to GlobalPool has run out of Particle Rock Tiny Transient Plain prefabs, Instantiating an additional one.

Cannot use 'velocity' on a static body.

Object Pool attached to GlobalPool has run out of Particle Rock Tiny Transient Plain prefabs, Instantiating an additional one.

Cannot use 'velocity' on a static body.

Object Pool attached to GlobalPool has run out of Particle Rock Tiny Transient Plain prefabs, Instantiating an additional one.

Cannot use 'velocity' on a static body.

Object Pool attached to GlobalPool has run out of Particle Rock Tiny Transient Plain prefabs, Instantiating an additional one.

Cannot use 'velocity' on a static body.

Object Pool attached to GlobalPool has run out of Particle Rock Tiny Transient Plain prefabs, Instantiating an additional one.

Cannot use 'velocity' on a static body.

Object Pool attached to GlobalPool has run out of Particle Rock Tiny Transient Plain prefabs, Instantiating an additional one.

Cannot use 'velocity' on a static body.

Object Pool attached to GlobalPool has run out of Particle Rock Tiny Transient Plain prefabs, Instantiating an additional one.

Cannot use 'velocity' on a static body.

Object Pool attached to GlobalPool has run out of Particle Rock Tiny Transient Plain prefabs, Instantiating an additional one.

Cannot use 'velocity' on a static body.

Object Pool attached to GlobalPool has run out of Particle Rock Tiny Transient Plain prefabs, Instantiating an additional one.

Cannot use 'velocity' on a static body.

Object Pool attached to GlobalPool has run out of Particle Rock Tiny Transient Plain prefabs, Instantiating an additional one.

Cannot use 'velocity' on a static body.

Object Pool attached to GlobalPool has run out of Particle Rock Tiny Transient Plain prefabs, Instantiating an additional one.

Cannot use 'velocity' on a static body.

Object Pool attached to GlobalPool has run out of Particle Rock Tiny Transient Plain prefabs, Instantiating an additional one.

Cannot use 'velocity' on a static body.

Object Pool attached to GlobalPool has run out of Particle Rock Tiny Transient Plain prefabs, Instantiating an additional one.

Cannot use 'velocity' on a static body.

Object Pool attached to GlobalPool has run out of Particle Rock Tiny Transient Plain prefabs, Instantiating an additional one.

Cannot use 'velocity' on a static body.

Object Pool attached to GlobalPool has run out of Particle Rock Tiny Transient Plain prefabs, Instantiating an additional one.

Cannot use 'velocity' on a static body.

Object Pool attached to GlobalPool has run out of Particle Rock Tiny Transient Plain prefabs, Instantiating an additional one.

Cannot use 'velocity' on a static body.

Object Pool attached to GlobalPool has run out of Particle Rock Tiny Transient Plain prefabs, Instantiating an additional one.

Cannot use 'velocity' on a static body.

Object Pool attached to GlobalPool has run out of Particle Rock Tiny Transient Plain prefabs, Instantiating an additional one.

Cannot use 'velocity' on a static body.

Object Pool attached to GlobalPool has run out of Particle Rock Tiny Transient Plain prefabs, Instantiating an additional one.

Cannot use 'velocity' on a static body.

Object Pool attached to GlobalPool has run out of Particle Rock Tiny Transient Plain prefabs, Instantiating an additional one.

Cannot use 'velocity' on a static body.

Object Pool attached to GlobalPool has run out of Particle Rock Tiny Transient Plain prefabs, Instantiating an additional one.

Cannot use 'velocity' on a static body.

Object Pool attached to GlobalPool has run out of Particle Rock Tiny Transient Plain prefabs, Instantiating an additional one.

Cannot use 'velocity' on a static body.

Object Pool attached to GlobalPool has run out of Particle Rock Tiny Transient Plain prefabs, Instantiating an additional one.

Cannot use 'velocity' on a static body.

Object Pool attached to GlobalPool has run out of Particle Rock Tiny Transient Plain prefabs, Instantiating an additional one.

Cannot use 'velocity' on a static body.

Object Pool attached to GlobalPool has run out of Particle Rock Tiny Transient Plain prefabs, Instantiating an additional one.

Cannot use 'velocity' on a static body.

AddEventHandlerComponent: PlayMakerFixedUpdate

Object Pool attached to GlobalPool has run out of Shockwave Spurt prefabs, Instantiating an additional one.

Object Pool attached to GlobalPool has run out of Shockwave Spurt prefabs, Instantiating an additional one.

Object Pool attached to GlobalPool has run out of Shockwave Spurt prefabs, Instantiating an additional one.

Object Pool attached to GlobalPool has run out of Shockwave Spurt prefabs, Instantiating an additional one.

Object Pool attached to GlobalPool has run out of Shockwave Spurt prefabs, Instantiating an additional one.

Object Pool attached to GlobalPool has run out of Shockwave Spurt prefabs, Instantiating an additional one.

Object Pool attached to GlobalPool has run out of Shockwave Spurt prefabs, Instantiating an additional one.

Object Pool attached to GlobalPool has run out of Shockwave Spurt prefabs, Instantiating an additional one.

Object Pool attached to GlobalPool has run out of Shockwave Spurt prefabs, Instantiating an additional one.

Object Pool attached to GlobalPool has run out of Shockwave Spurt prefabs, Instantiating an additional one.

Object Pool attached to GlobalPool has run out of Shockwave Spurt prefabs, Instantiating an additional one.

Object Pool attached to GlobalPool has run out of Shockwave Spurt prefabs, Instantiating an additional one.

Object Pool attached to GlobalPool has run out of Shockwave Spurt prefabs, Instantiating an additional one.

Object Pool attached to GlobalPool has run out of Shockwave Spurt prefabs, Instantiating an additional one.

Object Pool attached to GlobalPool has run out of Shockwave Spurt prefabs, Instantiating an additional one.

Object Pool attached to GlobalPool has run out of Shockwave Spurt prefabs, Instantiating an additional one.

Object Pool attached to GlobalPool has run out of Shockwave Spurt prefabs, Instantiating an additional one.

Object Pool attached to GlobalPool has run out of Shockwave Spurt prefabs, Instantiating an additional one.

Object Pool attached to GlobalPool has run out of Shockwave Spurt prefabs, Instantiating an additional one.

Object Pool attached to GlobalPool has run out of Run Effects prefabs, Instantiating an additional one.

Object Pool attached to GlobalPool has run out of particle_orange blood prefabs, Instantiating an additional one.

Object Pool attached to GlobalPool has run out of particle_orange blood prefabs, Instantiating an additional one.

Object Pool attached to GlobalPool has run out of particle_orange blood prefabs, Instantiating an additional one.

Object Pool attached to GlobalPool has run out of particle_orange blood prefabs, Instantiating an additional one.

Object Pool attached to GlobalPool has run out of particle_orange blood prefabs, Instantiating an additional one.

Object Pool attached to GlobalPool has run out of particle_orange blood prefabs, Instantiating an additional one.

Object Pool attached to GlobalPool has run out of particle_orange blood prefabs, Instantiating an additional one.

Object Pool attached to GlobalPool has run out of particle_orange blood prefabs, Instantiating an additional one.

Object Pool attached to GlobalPool has run out of particle_orange blood prefabs, Instantiating an additional one.

Object Pool attached to GlobalPool has run out of particle_orange blood prefabs, Instantiating an additional one.

Object Pool attached to GlobalPool has run out of particle_orange blood prefabs, Instantiating an additional one.

Object Pool attached to GlobalPool has run out of particle_orange blood prefabs, Instantiating an additional one.

Object Pool attached to GlobalPool has run out of particle_orange blood prefabs, Instantiating an additional one.

Object Pool attached to GlobalPool has run out of particle_orange blood prefabs, Instantiating an additional one.

Object Pool attached to GlobalPool has run out of particle_orange blood prefabs, Instantiating an additional one.

Object Pool attached to GlobalPool could not find a copy of Audio Player NoDestroy, Instantiating a new one.

AddEventHandlerComponent: PlayMakerFixedUpdate

AddEventHandlerComponent: PlayMakerFixedUpdate

PlayOneShot was called with a null AudioClip.

Object Pool attached to GlobalPool could not find a copy of Relic Get Msg, Instantiating a new one.

Deferring level start (marked as manual).

Deferring level start (marked as manual).

AddEventHandlerComponent: PlayMakerFixedUpdate

AddEventHandlerComponent: PlayMakerFixedUpdate

AddEventHandlerComponent: PlayMakerFixedUpdate

AddEventHandlerComponent: PlayMakerFixedUpdate

AddEventHandlerComponent: PlayMakerFixedUpdate

AddEventHandlerComponent: PlayMakerFixedUpdate

AddEventHandlerComponent: PlayMakerFixedUpdate

AddEventHandlerComponent: PlayMakerFixedUpdate

AddEventHandlerComponent: PlayMakerFixedUpdate

AddEventHandlerComponent: PlayMakerFixedUpdate

AddEventHandlerComponent: PlayMakerFixedUpdate

AddEventHandlerComponent: PlayMakerFixedUpdate

AddEventHandlerComponent: PlayMakerFixedUpdate

AddEventHandlerComponent: PlayMakerFixedUpdate

AddEventHandlerComponent: PlayMakerFixedUpdate

AddEventHandlerComponent: PlayMakerFixedUpdate

AddEventHandlerComponent: PlayMakerFixedUpdate

AddEventHandlerComponent: PlayMakerFixedUpdate

AddEventHandlerComponent: PlayMakerFixedUpdate

AddEventHandlerComponent: PlayMakerFixedUpdate

AddEventHandlerComponent: PlayMakerFixedUpdate

AddEventHandlerComponent: PlayMakerFixedUpdate

AddEventHandlerComponent: PlayMakerFixedUpdate

AddEventHandlerComponent: PlayMakerFixedUpdate

AddEventHandlerComponent: PlayMakerFixedUpdate

Deferring level start (marked as manual).

Object Pool attached to GlobalPool has run out of Audio Player NoDestroy prefabs, Instantiating an additional one.

AddEventHandlerComponent: PlayMakerFixedUpdate

Object Pool attached to GlobalPool could not find a copy of Dust Land Small, Instantiating a new one.

Object Pool attached to GlobalPool has run out of Dust Land Small prefabs, Instantiating an additional one.

Object Pool attached to GlobalPool has run out of Dust Land Small prefabs, Instantiating an additional one.

Object Pool attached to GlobalPool has run out of Dust Land Small prefabs, Instantiating an additional one.

AddEventHandlerComponent: PlayMakerFixedUpdate

AddEventHandlerComponent: PlayMakerFixedUpdate

Object Pool attached to GlobalPool has run out of Dust Land Small prefabs, Instantiating an additional one.

AddEventHandlerComponent: PlayMakerFixedUpdate

Object Pool attached to GlobalPool has run out of Fireball Top prefabs, Instantiating an additional one.

AddEventHandlerComponent: PlayMakerFixedUpdate

AddEventHandlerComponent: PlayMakerFixedUpdate

Object Pool attached to GlobalPool has run out of Fireball Top prefabs, Instantiating an additional one.

AddEventHandlerComponent: PlayMakerFixedUpdate

Object Pool attached to GlobalPool has run out of Run Effects prefabs, Instantiating an additional one.

AddEventHandlerComponent: PlayMakerFixedUpdate

Persistent Bool Item - Couldn't reset value on FSM because it's missing.

Persistent Bool Item - Couldn't reset value on FSM because it's missing.

Persistent Bool Item - Couldn't reset value on FSM because it's missing.

Persistent Bool Item - Couldn't reset value on FSM because it's missing.

Deferring level start (marked as manual).

AddEventHandlerComponent: PlayMakerFixedUpdate

AddEventHandlerComponent: PlayMakerFixedUpdate

Deferring level start (marked as manual).

AddEventHandlerComponent: PlayMakerFixedUpdate

AddEventHandlerComponent: PlayMakerCollisionStay

AddEventHandlerComponent: PlayMakerCollisionEnter2D

AddEventHandlerComponent: PlayMakerCollisionStay2D

AddEventHandlerComponent: PlayMakerFixedUpdate

AddEventHandlerComponent: PlayMakerCollisionStay

AddEventHandlerComponent: PlayMakerCollisionEnter2D

AddEventHandlerComponent: PlayMakerCollisionStay2D

AddEventHandlerComponent: PlayMakerFixedUpdate

AddEventHandlerComponent: PlayMakerCollisionStay

AddEventHandlerComponent: PlayMakerCollisionEnter2D

AddEventHandlerComponent: PlayMakerCollisionStay2D

AddEventHandlerComponent: PlayMakerFixedUpdate

AddEventHandlerComponent: PlayMakerCollisionStay

AddEventHandlerComponent: PlayMakerCollisionEnter2D

AddEventHandlerComponent: PlayMakerCollisionStay2D

AddEventHandlerComponent: PlayMakerFixedUpdate

AddEventHandlerComponent: PlayMakerCollisionStay

AddEventHandlerComponent: PlayMakerCollisionEnter2D

AddEventHandlerComponent: PlayMakerCollisionStay2D

AddEventHandlerComponent: PlayMakerFixedUpdate

AddEventHandlerComponent: PlayMakerCollisionStay

AddEventHandlerComponent: PlayMakerCollisionEnter2D

AddEventHandlerComponent: PlayMakerCollisionStay2D

AddEventHandlerComponent: PlayMakerFixedUpdate

AddEventHandlerComponent: PlayMakerCollisionStay

AddEventHandlerComponent: PlayMakerCollisionEnter2D

AddEventHandlerComponent: PlayMakerCollisionStay2D

AddEventHandlerComponent: PlayMakerFixedUpdate

AddEventHandlerComponent: PlayMakerCollisionStay

AddEventHandlerComponent: PlayMakerCollisionEnter2D

AddEventHandlerComponent: PlayMakerCollisionStay2D

AddEventHandlerComponent: PlayMakerFixedUpdate

AddEventHandlerComponent: PlayMakerCollisionStay

AddEventHandlerComponent: PlayMakerCollisionEnter2D

AddEventHandlerComponent: PlayMakerCollisionStay2D

AddEventHandlerComponent: PlayMakerFixedUpdate

Deferring level start (marked as manual).

AddEventHandlerComponent: PlayMakerFixedUpdate

AddEventHandlerComponent: PlayMakerFixedUpdate

Deferring level start (marked as manual).

Using fallback 1 to find tilemap. Scene Crossroads_11_alt requires manual fixing.

AddEventHandlerComponent: PlayMakerFixedUpdate

Object Pool attached to GlobalPool has run out of Run Effects prefabs, Instantiating an additional one.

Object Pool attached to GlobalPool has run out of Run Effects prefabs, Instantiating an additional one.

Object Pool attached to GlobalPool could not find a copy of Plat Grass, Instantiating a new one.

AddEventHandlerComponent: PlayMakerFixedUpdate

AddEventHandlerComponent: PlayMakerFixedUpdate

AddEventHandlerComponent: PlayMakerFixedUpdate

AddEventHandlerComponent: PlayMakerFixedUpdate

AddEventHandlerComponent: PlayMakerFixedUpdate

AddEventHandlerComponent: PlayMakerFixedUpdate

AddEventHandlerComponent: PlayMakerFixedUpdate

AddEventHandlerComponent: PlayMakerFixedUpdate

AddEventHandlerComponent: PlayMakerFixedUpdate

AddEventHandlerComponent: PlayMakerFixedUpdate

AddEventHandlerComponent: PlayMakerFixedUpdate

AddEventHandlerComponent: PlayMakerFixedUpdate

AddEventHandlerComponent: PlayMakerFixedUpdate

AddEventHandlerComponent: PlayMakerFixedUpdate

AddEventHandlerComponent: PlayMakerFixedUpdate

AddEventHandlerComponent: PlayMakerFixedUpdate

Deferring level start (marked as manual).

Object Pool attached to GlobalPool has run out of Plat Grass prefabs, Instantiating an additional one.

AddEventHandlerComponent: PlayMakerFixedUpdate

AddEventHandlerComponent: PlayMakerFixedUpdate

AddEventHandlerComponent: PlayMakerFixedUpdate

AddEventHandlerComponent: PlayMakerFixedUpdate

AddEventHandlerComponent: PlayMakerFixedUpdate

AddEventHandlerComponent: PlayMakerFixedUpdate

AddEventHandlerComponent: PlayMakerFixedUpdate

AddEventHandlerComponent: PlayMakerFixedUpdate

AddEventHandlerComponent: PlayMakerFixedUpdate

AddEventHandlerComponent: PlayMakerFixedUpdate

AddEventHandlerComponent: PlayMakerFixedUpdate

AddEventHandlerComponent: PlayMakerFixedUpdate

AddEventHandlerComponent: PlayMakerFixedUpdate

AddEventHandlerComponent: PlayMakerFixedUpdate

AddEventHandlerComponent: PlayMakerFixedUpdate

AddEventHandlerComponent: PlayMakerFixedUpdate

AddEventHandlerComponent: PlayMakerFixedUpdate

AddEventHandlerComponent: PlayMakerFixedUpdate

AddEventHandlerComponent: PlayMakerFixedUpdate

Deferring level start (marked as manual).

AddEventHandlerComponent: PlayMakerFixedUpdate

AddEventHandlerComponent: PlayMakerFixedUpdate

AddEventHandlerComponent: PlayMakerFixedUpdate

AddEventHandlerComponent: PlayMakerCollisionEnter2D

AddEventHandlerComponent: PlayMakerFixedUpdate

Deferring level start (marked as manual).

AddEventHandlerComponent: PlayMakerFixedUpdate

AddEventHandlerComponent: PlayMakerFixedUpdate

AddEventHandlerComponent: PlayMakerCollisionEnter2D

AddEventHandlerComponent: PlayMakerFixedUpdate

AddEventHandlerComponent: PlayMakerFixedUpdate

AddEventHandlerComponent: PlayMakerFixedUpdate

AddEventHandlerComponent: PlayMakerCollisionEnter2D

AddEventHandlerComponent: PlayMakerFixedUpdate

Deferring level start (marked as manual).

AddEventHandlerComponent: PlayMakerFixedUpdate

AddEventHandlerComponent: PlayMakerFixedUpdate

AddEventHandlerComponent: PlayMakerFixedUpdate

AddEventHandlerComponent: PlayMakerFixedUpdate

AddEventHandlerComponent: PlayMakerFixedUpdate

AddEventHandlerComponent: PlayMakerFixedUpdate

AddEventHandlerComponent: PlayMakerFixedUpdate

AddEventHandlerComponent: PlayMakerFixedUpdate

AddEventHandlerComponent: PlayMakerFixedUpdate

AddEventHandlerComponent: PlayMakerFixedUpdate

AddEventHandlerComponent: PlayMakerFixedUpdate

AddEventHandlerComponent: PlayMakerFixedUpdate

AddEventHandlerComponent: PlayMakerFixedUpdate

Deferring level start (marked as manual).

AddEventHandlerComponent: PlayMakerFixedUpdate

AddEventHandlerComponent: PlayMakerCollisionStay2D

AddEventHandlerComponent: PlayMakerFixedUpdate

AddEventHandlerComponent: PlayMakerLateUpdate

AddEventHandlerComponent: PlayMakerFixedUpdate

AddEventHandlerComponent: PlayMakerCollisionStay2D

AddEventHandlerComponent: PlayMakerFixedUpdate

AddEventHandlerComponent: PlayMakerLateUpdate

AddEventHandlerComponent: PlayMakerFixedUpdate

AddEventHandlerComponent: PlayMakerFixedUpdate

AddEventHandlerComponent: PlayMakerCollisionStay2D

AddEventHandlerComponent: PlayMakerFixedUpdate

AddEventHandlerComponent: PlayMakerLateUpdate

AddEventHandlerComponent: PlayMakerFixedUpdate

AddEventHandlerComponent: PlayMakerCollisionStay2D

AddEventHandlerComponent: PlayMakerFixedUpdate

AddEventHandlerComponent: PlayMakerLateUpdate

AddEventHandlerComponent: PlayMakerFixedUpdate

AddEventHandlerComponent: PlayMakerFixedUpdate

AddEventHandlerComponent: PlayMakerCollisionStay2D

AddEventHandlerComponent: PlayMakerFixedUpdate

AddEventHandlerComponent: PlayMakerLateUpdate

AddEventHandlerComponent: PlayMakerFixedUpdate

AddEventHandlerComponent: PlayMakerFixedUpdate

AddEventHandlerComponent: PlayMakerFixedUpdate

AddEventHandlerComponent: PlayMakerFixedUpdate

AddEventHandlerComponent: PlayMakerFixedUpdate

AddEventHandlerComponent: PlayMakerFixedUpdate

AddEventHandlerComponent: PlayMakerFixedUpdate

AddEventHandlerComponent: PlayMakerFixedUpdate

Deferring level start (marked as manual).

AddEventHandlerComponent: PlayMakerFixedUpdate

AddEventHandlerComponent: PlayMakerFixedUpdate

AddEventHandlerComponent: PlayMakerFixedUpdate

AddEventHandlerComponent: PlayMakerFixedUpdate

AddEventHandlerComponent: PlayMakerFixedUpdate

Deferring level start (marked as manual).

AddEventHandlerComponent: PlayMakerCollisionEnter2D

AddEventHandlerComponent: PlayMakerFixedUpdate

AddEventHandlerComponent: PlayMakerFixedUpdate

AddEventHandlerComponent: PlayMakerFixedUpdate

AddEventHandlerComponent: PlayMakerCollisionEnter2D

AddEventHandlerComponent: PlayMakerFixedUpdate

AddEventHandlerComponent: PlayMakerFixedUpdate

AddEventHandlerComponent: PlayMakerFixedUpdate

Could not find FSM: Attack Range Detect

Could not find FSM: Attack Range Detect

Could not find FSM: Attack Range Detect

AddEventHandlerComponent: PlayMakerFixedUpdate

AddEventHandlerComponent: PlayMakerFixedUpdate

PlayOneShot was called with a null AudioClip.

PlayOneShot was called with a null AudioClip.

PlayOneShot was called with a null AudioClip.

PlayOneShot was called with a null AudioClip.

AddEventHandlerComponent: PlayMakerFixedUpdate

AddEventHandlerComponent: PlayMakerFixedUpdate

AddEventHandlerComponent: PlayMakerFixedUpdate

AddEventHandlerComponent: PlayMakerFixedUpdate

AddEventHandlerComponent: PlayMakerFixedUpdate

AddEventHandlerComponent: PlayMakerFixedUpdate

AddEventHandlerComponent: PlayMakerFixedUpdate

AddEventHandlerComponent: PlayMakerFixedUpdate

AddEventHandlerComponent: PlayMakerFixedUpdate

AddEventHandlerComponent: PlayMakerFixedUpdate

Deferring level start (marked as manual).

AddEventHandlerComponent: PlayMakerFixedUpdate

AddEventHandlerComponent: PlayMakerFixedUpdate

AddEventHandlerComponent: PlayMakerFixedUpdate

AddEventHandlerComponent: PlayMakerFixedUpdate

AddEventHandlerComponent: PlayMakerFixedUpdate

AddEventHandlerComponent: PlayMakerFixedUpdate

AddEventHandlerComponent: PlayMakerFixedUpdate

AddEventHandlerComponent: PlayMakerFixedUpdate

Persistent Bool Item (Vine Platform (2)) does not have a PlayMakerFSM attached to read state from.

Deferring level start (marked as manual).

AddEventHandlerComponent: PlayMakerCollisionEnter2D

AddEventHandlerComponent: PlayMakerFixedUpdate

AddEventHandlerComponent: PlayMakerFixedUpdate

AddEventHandlerComponent: PlayMakerFixedUpdate

AddEventHandlerComponent: PlayMakerCollisionEnter2D

AddEventHandlerComponent: PlayMakerFixedUpdate

AddEventHandlerComponent: PlayMakerFixedUpdate

AddEventHandlerComponent: PlayMakerFixedUpdate

AddEventHandlerComponent: PlayMakerCollisionEnter2D

AddEventHandlerComponent: PlayMakerFixedUpdate

AddEventHandlerComponent: PlayMakerFixedUpdate

AddEventHandlerComponent: PlayMakerFixedUpdate

Could not find FSM: Attack Range Detect

Could not find FSM: Attack Range Detect

Could not find FSM: Attack Range Detect

Could not find FSM: Attack Range Detect

Could not find FSM: Attack Range Detect

Could not find FSM: Attack Range Detect

Deferring level start (marked as manual).

AddEventHandlerComponent: PlayMakerFixedUpdate

AddEventHandlerComponent: PlayMakerFixedUpdate

AddEventHandlerComponent: PlayMakerFixedUpdate

AddEventHandlerComponent: PlayMakerFixedUpdate

Additively loaded scene: Fungus1_04_boss in sequence

AddEventHandlerComponent: PlayMakerFixedUpdate

Bump Height: 0.0006980896

Object Pool attached to GlobalPool could not find a copy of Uninfected Hit Pt, Instantiating a new one.

Could not find FSM: health_manager_enemy

Object Pool attached to GlobalPool has run out of Uninfected Hit Pt prefabs, Instantiating an additional one.

Could not find FSM: recoil

AddEventHandlerComponent: PlayMakerFixedUpdate

Object Pool attached to GlobalPool has run out of Audio Player NoDestroy prefabs, Instantiating an additional one.

AddEventHandlerComponent: PlayMakerCollisionEnter2D

AddEventHandlerComponent: PlayMakerFixedUpdate

AddEventHandlerComponent: PlayMakerCollisionEnter2D

AddEventHandlerComponent: PlayMakerFixedUpdate

AddEventHandlerComponent: PlayMakerFixedUpdate

AddEventHandlerComponent: PlayMakerFixedUpdate

AddEventHandlerComponent: PlayMakerFixedUpdate

AddEventHandlerComponent: PlayMakerFixedUpdate

AddEventHandlerComponent: PlayMakerFixedUpdate

AddEventHandlerComponent: PlayMakerFixedUpdate

AddEventHandlerComponent: PlayMakerFixedUpdate

AddEventHandlerComponent: PlayMakerFixedUpdate

AddEventHandlerComponent: PlayMakerFixedUpdate

AddEventHandlerComponent: PlayMakerFixedUpdate

AddEventHandlerComponent: PlayMakerFixedUpdate

AddEventHandlerComponent: PlayMakerFixedUpdate

AddEventHandlerComponent: PlayMakerFixedUpdate

AddEventHandlerComponent: PlayMakerFixedUpdate

AddEventHandlerComponent: PlayMakerFixedUpdate

AddEventHandlerComponent: PlayMakerFixedUpdate

AddEventHandlerComponent: PlayMakerFixedUpdate

AddEventHandlerComponent: PlayMakerFixedUpdate

AddEventHandlerComponent: PlayMakerFixedUpdate

AddEventHandlerComponent: PlayMakerFixedUpdate

AddEventHandlerComponent: PlayMakerFixedUpdate

AddEventHandlerComponent: PlayMakerFixedUpdate

AddEventHandlerComponent: PlayMakerFixedUpdate

AddEventHandlerComponent: PlayMakerFixedUpdate

AddEventHandlerComponent: PlayMakerFixedUpdate

Deferring level start (marked as manual).

Deferring level start (marked as manual).

Unloading 60 Unused Serialized files (Serialized files now loaded: 0)

Unloading 5834 unused Assets to reduce memory usage. Loaded Objects now: 74855.
Total: 302.738800 ms (FindLiveObjects: 6.264000 ms CreateObjectMapping: 5.233800 ms MarkObjects: 272.493900 ms  DeleteObjects: 18.746500 ms)

Persistent Bool Item - Couldn't reset value on FSM because it's missing.

Persistent Bool Item - Couldn't reset value on FSM because it's missing.

Setting up 2 worker threads for Enlighten.
  Thread -> id: 2fbc -> priority: 1 
  Thread -> id: edc -> priority: 1 
Shutting down Steam API.

